Time (s),Pressure (hPa)
0.191398225,999.4995117
0.291398225,999.4978027
0.391398225,999.5131836
0.491398225,999.527832
0.591398225,999.5566406
0.691398225,999.557373
0.791398391,999.5769043
0.891398533,999.5839844
0.991398658,999.5842285
1.091398769,999.5825195
1.191398769,999.5583496
1.291398769,999.5541992
1.391398769,999.5397949
1.491398769,999.5449219
1.591398769,999.5427246
1.691398769,999.5517578
1.791398769,999.5629883
1.891398769,999.5559082
1.991398824,999.5427246
2.091398824,999.5588379
2.191398874,999.5844727
2.291398874,999.5705566
2.391398919,999.5322266
2.491398919,999.5539551
2.59139896,999.5681152
2.69139896,999.5498047
2.79139896,999.5549316
2.89139896,999.5808105
2.99139896,999.5961914
3.09139896,999.5615234
3.19139896,999.5383301
3.291398993,999.5686035
3.391399059,999.5598145
3.491399092,999.5563965
3.591399125,999.5480957
3.691399125,999.5578613
3.791399091,999.5778809
3.891399057,999.5620117
3.991399023,999.548584
4.091398989,999.5703125
4.191398989,999.5822754
4.291398989,999.5627441
4.392552143,999.5717773
4.492552143,999.6015625
4.592552143,999.6015625
4.692552209,999.5976562
4.792552242,999.5825195
4.892552275,999.5683594
4.992552241,999.5957031
5.092552274,999.6062012
5.192552207,999.5983887
5.292552207,999.590332
5.392552173,999.6022949
5.492552173,999.5976562
5.592552139,999.5944824
5.692552139,999.6079102
5.792552172,999.6281738
5.892552205,999.6181641
5.992552238,999.6008301
6.092552271,999.6010742
6.192552271,999.6086426
6.292552237,999.588623
6.39255217,999.5876465
6.492552136,999.6140137
6.592552102,999.6003418
6.692552102,999.5891113
6.792552102,999.5788574
6.892552102,999.5778809
6.992552135,999.5822754
7.092552135,999.5717773
7.192552201,999.5644531
7.292552201,999.5866699
7.392552234,999.5822754
7.492552234,999.5766602
7.592552234,999.5495605
7.692552167,999.5786133
7.792552133,999.5563965
7.892552099,999.5412598
7.992552099,999.5432129
8.092552065,999.5551758
8.192552098,999.5498047
8.292552131,999.5366211
8.392552197,999.5253906
8.49255223,999.5566406
8.592552263,999.5390625
8.692552296,999.5339355
8.792552262,999.5151367
8.892552228,999.5358887
8.992552194,999.5310059
9.09255216,999.519043
9.19255216,999.526123
9.29255216,999.5515137
9.39255216,999.5446777
9.49255216,999.5419922
9.59255216,999.5429688
9.692552193,999.5429688
9.792552193,999.5681152
9.892552226,999.5427246
9.992552192,999.5219727
10.09255219,999.5385742
10.19255212,999.5371094
10.29255212,999.5112305
10.39255209,999.5056152
10.49255209,999.5246582
10.59255209,999.5314941
10.69255209,999.5322266
10.79255212,999.517334
10.89255216,999.5266113
10.99255219,999.5214844
11.09255222,999.5087891
11.19255226,999.513916
11.29255222,999.5134277
11.39255216,999.5183105
11.49255212,999.4968262
11.59255209,999.5039062
11.69257314,999.5063477
11.79257314,999.5129395
11.89257314,999.5134277
11.99257317,999.5112305
12.09257317,999.5136719
12.1925732,999.5144043
12.2925732,999.5131836
12.39257324,999.5021973
12.49257324,999.486084
12.59257327,999.5222168
12.69257324,999.5100098
12.79257324,999.5236816
12.8925732,999.5327148
12.9925732,999.5378418
13.0925732,999.532959
13.1925732,999.5258789
13.29257324,999.5300293
13.3925733,999.5310059
13.49257334,999.5170898
13.59257337,999.519043
13.69257337,999.5185547
13.79257333,999.5146484
13.8925733,999.5192871
13.99257327,999.5195312
14.09257323,999.5334473
14.1925732,999.517334
14.2925732,999.5197754
14.3925732,999.5134277
14.4925732,999.5073242
14.5925732,999.5170898
14.69257323,999.515625
14.79257326,999.515625
14.8925733,999.5239258
14.99257326,999.543457
15.09257326,999.5246582
15.19257326,999.5368652
15.29257326,999.5422363
15.39257323,999.5371094
15.49257323,999.5219727
15.5925732,999.5
15.6925732,999.5126953
15.7925732,999.5249023
15.89257323,999.5197754
15.99257326,999.512207
16.09257329,999.5222168
16.19257329,999.5297852
16.29257326,999.5134277
16.39257319,999.5170898
16.49257316,999.5192871
16.59257312,999.5332031
16.69257313,999.526123
16.79257312,999.5317383
16.89257313,999.5368652
16.99257312,999.5478516
17.09257312,999.543457
17.19257316,999.5314941
17.29257316,999.5268555
17.39257319,999.5437012
17.49257319,999.5366211
17.59257322,999.5371094
17.69257322,999.5268555
17.79257319,999.5310059
17.89257316,999.5227051
17.99257316,999.529541
18.09257316,999.5393066
18.19257312,999.5249023
18.29257316,999.5195312
18.39257319,999.512207
18.49257322,999.5075684
18.59257325,999.512207
18.69257325,999.5126953
18.79257322,999.5180664
18.89257319,999.5087891
18.99263109,999.5043945
19.09263106,999.5170898
19.19263106,999.5246582
19.29263106,999.5273438
19.39263106,999.5305176
19.49263106,999.5280762
19.59263106,999.5246582
19.69263109,999.5222168
19.79263109,999.5219727
19.89263113,999.5161133
19.99263113,999.5161133
20.09263113,999.5158691
20.19263109,999.5180664
20.29263109,999.5085449
20.39263106,999.5024414
20.49263106,999.5080566
20.59263102,999.5056152
20.69263099,999.5053711
20.79263099,999.5065918
20.89263099,999.501709
20.99263102,999.5146484
21.09263106,999.5144043
21.19263109,999.512207
21.29263106,999.5187988
21.39263102,999.512207
21.49263099,999.5100098
21.59263095,999.5192871
21.69263095,999.5083008
21.79263095,999.5134277
21.89263095,999.5131836
21.99263095,999.5185547
22.09263095,999.5366211
22.19263102,999.5158691
22.29263102,999.5146484
22.39263105,999.5229492
22.49263105,999.5080566
22.59263105,999.5041504
22.69263102,999.5009766
22.79263102,999.5004883
22.89263098,999.5031738
22.99263098,999.4970703
23.09263098,999.5075684
23.19263098,999.5202637
23.29263102,999.4970703
23.39263108,999.4897461
23.49263112,999.4841309
23.59263115,999.4978027
23.69263115,999.5100098
23.79263118,999.5
23.89263118,999.5056152
23.99263115,999.5202637
24.09263111,999.5085449
24.19263108,999.5153809
24.29263108,999.5061035
24.39263108,999.501709
24.49263111,999.5134277
24.59263111,999.5231934
24.69263115,999.5053711
24.79263118,999.5131836
24.89263121,999.5095215
24.99263121,999.5166016
25.09263125,999.5166016
25.19263118,999.5100098
25.29263118,999.5007324
25.39263114,999.5187988
25.49263114,999.5227051
25.59263114,999.5244141
25.69263114,999.5231934
25.79263114,999.5275879
25.89263121,999.5258789
25.99263124,999.5222168
26.09263128,999.5356445
26.19263128,999.5390625
26.29271128,999.5356445
26.39271122,999.5209961
26.49271118,999.5283203
26.59271115,999.5339355
26.69271115,999.526123
26.79271131,999.5292969
26.89271131,999.5488281
26.99271131,999.5419922
27.09271131,999.53125
27.19271135,999.5249023
27.29271138,999.5205078
27.39271141,999.5246582
27.49271138,999.5327148
27.59271138,999.5290527
27.69271134,999.5510254
27.79271134,999.5449219
27.89271131,999.5537109
27.99271131,999.5356445
28.09271128,999.5310059
28.19271128,999.5280762
28.29271131,999.5283203
28.39271134,999.5439453
28.49271138,999.5327148
28.59271141,999.5275879
28.69271141,999.5307617
28.79271141,999.5263672
28.89271134,999.5214844
28.99271131,999.5163574
29.09271127,999.5163574
29.19271127,999.5153809
29.29271127,999.515625
29.39271127,999.5256348
29.49271131,999.5244141
29.59271131,999.5292969
29.69271134,999.5180664
29.79271114,999.5178223
29.89271117,999.5095215
29.99271117,999.5031738
30.09271117,999.5280762
30.19271114,999.5280762
30.2927111,999.5275879
30.39271107,999.526123
30.49271107,999.5241699
30.59271107,999.5422363
30.69271107,999.5368652
30.79271107,999.5334473
30.89271114,999.5170898
30.9927112,999.5427246
31.09271124,999.5517578
31.19271127,999.5568848
31.29271123,999.5510254
31.3927112,999.5551758
31.49271117,999.5495605
31.59271113,999.5456543
31.69271113,999.5532227
31.79271113,999.5532227
31.89271113,999.5583496
31.99271117,999.5634766
32.09271117,999.5703125
32.1927112,999.5778809
32.2927112,999.5766602
32.39271123,999.5773926
32.4927112,999.5681152
32.59271123,999.550293
32.6927112,999.5568848
32.7927112,999.5593262
32.89271116,999.5532227
32.99271116,999.5783691
33.09271116,999.5712891
33.19271116,999.5717773
33.2927112,999.5754395
33.39271126,999.5688477
33.49276632,999.5722656
33.59276635,999.5720215
33.69276635,999.5627441
33.79276631,999.5693359
33.89276625,999.5627441
33.99276618,999.5661621
34.09276615,999.5834961
34.19276611,999.576416
34.29276611,999.5739746
34.39276611,999.5732422
34.49276611,999.5654297
34.59276611,999.576416
34.69276614,999.5712891
34.79276611,999.5646973
34.89276614,999.5720215
34.99276611,999.5698242
35.09276611,999.5656738
35.19276608,999.5800781
35.29276608,999.5800781
35.39276604,999.5754395
35.49276604,999.5661621
35.59276601,999.5583496
35.69276601,999.564209
35.79276604,999.5402832
35.89276611,999.541748
35.99276614,999.5517578
36.09276617,999.546875
36.19276617,999.5466309
36.29276614,999.5444336
36.39276607,999.5578613
36.49276604,999.5612793
36.592766,999.5759277
36.692766,999.5629883
36.792766,999.5561523
36.892766,999.5644531
36.99276604,999.5585938
37.09276604,999.5576172
37.19276607,999.559082
37.29276607,999.5683594
37.3927661,999.5708008
37.4927661,999.5705566
37.5927661,999.5649414
37.69276607,999.5671387
37.7927661,999.5559082
37.89276607,999.5493164
37.99276607,999.5646973
38.09276607,999.567627
38.19276607,999.5891113
38.2927661,999.5786133
38.39276613,999.5778809
38.4927662,999.5769043
38.59276623,999.5825195
38.69276623,999.567627
38.7927662,999.5871582
38.8927661,999.588623
38.99276607,999.5947266
39.09276603,999.5810547
39.19276603,999.5737305
39.29276603,999.5732422
39.39276603,999.5808105
39.49276606,999.574707
39.59276606,999.5690918
39.6927661,999.576416
39.79276616,999.5847168
39.8927662,999.5715332
39.99276616,999.5895996
40.09276616,999.5695801
40.19276613,999.578125
40.29276613,999.5661621
40.39276609,999.5661621
40.49276609,999.5786133
40.59276609,999.578125
40.69276609,999.5693359
40.7928085,999.5756836
40.89280847,999.5793457
40.9928085,999.5795898
41.09280853,999.5830078
41.19280853,999.5710449
41.2928085,999.5671387
41.39280846,999.5869141
41.4928084,999.5856934
41.59280836,999.5876465
41.69280836,999.5839844
41.79280836,999.5695801
41.8928084,999.5627441
41.99280843,999.560791
42.09280843,999.5671387
42.19280846,999.5776367
42.29280846,999.565918
42.3928085,999.5664062
42.49280846,999.5751953
42.59280846,999.5717773
42.69280843,999.5686035
42.79280836,999.557373
42.89280833,999.5622559
42.99280833,999.5668945
43.09280833,999.5524902
43.19280833,999.5385742
43.29280836,999.5456543
43.39280839,999.5236816
43.49280843,999.5273438
43.59280846,999.5241699
43.69280846,999.5307617
43.79280839,999.5302734
43.89280843,999.5344238
43.99280839,999.5273438
44.09280836,999.5253906
44.19280836,999.5195312
44.29280836,999.5178223
44.39280836,999.5080566
44.49280836,999.4973145
44.59280836,999.5041504
44.69280839,999.5061035
44.79280839,999.510498
44.89280842,999.510498
44.99280839,999.5249023
45.09280839,999.5256348
45.19280836,999.5246582
45.29280836,999.5302734
45.39280832,999.5366211
45.49280832,999.5366211
45.59280832,999.5280762
45.69280832,999.5380859
45.79280839,999.5327148
45.89280839,999.5290527
45.99280842,999.536377
46.09280845,999.5273438
46.19280849,999.5192871
46.29280845,999.5300293
46.39280842,999.5270996
46.49280838,999.5314941
46.59280835,999.5170898
46.69280835,999.5253906
46.79280835,999.5305176
46.89280835,999.5356445
46.99280838,999.5385742
47.09280838,999.5449219
47.19280842,999.545166
47.29280845,999.5483398
47.39280848,999.5356445
47.49280848,999.5424805
47.59280852,999.5397949
47.69280848,999.5424805
47.79280845,999.5498047
47.89280841,999.5559082
47.99280841,999.5505371
48.09286231,999.5449219
48.19286231,999.5358887
48.29286234,999.5461426
48.39286237,999.5393066
48.4928624,999.534668
48.59286244,999.5441895
48.69286244,999.5378418
48.79286237,999.5405273
48.89286237,999.5454102
48.99286234,999.5249023
49.0928623,999.5209961
49.19286227,999.515625
49.29286227,999.5187988
49.39286227,999.529541
49.49286227,999.5224609
49.59286227,999.5192871
49.6928623,999.5246582
49.7928623,999.5222168
49.89286233,999.5166016
49.9928623,999.5166016
50.09286233,999.512207
50.1928623,999.5217285
50.29286227,999.5161133
50.39286223,999.5187988
50.49286223,999.5136719
50.5928622,999.5136719
50.6928622,999.5222168
50.79286223,999.5258789
50.89286223,999.5236816
50.99286223,999.5290527
51.09286226,999.5332031
51.1928623,999.5224609
51.29286226,999.5275879
51.39286223,999.5266113
51.49286219,999.5324707
51.59286216,999.5317383
51.69286216,999.5336914
51.79286216,999.5336914
51.89286216,999.5388184
51.99286219,999.5205078
52.09286219,999.5102539
52.19286223,999.5070801
52.29286226,999.5217285
52.39286229,999.5234375
52.49286229,999.5158691
52.59286229,999.5351562
52.69286226,999.5327148
52.79286226,999.5246582
52.89286222,999.5241699
52.99286222,999.503418
53.09286219,999.5209961
53.19286219,999.5148926
53.29286222,999.5168457
53.39286226,999.5195312
53.49286229,999.5234375
53.59286232,999.517334
53.69286236,999.5114746
53.79286232,999.5170898
53.89286232,999.5249023
53.99286232,999.5192871
54.09286229,999.5168457
54.19286225,999.5234375
54.29286225,999.53125
54.39286225,999.5397949
54.49286229,999.5244141
54.59286229,999.53125
54.69286232,999.5217285
54.79286232,999.5273438
54.89286235,999.5366211
54.99286232,999.5327148
55.09286232,999.5395508
55.19286228,999.5512695
55.29286225,999.5476074
55.39291361,999.543457
55.49291361,999.5437012
55.59291361,999.536377
55.69291361,999.536377
55.79291364,999.5322266
55.89291364,999.5324707
55.99291367,999.5270996
56.09291371,999.5358887
56.19291374,999.5407715
56.29291371,999.5356445
56.39291367,999.5327148
56.49291364,999.5290527
56.5929136,999.5327148
56.69291357,999.5427246
56.79291357,999.5527344
56.89291357,999.5646973
56.9929136,999.5759277
57.0929136,999.5654297
57.19291364,999.581543
57.29291367,999.5759277
57.3929137,999.5891113
57.49291367,999.6052246
57.59291367,999.5822754
57.69291363,999.5715332
57.79291363,999.5842285
57.8929136,999.5852051
57.9929136,999.5881348
58.0929136,999.5991211
58.1929136,999.6137695
58.29291363,999.6196289
58.39291363,999.5974121
58.49291366,999.6003418
58.5929137,999.5986328
58.6929137,999.5844727
58.79291366,999.5859375
58.89291366,999.5847168
58.99291363,999.5751953
59.0929136,999.5734863
59.19291356,999.5566406
59.29291356,999.552002
59.39291356,999.5515137
59.49291356,999.5625
59.59291356,999.5622559
59.6929136,999.5541992
59.79291363,999.545166
59.89291366,999.536377
59.99291363,999.557373
60.09291366,999.5454102
60.19291363,999.5412598
60.29291359,999.5349121
60.39291356,999.5368652
60.49291356,999.5454102
60.59291356,999.543457
60.69291356,999.5544434
60.79291359,999.560791
60.89291359,999.560791
60.99291362,999.543457
61.09291366,999.5488281
61.19291366,999.5422363
61.29291362,999.5527344
61.39291362,999.5476074
61.49291359,999.5471191
61.59291356,999.5517578
61.69291356,999.545166
61.79291356,999.5441895
61.89291356,999.5532227
61.99291356,999.5593262
62.09291356,999.5598145
62.19291359,999.5544434
62.29291362,999.5610352
62.39291365,999.5541992
62.49291365,999.5532227
62.59291369,999.5493164
62.69296414,999.5458984
62.79296411,999.5427246
62.89296407,999.5534668
62.99296407,999.5529785
63.09296404,999.552002
63.19296404,999.5673828
63.29296407,999.5656738
63.3929641,999.5678711
63.49296414,999.5651855
63.59296417,999.5678711
63.6929642,999.5717773
63.79296417,999.572998
63.89296417,999.5788574
63.99296414,999.5771484
64.0929641,999.572998
64.1929641,999.59375
64.2929641,999.5871582
64.3929641,999.5554199
64.49296413,999.5649414
64.59296413,999.5571289
64.69296417,999.5556641
64.7929642,999.5634766
64.89296423,999.5390625
64.99296423,999.5488281
65.09296427,999.5361328
65.19296427,999.5351562
65.29296423,999.5390625
65.3929642,999.5270996
65.4929642,999.5332031
65.59296416,999.5383301
65.69296416,999.5407715
65.7929642,999.536377
65.89296423,999.5410156
65.99296426,999.5410156
66.0929643,999.5322266
66.19296433,999.5290527
66.2929643,999.5383301
66.39296426,999.529541
66.49296423,999.5385742
66.59296419,999.5395508
66.69296416,999.5476074
66.79296416,999.5500488
66.89296416,999.5522461
66.99296419,999.5588379
67.09296419,999.5688477
67.19296422,999.5844727
67.29296426,999.5979004
67.39296426,999.5761719
67.49296422,999.5786133
67.59296426,999.5866699
67.69296422,999.5795898
67.79296419,999.5756836
67.89296416,999.5791016
67.99296416,999.5773926
68.09296412,999.5905762
68.19296409,999.5693359
68.29296412,999.567627
68.39296412,999.5593262
68.49296415,999.5690918
68.59296419,999.5686035
68.69296419,999.5561523
68.79296415,999.5546875
68.89296412,999.572998
68.99296408,999.5629883
69.09296405,999.5681152
69.19296402,999.5678711
69.29296402,999.5722656
69.39296402,999.5754395
69.49296402,999.5744629
69.59296402,999.5756836
69.69296405,999.5512695
69.79296408,999.5480957
69.89302814,999.5539551
69.9930281,999.5419922
70.0930281,999.5505371
70.19302807,999.5405273
70.29302803,999.5466309
70.39302803,999.5512695
70.49302803,999.5419922
70.593028,999.5383301
70.693028,999.5512695
70.79302803,999.5405273
70.8930281,999.534668
70.99302813,999.5292969
71.09302816,999.5292969
71.1930282,999.5256348
71.29302816,999.545166
71.39302816,999.5200195
71.49302813,999.5241699
71.5930281,999.5415039
71.6930281,999.5153809
71.7930281,999.5197754
71.8930281,999.5136719
71.99302813,999.5148926
72.09302813,999.5390625
72.19302819,999.5285645
72.29302823,999.5300293
72.39302826,999.541748
72.49302826,999.5424805
72.59302826,999.5446777
72.69302823,999.527832
72.79302819,999.5302734
72.89302816,999.5458984
72.99302816,999.5324707
73.09302816,999.5449219
73.19302816,999.5649414
73.29302819,999.5773926
73.39302819,999.5744629
73.49302822,999.578125
73.59302826,999.5649414
73.69302826,999.5654297
73.79302822,999.5598145
73.89302816,999.5649414
73.99302812,999.5786133
74.09302809,999.560791
74.19302805,999.5656738
74.29302805,999.5563965
74.39302805,999.5583496
74.49302805,999.5473633
74.59302805,999.5515137
74.69302809,999.5625
74.79302815,999.5568848
74.89302819,999.5632324
74.99302815,999.5725098
75.09302815,999.5756836
75.19302809,999.5874023
75.29302805,999.5686035
75.39302802,999.5664062
75.49302802,999.560791
75.59302802,999.5629883
75.69302802,999.5649414
75.79302805,999.5695801
75.89302808,999.5788574
75.99302815,999.5935059
76.09302818,999.5861816
76.19302822,999.5861816
76.29302818,999.5878906
76.39302818,999.6120605
76.49302815,999.6057129
76.59302811,999.6018066
76.69302811,999.5983887
76.79302811,999.6120605
76.89302811,999.638916
76.99302811,999.6008301
77.09302811,999.5935059
77.19307663,999.6054688
77.29307666,999.6003418
77.3930767,999.5913086
77.4930767,999.5883789
77.5930767,999.5974121
77.69307666,999.6088867
77.7930766,999.5915527
77.89307656,999.6018066
77.99307656,999.5939941
78.09307656,999.5778809
78.19307656,999.5771484
78.29307659,999.5637207
78.39307663,999.5622559
78.49307666,999.5837402
78.59307669,999.5661621
78.69307669,999.5822754
78.79307666,999.5922852
78.89307662,999.5847168
78.99307656,999.5808105
79.09307652,999.5539551
79.19307649,999.5639648
79.29307649,999.5681152
79.39307649,999.5449219
79.49307652,999.5461426
79.59307652,999.5393066
79.69307656,999.5600586
79.79307659,999.5546875
79.89307662,999.5620117
79.99307662,999.5783691
80.09307662,999.581543
80.19307659,999.576416
80.29307655,999.5664062
80.39307652,999.5661621
80.49307652,999.5759277
80.59307652,999.5683594
80.69307652,999.5683594
80.79307655,999.5773926
80.89307655,999.5639648
80.99307659,999.5576172
81.09307662,999.5581055
81.19307665,999.5456543
81.29307662,999.5524902
81.39307658,999.5524902
81.49307655,999.5544434
81.59307652,999.5554199
81.69307652,999.5705566
81.79307652,999.5632324
81.89307652,999.5585938
81.99307655,999.5588379
82.09307655,999.5537109
82.19307662,999.5444336
82.29307665,999.5375977
82.39307668,999.5397949
82.49307665,999.5600586
82.59307668,999.5554199
82.69307665,999.5490723
82.79307661,999.559082
82.89307658,999.5512695
82.99307658,999.5515137
83.09307658,999.548584
83.19307658,999.545166
83.29307661,999.5620117
83.39307661,999.5441895
83.49307664,999.5625
83.59307668,999.5627441
83.69307668,999.5512695
83.79307664,999.5546875
83.89307664,999.564209
83.99307661,999.5637207
84.09307658,999.5722656
84.19307654,999.5622559
84.29307654,999.5546875
84.39307654,999.5649414
84.49316209,999.5654297
84.59316208,999.5593262
84.69316212,999.5427246
84.79316212,999.5192871
84.89316215,999.5432129
84.99316212,999.5415039
85.09316212,999.5358887
85.19316208,999.53125
85.29316205,999.5332031
85.39316202,999.5305176
85.49316202,999.5327148
85.59316198,999.5407715
85.69316198,999.5144043
85.79316201,999.5107422
85.89316205,999.5341797
85.99316211,999.5427246
86.09316215,999.5400391
86.19316215,999.541748
86.29316211,999.5415039
86.39316211,999.5651855
86.49316208,999.5651855
86.59316204,999.5480957
86.69316204,999.5368652
86.79316204,999.5463867
86.89316204,999.5339355
86.99316208,999.5231934
87.09316208,999.5141602
87.19316211,999.5136719
87.29316214,999.5307617
87.39316218,999.5112305
87.49316214,999.5158691
87.59316218,999.5256348
87.69316214,999.5158691
87.79316214,999.5161133
87.89316211,999.5075684
87.99316211,999.5061035
88.09316211,999.5117188
88.19316207,999.501709
88.29316211,999.5148926
88.39316214,999.5144043
88.49316217,999.5141602
88.5931622,999.4938965
88.69316221,999.4992676
88.79316217,999.5080566
88.89316214,999.5021973
88.99316207,999.4992676
89.09316204,999.5246582
89.19316204,999.5273438
89.29316204,999.5307617
89.39316204,999.5256348
89.49316204,999.5368652
89.59316204,999.5473633
89.69316207,999.5205078
89.79316214,999.527832
89.89316217,999.5407715
89.99316213,999.5095215
90.09316217,999.5183105
90.19316213,999.5100098
90.2931621,999.5263672
90.39316207,999.5371094
90.49316206,999.5395508
90.59316203,999.5332031
90.69316203,999.5334473
90.79316206,999.5305176
90.89316206,999.5341797
90.9931621,999.5302734
91.09316213,999.5290527
91.19316216,999.5275879
91.29316213,999.5129395
91.3931621,999.5085449
91.49316206,999.5085449
91.59316203,999.5114746
91.69316203,999.5036621
91.79320239,999.5102539
91.89320239,999.4987793
91.99320239,999.5041504
92.09320239,999.5202637
92.19320242,999.512207
92.29320246,999.5158691
92.39320249,999.5112305
92.49320249,999.5275879
92.59320249,999.5239258
92.69320245,999.5327148
92.79320239,999.5327148
92.89320235,999.5456543
92.99320235,999.5422363
93.09320232,999.5395508
93.19320232,999.5239258
93.29320235,999.5405273
93.39320239,999.5456543
93.49320242,999.5361328
93.59320245,999.5603027
93.69320245,999.5725098
93.79320248,999.5732422
93.89320248,999.5788574
93.99320245,999.5705566
94.09320242,999.5786133
94.19320238,999.5761719
94.29320238,999.5776367
94.39320238,999.5825195
94.49320238,999.5632324
94.59320238,999.5734863
94.69320242,999.5842285
94.79320242,999.5598145
94.89320245,999.5615234
94.99320241,999.5576172
95.09320245,999.5666504
95.19320241,999.5749512
95.29320238,999.5534668
95.39320234,999.5793457
95.49320234,999.5864258
95.59320235,999.5871582
95.69320234,999.5852051
95.79320238,999.5690918
95.89320241,999.5786133
95.99320248,999.5852051
96.09320251,999.5666504
96.19320251,999.5849609
96.29320248,999.6015625
96.39320244,999.6003418
96.49320241,999.5900879
96.59320237,999.5900879
96.69320237,999.5705566
96.79320231,999.5556641
96.89320231,999.5690918
96.99320231,999.552002
97.09320231,999.5595703
97.19320234,999.5644531
97.29320237,999.5776367
97.39320241,999.579834
97.49320241,999.590332
97.59320244,999.5795898
97.69320241,999.5771484
97.7932024,999.5710449
97.89320237,999.5678711
97.9932024,999.5632324
98.09320237,999.574707
98.19320237,999.5744629
98.2932024,999.5754395
98.39320244,999.5739746
98.49320247,999.574707
98.5932025,999.5712891
98.6932025,999.574707
98.79320247,999.5727539
98.89320243,999.5803223
98.99329573,999.581543
99.09329569,999.5864258
99.19329569,999.597168
99.29329569,999.5844727
99.39329569,999.5656738
99.49329569,999.5712891
99.59329569,999.5712891
99.69329573,999.5725098
99.79329573,999.5700684
99.89329576,999.5769043
99.99329576,999.5856934
100.0932958,999.5498047
100.1932958,999.552002
100.2932957,999.5627441
100.3932957,999.550293
100.4932957,999.5568848
100.5932957,999.5488281
100.6932957,999.557373
100.7932957,999.5605469
100.8932958,999.5546875
100.9932958,999.5561523
101.0932958,999.5456543
101.1932959,999.5227051
101.2932958,999.5275879
101.3932958,999.5266113
101.4932958,999.5371094
101.5932957,999.5603027
101.6932957,999.5603027
101.7932957,999.5424805
101.8932957,999.5554199
101.9932957,999.5742188
102.0932957,999.5698242
102.1932958,999.5617676
102.2932958,999.5559082
102.3932958,999.5605469
102.4932958,999.5788574
102.5932958,999.5739746
102.6932958,999.5883789
102.7932958,999.598877
102.8932957,999.5998535
102.9932957,999.5842285
103.0932957,999.5866699
103.1932957,999.5993652
103.2932957,999.5949707
103.3932958,999.5822754
103.4932958,999.5856934
103.5932958,999.5581055
103.6932958,999.5644531
103.7932958,999.5566406
103.8932957,999.5529785
103.9932957,999.5812988
104.0932957,999.5554199
104.1932956,999.5410156
104.2932956,999.560791
104.3932956,999.5539551
104.4932956,999.5419922
104.5932956,999.527832
104.6932957,999.5336914
104.7932957,999.5522461
104.8932957,999.5283203
104.9932957,999.5161133
105.0932957,999.5185547
105.1932957,999.5356445
105.2932957,999.5322266
105.3932956,999.5305176
105.4932956,999.5212402
105.5932956,999.5253906
105.6932956,999.5280762
105.7932957,999.5266113
105.8932957,999.5380859
105.9932957,999.5366211
106.0932957,999.5351562
106.1932957,999.5361328
106.2933531,999.5305176
106.3933531,999.5437012
106.4933531,999.5419922
106.593353,999.5541992
106.693353,999.5419922
106.793353,999.5419922
106.893353,999.5583496
106.993353,999.5644531
107.093353,999.567627
107.1933531,999.5727539
107.2933531,999.5649414
107.3933531,999.5739746
107.4933531,999.5732422
107.5933531,999.5493164
107.6933531,999.5537109
107.7933531,999.564209
107.8933531,999.564209
107.9933531,999.5751953
108.0933531,999.5700684
108.1933531,999.567627
108.2933531,999.576416
108.3933531,999.5478516
108.4933532,999.5539551
108.5933532,999.5380859
108.6933532,999.5383301
108.7933532,999.5539551
108.8933532,999.5332031
108.9933531,999.5263672
109.0933531,999.5368652
109.1933531,999.5422363
109.2933531,999.5454102
109.3933531,999.5524902
109.4933531,999.5537109
109.5933531,999.5654297
109.6933531,999.5488281
109.7933531,999.5595703
109.8933532,999.5539551
109.9933531,999.5632324
110.0933531,999.5605469
110.1933531,999.557373
110.2933531,999.5620117
110.3933531,999.5559082
110.4933531,999.5429688
110.593353,999.5649414
110.693353,999.565918
110.7933531,999.5639648
110.8933531,999.5695801
110.9933531,999.5690918
111.0933532,999.5693359
111.1933532,999.5576172
111.2933531,999.5632324
111.3933531,999.5620117
111.493353,999.5541992
111.593353,999.5620117
111.693353,999.5490723
111.793353,999.5532227
111.893353,999.5532227
111.993353,999.5563965
112.093353,999.5466309
112.1933531,999.5495605
112.2933531,999.5561523
112.3933532,999.5605469
112.4933532,999.5600586
112.5933532,999.5454102
112.6933532,999.5395508
112.7933532,999.5585938
112.8933531,999.5458984
112.9933531,999.5559082
113.0933531,999.5534668
113.1933531,999.5551758
113.2933532,999.5539551
113.3933532,999.5515137
113.4933532,999.5441895
113.5933527,999.5600586
113.6933528,999.5449219
113.7933527,999.5402832
113.8933527,999.5280762
113.9933526,999.5305176
114.0933526,999.520752
114.1933526,999.5234375
114.2933526,999.5222168
114.3933526,999.5119629
114.4933526,999.5344238
114.5933526,999.5400391
114.6933527,999.5383301
114.7933527,999.5302734
114.8933527,999.5178223
114.9933527,999.5192871
115.0933527,999.5373535
115.1933527,999.5317383
115.2933526,999.5395508
115.3933526,999.560791
115.4933526,999.5561523
115.5933526,999.5537109
115.6933526,999.5576172
115.7933526,999.5615234
115.8933526,999.5510254
115.9933526,999.5422363
116.0933527,999.536377
116.1933527,999.5480957
116.2933526,999.5634766
116.3933526,999.5600586
116.4933526,999.5627441
116.5933525,999.5627441
116.6933525,999.5546875
116.7933525,999.548584
116.8933525,999.5544434
116.9933525,999.5544434
117.0933525,999.5405273
117.1933525,999.5456543
117.2933526,999.5483398
117.3933526,999.5495605
117.4933526,999.5480957
117.5933526,999.5559082
117.6933526,999.5532227
117.7933526,999.5522461
117.8933525,999.5454102
117.9933525,999.5458984
118.0933525,999.5419922
118.1933525,999.5371094
118.2933525,999.5554199
118.3933526,999.5493164
118.4933526,999.5512695
118.5933526,999.5566406
118.6933526,999.5515137
118.7933526,999.5529785
118.8933526,999.543457
118.9933526,999.5422363
119.0933525,999.5585938
119.1933525,999.5446777
119.2933525,999.5651855
119.3933525,999.5654297
119.4933525,999.5595703
119.5933525,999.5620117
119.6933526,999.557373
119.7933526,999.5585938
119.8933526,999.5634766
119.9933526,999.5627441
120.0933527,999.5695801
120.1933526,999.5693359
120.2933526,999.5751953
120.3933526,999.5739746
120.4933526,999.574707
120.5933525,999.5949707
120.6933525,999.590332
120.7934757,999.5759277
120.8934757,999.5871582
120.9934758,999.5739746
121.0934758,999.5620117
121.1934759,999.5668945
121.2934758,999.572998
121.3934758,999.583252
121.4934758,999.5812988
121.5934757,999.5610352
121.6934757,999.5771484
121.7934757,999.5556641
121.8934757,999.5598145
121.9934757,999.5554199
122.0934757,999.5554199
122.1934758,999.5581055
122.2934758,999.5737305
122.3934758,999.5498047
122.4934758,999.5505371
122.5934758,999.5563965
122.6934758,999.5549316
122.7934758,999.5576172
122.8934757,999.5515137
122.9934757,999.5473633
123.0934757,999.5529785
123.1934757,999.5427246
123.2934757,999.5466309
123.3934758,999.5473633
123.4934758,999.5576172
123.5934758,999.5629883
123.6934758,999.5637207
123.7934757,999.5700684
123.8934757,999.5742188
123.9934756,999.5600586
124.0934756,999.5666504
124.1934755,999.567627
124.2934755,999.5615234
124.3934755,999.5637207
124.4934755,999.5603027
124.5934755,999.581543
124.6934756,999.5693359
124.7934756,999.5585938
124.8934756,999.5593262
124.9934756,999.5524902
125.0934757,999.5395508
125.1934756,999.5327148
125.2934756,999.5356445
125.3934756,999.5458984
125.4934756,999.5341797
125.5934756,999.5307617
125.6934756,999.545166
125.7934756,999.5449219
125.8934756,999.5476074
125.9934757,999.552002
126.0934757,999.545166
126.1934757,999.5498047
126.2934757,999.5537109
126.3934756,999.5690918
126.4934756,999.5620117
126.5934756,999.5661621
126.6934756,999.5559082
126.7934756,999.5488281
126.8934756,999.5595703
126.9934756,999.5625
127.0934756,999.546875
127.1934756,999.546875
127.2934756,999.5620117
127.3934757,999.5688477
127.4934757,999.5698242
127.5934757,999.5634766
127.6934756,999.5754395
127.7934756,999.5883789
127.8934756,999.5803223
127.9934756,999.5717773
128.0934522,999.5927734
128.1934522,999.5783691
128.2934522,999.5683594
128.3934522,999.565918
128.4934522,999.5541992
128.5934523,999.5791016
128.6934523,999.5639648
128.7934523,999.5554199
128.8934522,999.5744629
128.9934522,999.5668945
129.0934522,999.5661621
129.1934522,999.5541992
129.2934522,999.5615234
129.3934522,999.5769043
129.4934522,999.5722656
129.5934522,999.565918
129.6934522,999.5778809
129.7934522,999.581543
129.8934523,999.5688477
129.9934523,999.5681152
130.0934523,999.5820312
130.1934523,999.560791
130.2934523,999.5578613
130.3934522,999.574707
130.4934522,999.5883789
130.5934522,999.5834961
130.6934522,999.5891113
130.7934523,999.5847168
130.8934523,999.5895996
130.9934523,999.5722656
131.0934524,999.5712891
131.1934524,999.5717773
131.2934524,999.5756836
131.3934524,999.5668945
131.4934523,999.5541992
131.5934523,999.5588379
131.6934523,999.5717773
131.7934523,999.559082
131.8934523,999.5615234
131.9934523,999.5656738
132.0934523,999.5708008
132.1934523,999.5620117
132.2934523,999.5620117
132.3934524,999.5612793
132.4934523,999.5534668
132.5934523,999.5637207
132.6934523,999.5539551
132.7934523,999.546875
132.8934523,999.550293
132.9934523,999.5610352
133.0934522,999.5515137
133.1934522,999.5559082
133.2934522,999.5524902
133.3934523,999.5390625
133.4934523,999.5388184
133.5934523,999.5373535
133.6934524,999.5388184
133.7934523,999.5356445
133.8934523,999.5354004
133.9934523,999.5285645
134.0934522,999.5422363
134.1934522,999.5270996
134.2934522,999.5288086
134.3934522,999.5256348
134.4934522,999.5131836
134.5934522,999.494873
134.6934522,999.4934082
134.7934522,999.5014648
134.8934522,999.5136719
134.9934523,999.4953613
135.0934523,999.5048828
135.1934522,999.513916
135.2935411,999.4863281
135.3935411,999.4936523
135.4935411,999.4916992
135.5935411,999.4931641
135.6935411,999.5053711
135.7935411,999.4978027
135.8935412,999.4902344
135.9935412,999.5078125
136.0935413,999.5095215
136.1935413,999.5043945
136.2935413,999.5061035
136.3935412,999.5214844
136.4935412,999.5231934
136.5935412,999.5305176
136.6935411,999.5375977
136.7935411,999.5244141
136.8935411,999.5241699
136.9935411,999.5288086
137.0935411,999.5270996
137.1935412,999.5407715
137.2935412,999.5202637
137.3935412,999.5202637
137.4935412,999.53125
137.5935413,999.5405273
137.6935412,999.5285645
137.7935412,999.5283203
137.8935412,999.5292969
137.9935412,999.5344238
138.0935412,999.5280762
138.1935412,999.5192871
138.2935412,999.527832
138.3935412,999.5380859
138.4935413,999.5217285
138.5935413,999.5236816
138.6935413,999.5273438
138.7935413,999.5351562
138.8935412,999.5473633
138.9935412,999.5393066
139.0935411,999.5512695
139.1935411,999.5495605
139.2935411,999.5529785
139.3935411,999.5488281
139.4935411,999.5522461
139.5935411,999.5578613
139.6935411,999.5500488
139.7935412,999.5395508
139.8935412,999.5671387
139.9935412,999.5595703
140.0935412,999.5437012
140.1935412,999.541748
140.2935411,999.5319824
140.3935411,999.517334
140.4935411,999.5205078
140.5935411,999.5437012
140.6935411,999.5522461
140.7935411,999.5358887
140.8935411,999.536377
140.9935412,999.5366211
141.0935412,999.5322266
141.1935412,999.5366211
141.2935412,999.5268555
141.3935412,999.5290527
141.4935411,999.5256348
141.5935411,999.5192871
141.6935411,999.5239258
141.7935411,999.5144043
141.8935411,999.5180664
141.9935411,999.5270996
142.0935411,999.5151367
142.1935411,999.5268555
142.2935412,999.5471191
142.3935412,999.5471191
142.4935412,999.550293
142.5935632,999.5412598
142.6935632,999.5393066
142.7935631,999.532959
142.8935631,999.5527344
142.9935631,999.5478516
143.0935631,999.5324707
143.1935631,999.5385742
143.2935631,999.5380859
143.3935631,999.526123
143.4935632,999.5351562
143.5935632,999.5351562
143.6935632,999.5380859
143.7935632,999.5310059
143.8935631,999.527832
143.9935631,999.5292969
144.093563,999.5310059
144.193563,999.5187988
144.293563,999.5212402
144.393563,999.5354004
144.493563,999.5087891
144.593563,999.5161133
144.6935631,999.5285645
144.7935631,999.53125
144.8935631,999.5339355
144.9935631,999.5280762
145.0935631,999.5432129
145.1935631,999.5524902
145.293563,999.5290527
145.393563,999.5480957
145.493563,999.5566406
145.593563,999.5537109
145.693563,999.5544434
145.793563,999.5761719
145.893563,999.5803223
145.9935631,999.5759277
146.0935631,999.560791
146.1935632,999.5725098
146.2935631,999.5842285
146.3935631,999.5847168
146.4935631,999.5844727
146.593563,999.5817871
146.693563,999.5949707
146.793563,999.5876465
146.893563,999.5820312
146.993563,999.5786133
147.093563,999.5681152
147.193563,999.5695801
147.2935631,999.5686035
147.3935631,999.5800781
147.4935631,999.5800781
147.5935631,999.579834
147.6935631,999.5854492
147.7935631,999.5791016
147.893563,999.5895996
147.993563,999.5776367
148.093563,999.5712891
148.193563,999.5629883
148.2935631,999.565918
148.3935631,999.5710449
148.4935631,999.5510254
148.5935632,999.5544434
148.6935632,999.5703125
148.7935632,999.5910645
148.8935632,999.5874023
148.9935631,999.5646973
149.0935631,999.5671387
149.1935631,999.5849609
149.2935631,999.5646973
149.3935631,999.5756836
149.4935631,999.5808105
149.5935631,999.5842285
149.6935631,999.5864258
149.7935631,999.5812988
149.8937221,999.5744629
149.9937221,999.5739746
150.0937221,999.5722656
150.1937221,999.5861816
150.293722,999.5737305
150.393722,999.5820312
150.493722,999.5727539
150.593722,999.5778809
150.693722,999.5734863
150.793722,999.5617676
150.8937221,999.560791
150.9937221,999.5598145
151.0937221,999.5595703
151.1937221,999.5571289
151.2937221,999.543457
151.393722,999.548584
151.493722,999.5524902
151.593722,999.5393066
151.6937219,999.5610352
151.7937219,999.5688477
151.8937219,999.5681152
151.993722,999.5739746
152.093722,999.5795898
152.193722,999.5847168
152.293722,999.5661621
152.393722,999.5488281
152.493722,999.5258789
152.593722,999.5258789
152.693722,999.5214844
152.793722,999.5356445
152.893722,999.5473633
152.993722,999.552002
153.093722,999.5671387
153.193722,999.5549316
153.293722,999.5539551
153.393722,999.5571289
153.4937221,999.5302734
153.5937221,999.5358887
153.6937221,999.5319824
153.7937221,999.5256348
153.893722,999.5383301
153.993722,999.517334
154.093722,999.5385742
154.193722,999.550293
154.293722,999.5510254
154.393722,999.5524902
154.493722,999.548584
154.593722,999.5444336
154.693722,999.5500488
154.793722,999.5598145
154.8937221,999.5646973
154.993722,999.5551758
155.093722,999.5605469
155.193722,999.5693359
155.293722,999.5656738
155.393722,999.5722656
155.493722,999.5632324
155.593722,999.5776367
155.693722,999.5788574
155.793722,999.5581055
155.893722,999.5712891
155.993722,999.5793457
156.0937221,999.5578613
156.1937221,999.5666504
156.293722,999.5627441
156.393722,999.5666504
156.493722,999.5834961
156.5937219,999.574707
156.6937219,999.5734863
156.7937219,999.5712891
156.8937219,999.5681152
156.993722,999.565918
157.0937093,999.5783691
157.1937093,999.5825195
157.2937093,999.581543
157.3937093,999.578125
157.4937093,999.5822754
157.5937093,999.574707
157.6937093,999.574707
157.7937093,999.5788574
157.8937092,999.5649414
157.9937092,999.5617676
158.0937092,999.5603027
158.1937092,999.5422363
158.2937093,999.5388184
158.3937093,999.5539551
158.4937093,999.5256348
158.5937093,999.5515137
158.6937093,999.5510254
158.7937093,999.5444336
158.8937093,999.5358887
158.9937093,999.5405273
159.0937092,999.5463867
159.1937092,999.5446777
159.2937092,999.5390625
159.3937092,999.557373
159.4937092,999.5512695
159.5937092,999.5576172
159.6937093,999.5446777
159.7937093,999.5527344
159.8937093,999.5549316
159.9937093,999.5554199
160.0937093,999.5585938
160.1937093,999.5507812
160.2937093,999.5617676
160.3937093,999.5656738
160.4937093,999.5395508
160.5937093,999.5493164
160.6937093,999.5651855
160.7937093,999.5593262
160.8937093,999.5632324
160.9937094,999.5566406
161.0937094,999.5661621
161.1937094,999.5632324
161.2937094,999.5571289
161.3937094,999.5561523
161.4937093,999.5566406
161.5937093,999.545166
161.6937093,999.5546875
161.7937093,999.564209
161.8937093,999.5527344
161.9937093,999.5373535
162.0937093,999.5539551
162.1937094,999.5654297
162.2937094,999.5634766
162.3937094,999.5598145
162.4937094,999.5554199
162.5937094,999.5549316
162.6937094,999.552002
162.7937094,999.552002
162.8937094,999.5534668
162.9937093,999.5695801
163.0937093,999.5776367
163.1937092,999.5786133
163.2937093,999.5947266
163.3937093,999.5812988
163.4937093,999.5825195
163.5937094,999.5734863
163.6937094,999.5544434
163.7937093,999.5522461
163.8937093,999.5600586
163.9937093,999.5361328
164.0937092,999.5466309
164.1937092,999.541748
164.2937092,999.548584
164.3937751,999.5427246
164.4937751,999.5410156
164.5937751,999.5361328
164.6937751,999.5395508
164.7937752,999.5263672
164.8937752,999.5393066
164.9937752,999.536377
165.0937752,999.5412598
165.1937751,999.5429688
165.2937751,999.5559082
165.3937751,999.5610352
165.4937751,999.5661621
165.5937751,999.5615234
165.6937751,999.5612793
165.7937751,999.564209
165.8937751,999.5708008
165.9937752,999.5495605
166.0937752,999.5566406
166.1937753,999.5610352
166.2937752,999.5471191
166.3937752,999.5566406
166.4937752,999.5566406
166.5937751,999.5683594
166.6937751,999.583252
166.7937751,999.5778809
166.8937751,999.5825195
166.9937751,999.5905762
167.0937751,999.5825195
167.1937752,999.5871582
167.2937752,999.5905762
167.3937752,999.5883789
167.4937752,999.5805664
167.5937752,999.5842285
167.6937752,999.5881348
167.7937751,999.5856934
167.8937751,999.5856934
167.9937751,999.5700684
168.0937751,999.5866699
168.1937751,999.5864258
168.2937751,999.5866699
168.3937751,999.5717773
168.4937752,999.5786133
168.5937752,999.5800781
168.6937752,999.5861816
168.7937752,999.5854492
168.8937752,999.5910645
168.9937751,999.5930176
169.0937751,999.6071777
169.1937751,999.579834
169.2937751,999.5830078
169.3937751,999.572998
169.4937751,999.5593262
169.5937751,999.5773926
169.6937751,999.5688477
169.7937751,999.5708008
169.8937752,999.5688477
169.9937752,999.567627
170.0937752,999.5605469
170.1937751,999.5620117
170.2937751,999.5629883
170.3937751,999.560791
170.4937751,999.5576172
170.5937751,999.5649414
170.6937751,999.557373
170.7937751,999.5600586
170.8937752,999.5581055
170.9937752,999.5576172
171.0937752,999.5651855
171.1937752,999.5615234
171.2937752,999.5629883
171.3937752,999.567627
171.4937752,999.5671387
171.5937752,999.5656738
171.6938538,999.567627
171.7938538,999.567627
171.8938538,999.5708008
171.9938538,999.5725098
172.0938538,999.5720215
172.1938538,999.5576172
172.2938539,999.5568848
172.3938539,999.550293
172.4938539,999.5539551
172.5938539,999.5559082
172.6938539,999.5576172
172.7938539,999.5581055
172.8938538,999.5581055
172.9938538,999.5529785
173.0938538,999.5388184
173.1938538,999.5334473
173.2938539,999.5380859
173.3938539,999.5322266
173.4938539,999.5390625
173.593854,999.5498047
173.693854,999.5524902
173.793854,999.5617676
173.8938539,999.5646973
173.9938539,999.5598145
174.0938539,999.5627441
174.1938539,999.5500488
174.2938539,999.550293
174.3938539,999.5446777
174.4938539,999.5410156
174.5938538,999.5476074
174.6938538,999.5412598
174.7938539,999.5339355
174.8938539,999.5432129
174.9938539,999.545166
175.0938539,999.5498047
175.1938538,999.5527344
175.2938538,999.5527344
175.3938538,999.5471191
175.4938538,999.5395508
175.5938537,999.5427246
175.6938537,999.5717773
175.7938538,999.5610352
175.8938538,999.5695801
175.9938538,999.5668945
176.0938539,999.5808105
176.1938539,999.5788574
176.2938539,999.5803223
176.3938538,999.5793457
176.4938538,999.592041
176.5938538,999.6018066
176.6938537,999.5859375
176.7938537,999.5825195
176.8938537,999.5893555
176.9938537,999.5734863
177.0938537,999.5654297
177.1938538,999.581543
177.2938538,999.5930176
177.3938538,999.5849609
177.4938538,999.5925293
177.5938539,999.5866699
177.6938538,999.5759277
177.7938538,999.5668945
177.8938538,999.574707
177.9938538,999.5822754
178.0938537,999.5822754
178.1938537,999.5639648
178.2938538,999.5742188
178.3938538,999.5534668
178.4938538,999.5612793
178.5938538,999.5532227
178.6938539,999.5585938
178.7938538,999.5612793
178.89387,999.5661621
178.99387,999.5561523
179.09387,999.5700684
179.1938699,999.5715332
179.2938699,999.5617676
179.3938699,999.5615234
179.49387,999.5693359
179.59387,999.5810547
179.69387,999.5812988
179.79387,999.5700684
179.89387,999.5715332
179.99387,999.5671387
180.0938701,999.5739746
180.19387,999.5681152
180.29387,999.5712891
180.39387,999.5734863
180.49387,999.5759277
180.5938699,999.5681152
180.6938699,999.5837402
180.79387,999.572998
180.89387,999.5812988
180.99387,999.565918
181.0938701,999.5705566
181.1938701,999.565918
181.2938701,999.5544434
181.3938701,999.5554199
181.49387,999.5610352
181.59387,999.5739746
181.69387,999.5732422
181.79387,999.5744629
181.89387,999.5742188
181.99387,999.5651855
182.09387,999.5463867
182.19387,999.5483398
182.2938701,999.5480957
182.3938701,999.5571289
182.4938701,999.5649414
182.5938701,999.5637207
182.6938701,999.5783691
182.7938701,999.5734863
182.89387,999.5708008
182.99387,999.5800781
183.09387,999.5710449
183.19387,999.5710449
183.29387,999.5690918
183.3938701,999.5593262
183.4938701,999.5698242
183.5938701,999.5666504
183.6938701,999.5578613
183.7938701,999.546875
183.8938701,999.5512695
183.99387,999.5566406
184.09387,999.5629883
184.19387,999.5510254
184.29387,999.5541992
184.39387,999.5524902
184.49387,999.5493164
184.59387,999.5534668
184.69387,999.5693359
184.79387,999.5725098
184.8938701,999.5554199
184.9938701,999.5578613
185.0938701,999.5622559
185.19387,999.5598145
185.29387,999.5576172
185.39387,999.5615234
185.49387,999.565918
185.5938699,999.5820312
185.6938699,999.5766602
185.7938699,999.572998
185.89387,999.5761719
185.99387,999.5786133
186.09387,999.5749512
186.1939354,999.5717773
186.2939354,999.5839844
186.3939353,999.5883789
186.4939353,999.5761719
186.5939353,999.5834961
186.6939353,999.5871582
186.7939353,999.5805664
186.8939353,999.5844727
186.9939353,999.5830078
187.0939353,999.5769043
187.1939353,999.5705566
187.2939353,999.5578613
187.3939354,999.5649414
187.4939354,999.5654297
187.5939354,999.5593262
187.6939353,999.5600586
187.7939353,999.5563965
187.8939353,999.5644531
187.9939353,999.567627
188.0939352,999.5708008
188.1939352,999.5708008
188.2939353,999.5808105
188.3939353,999.5725098
188.4939353,999.5690918
188.5939354,999.5905762
188.6939354,999.5761719
188.7939353,999.579834
188.8939353,999.5705566
188.9939353,999.5837402
189.0939352,999.595459
189.1939352,999.5942383
189.2939352,999.5888672
189.3939352,999.5949707
189.4939353,999.5964355
189.5939353,999.6066895
189.6939353,999.6032715
189.7939353,999.6040039
189.8939353,999.6037598
189.9939353,999.598877
190.0939353,999.6159668
190.1939353,999.614502
190.2939353,999.6022949
190.3939352,999.595459
190.4939352,999.5871582
190.5939352,999.595459
190.6939352,999.597168
190.7939352,999.5842285
190.8939352,999.5878906
190.9939353,999.574707
191.0939353,999.583252
191.1939353,999.5720215
191.2939353,999.5710449
191.3939352,999.5783691
191.4939352,999.5793457
191.5939352,999.5852051
191.6939352,999.5805664
191.7939352,999.5793457
191.8939352,999.5874023
191.9939352,999.598877
192.0939352,999.5976562
192.1939352,999.6000977
192.2939352,999.5952148
192.3939352,999.6005859
192.4939352,999.6052246
192.5939352,999.6054688
192.6939352,999.6069336
192.7939352,999.5849609
192.8939351,999.6079102
192.9939351,999.6040039
193.0939351,999.6049805
193.1939351,999.6027832
193.2939352,999.6027832
193.3939352,999.6049805
193.4940399,999.6066895
193.5940399,999.6022949
193.6940399,999.6083984
193.7940399,999.6030273
193.8940399,999.6027832
193.9940399,999.5817871
194.0940398,999.5759277
194.1940398,999.5761719
194.2940398,999.579834
194.3940398,999.5895996
194.4940398,999.5869141
194.5940398,999.5900879
194.6940399,999.5839844
194.7940399,999.5861816
194.8940399,999.581543
194.9940399,999.5881348
195.0940399,999.5905762
195.1940399,999.5759277
195.2940399,999.5810547
195.3940399,999.5847168
195.4940399,999.5776367
195.5940399,999.5800781
195.6940399,999.5605469
195.7940399,999.5532227
195.89404,999.5576172
195.99404,999.5549316
196.09404,999.5454102
196.19404,999.5556641
196.29404,999.5507812
196.39404,999.5610352
196.4940399,999.5583496
196.5940399,999.576416
196.6940399,999.5644531
196.7940399,999.5632324
196.8940399,999.5646973
196.9940399,999.559082
197.0940399,999.5446777
197.19404,999.5437012
197.29404,999.5549316
197.39404,999.5559082
197.49404,999.5603027
197.59404,999.5556641
197.6940399,999.567627
197.7940399,999.5617676
197.8940399,999.576416
197.9940399,999.5668945
198.0940399,999.5595703
198.1940399,999.5593262
198.2940399,999.5512695
198.3940399,999.5578613
198.49404,999.5578613
198.59404,999.5551758
198.69404,999.5549316
198.79404,999.5522461
198.8940399,999.5537109
198.9940399,999.5549316
199.0940398,999.5578613
199.1940398,999.5444336
199.2940398,999.546875
199.3940398,999.5544434
199.4940399,999.5478516
199.5940399,999.5532227
199.6940399,999.5505371
199.7940399,999.5529785
199.89404,999.5454102
199.9940399,999.5588379
200.0940399,999.5585938
200.1940399,999.5610352
200.2940399,999.5500488
200.3940399,999.5498047
200.4940399,999.5488281
200.5940399,999.5507812
200.6940655,999.5480957
200.7940655,999.5456543
200.8940655,999.5551758
200.9940656,999.5512695
201.0940656,999.552002
201.1940656,999.559082
201.2940656,999.5651855
201.3940655,999.5683594
201.4940655,999.5705566
201.5940655,999.5773926
201.6940655,999.5849609
201.7940655,999.5791016
201.8940655,999.5864258
201.9940655,999.5827637
202.0940655,999.5864258
202.1940655,999.5693359
202.2940655,999.5693359
202.3940656,999.5722656
202.4940655,999.5788574
202.5940655,999.5722656
202.6940655,999.5739746
202.7940655,999.5759277
202.8940654,999.5849609
202.9940654,999.5788574
203.0940654,999.5861816
203.1940654,999.5900879
203.2940655,999.583252
203.3940655,999.5822754
203.4940655,999.5871582
203.5940656,999.5871582
203.6940656,999.5859375
203.7940656,999.5810547
203.8940655,999.5722656
203.9940655,999.5871582
204.0940655,999.5874023
204.1940655,999.5812988
204.2940655,999.5888672
204.3940655,999.5822754
204.4940655,999.5771484
204.5940655,999.5778809
204.6940655,999.5793457
204.7940655,999.5908203
204.8940656,999.6020508
204.9940655,999.5957031
205.0940655,999.595459
205.1940655,999.5927734
205.2940655,999.5922852
205.3940654,999.595459
205.4940654,999.5874023
205.5940654,999.5869141
205.6940654,999.5771484
205.7940655,999.5732422
205.8940655,999.5744629
205.9940656,999.5773926
206.0940656,999.5720215
206.1940656,999.564209
206.2940656,999.5581055
206.3940655,999.5668945
206.4940655,999.5708008
206.5940655,999.5668945
206.6940654,999.5793457
206.7940654,999.579834
206.8940654,999.5866699
206.9940654,999.5822754
207.0940654,999.583252
207.1940655,999.5854492
207.2940655,999.5810547
207.3940655,999.5817871
207.4940655,999.5756836
207.5940655,999.5722656
207.6940655,999.5751953
207.7940655,999.5585938
207.8940654,999.5712891
207.9941881,999.5722656
208.0941881,999.5585938
208.1941881,999.5664062
208.2941881,999.5627441
208.3941881,999.5656738
208.4941882,999.5524902
208.5941882,999.5686035
208.6941882,999.5686035
208.7941882,999.5739746
208.8941881,999.5766602
208.9941881,999.581543
209.094188,999.5810547
209.194188,999.5754395
209.294188,999.5812988
209.394188,999.5698242
209.4941881,999.583252
209.5941881,999.592041
209.6941881,999.5881348
209.7941881,999.5800781
209.8941881,999.5808105
209.9941881,999.5825195
210.0941881,999.5910645
210.1941881,999.5673828
210.2941881,999.5651855
210.3941881,999.5712891
210.4941881,999.564209
210.5941881,999.567627
210.6941881,999.5661621
210.7941881,999.5690918
210.8941881,999.5803223
210.9941882,999.5739746
211.0941882,999.5805664
211.1941882,999.5874023
211.2941882,999.579834
211.3941882,999.5705566
211.4941881,999.5656738
211.5941881,999.572998
211.6941881,999.5581055
211.7941881,999.5603027
211.8941881,999.5661621
211.9941881,999.5593262
212.0941881,999.5693359
212.1941881,999.5700684
212.2941881,999.5727539
212.3941881,999.5834961
212.4941881,999.5617676
212.5941881,999.5610352
212.6941881,999.5681152
212.7941881,999.5583496
212.8941881,999.5585938
212.9941881,999.5505371
213.0941881,999.5515137
213.194188,999.5439453
213.2941881,999.5415039
213.3941881,999.5405273
213.4941881,999.5498047
213.5941882,999.5429688
213.6941882,999.5427246
213.7941881,999.5427246
213.8941881,999.5546875
213.9941881,999.5554199
214.094188,999.5568848
214.194188,999.5397949
214.294188,999.5395508
214.394188,999.5412598
214.494188,999.5427246
214.594188,999.5493164
214.6941881,999.5488281
214.7941881,999.565918
214.8941881,999.5581055
214.9941881,999.557373
215.0941881,999.5698242
215.1941881,999.5734863
215.2941587,999.5561523
215.3941587,999.5544434
215.4941587,999.5563965
215.5941587,999.5444336
215.6941587,999.5349121
215.7941587,999.5449219
215.8941588,999.5480957
215.9941588,999.5495605
216.0941588,999.564209
216.1941589,999.5546875
216.2941588,999.5517578
216.3941588,999.5439453
216.4941588,999.5512695
216.5941587,999.5539551
216.6941587,999.557373
216.7941587,999.5566406
216.8941587,999.5605469
216.9941587,999.5625
217.0941587,999.5610352
217.1941588,999.5661621
217.2941588,999.5585938
217.3941588,999.5688477
217.4941588,999.5678711
217.5941588,999.5625
217.6941588,999.5651855
217.7941588,999.5646973
217.8941587,999.5668945
217.9941587,999.5683594
218.0941587,999.564209
218.1941587,999.5751953
218.2941588,999.5839844
218.3941588,999.5805664
218.4941588,999.5805664
218.5941589,999.5852051
218.6941589,999.5871582
218.7941589,999.5678711
218.8941588,999.5700684
218.9941588,999.5700684
219.0941587,999.5686035
219.1941587,999.5603027
219.2941587,999.565918
219.3941587,999.5683594
219.4941587,999.5773926
219.5941587,999.574707
219.6941587,999.576416
219.7941588,999.5854492
219.8941588,999.5808105
219.9941588,999.5869141
220.0941588,999.5844727
220.1941587,999.5720215
220.2941587,999.5878906
220.3941587,999.5878906
220.4941587,999.5773926
220.5941587,999.5812988
220.6941587,999.5744629
220.7941587,999.5856934
220.8941587,999.5791016
220.9941588,999.581543
221.0941588,999.5876465
221.1941588,999.5683594
221.2941588,999.5810547
221.3941587,999.5871582
221.4941587,999.5834961
221.5941587,999.5791016
221.6941586,999.5776367
221.7941586,999.5725098
221.8941586,999.5805664
221.9941586,999.588623
222.0941586,999.5939941
222.1941587,999.592041
222.2941587,999.5842285
222.3941587,999.5852051
222.4942286,999.5834961
222.5942286,999.592041
222.6942286,999.5751953
222.7942286,999.5842285
222.8942285,999.581543
222.9942285,999.5908203
223.0942285,999.597168
223.1942286,999.5908203
223.2942286,999.5869141
223.3942286,999.5837402
223.4942286,999.5776367
223.5942287,999.5817871
223.6942287,999.5734863
223.7942287,999.5744629
223.8942287,999.5708008
223.9942286,999.5773926
224.0942286,999.5773926
224.1942286,999.5756836
224.2942286,999.5778809
224.3942286,999.5646973
224.4942286,999.578125
224.5942286,999.5627441
224.6942286,999.5561523
224.7942286,999.5405273
224.8942287,999.5422363
224.9942287,999.5549316
225.0942287,999.5664062
225.1942286,999.5690918
225.2942286,999.5732422
225.3942286,999.5783691
225.4942286,999.5688477
225.5942286,999.5773926
225.6942286,999.5698242
225.7942287,999.576416
225.8942288,999.5700684
225.9942288,999.5849609
226.0942288,999.5837402
226.1942289,999.5842285
226.2942288,999.5915527
226.3942288,999.5827637
226.4942288,999.5759277
226.5942288,999.5849609
226.6942287,999.576416
226.7942287,999.5778809
226.8942287,999.5803223
226.9942287,999.5737305
227.0942287,999.5876465
227.1942288,999.5751953
227.2942288,999.5854492
227.3942288,999.5810547
227.4942288,999.5986328
227.5942288,999.6040039
227.6942288,999.5964355
227.7942288,999.590332
227.8942287,999.5895996
227.9942287,999.5769043
228.0942287,999.5874023
228.1942287,999.5876465
228.2942288,999.5854492
228.3942288,999.5952148
228.4942288,999.5878906
228.5942289,999.592041
228.6942289,999.5891113
228.7942288,999.5935059
228.8942287,999.6025391
228.9942287,999.5881348
229.0942286,999.588623
229.1942288,999.588623
229.2942288,999.5969238
229.3942288,999.590332
229.4942288,999.5908203
229.5942288,999.604248
229.6942288,999.6062012
229.7942757,999.5910645
229.8942757,999.578125
229.9942757,999.5861816
230.0942757,999.5844727
230.1942757,999.567627
230.2942756,999.5778809
230.3942756,999.5732422
230.4942756,999.5837402
230.5942756,999.5861816
230.6942756,999.5830078
230.7942756,999.5915527
230.8942757,999.5854492
230.9942757,999.5754395
231.0942757,999.5822754
231.1942758,999.5778809
231.2942757,999.5847168
231.3942757,999.5773926
231.4942757,999.588623
231.5942756,999.5874023
231.6942756,999.576416
231.7942756,999.572998
231.8942756,999.5800781
231.9942756,999.576416
232.0942756,999.5737305
232.1942755,999.5783691
232.2942755,999.5812988
232.3942755,999.574707
232.4942755,999.5759277
232.5942756,999.5761719
232.6942755,999.5720215
232.7942755,999.5686035
232.8942754,999.5717773
232.9942754,999.59375
233.0942754,999.6044922
233.1942754,999.6018066
233.2942755,999.6225586
233.3942755,999.5974121
233.4942755,999.5864258
233.5942756,999.597168
233.6942756,999.583252
233.7942756,999.5825195
233.8942755,999.5820312
233.9942755,999.5837402
234.0942755,999.588623
234.1942754,999.5861816
234.2942754,999.5861816
234.3942754,999.595459
234.4942754,999.5849609
234.5942754,999.5732422
234.6942755,999.5812988
234.7942755,999.5842285
234.8942755,999.5646973
234.9942755,999.5595703
235.0942755,999.560791
235.1942755,999.5617676
235.2942755,999.5673828
235.3942755,999.5720215
235.4942755,999.5751953
235.5942754,999.5761719
235.6942754,999.5751953
235.7942755,999.5773926
235.8942755,999.5710449
235.9942755,999.5710449
236.0942756,999.5649414
236.1942756,999.5637207
236.2942755,999.560791
236.3942755,999.5568848
236.4942755,999.5651855
236.5942754,999.5686035
236.6942754,999.579834
236.7942754,999.5727539
236.8942754,999.5578613
236.9942754,999.5544434
237.0943472,999.5637207
237.1943473,999.5544434
237.2943473,999.5505371
237.3943473,999.5695801
237.4943473,999.5744629
237.5943473,999.557373
237.6943473,999.564209
237.7943473,999.567627
237.8943473,999.5849609
237.9943473,999.5964355
238.0943472,999.5861816
238.1943472,999.5949707
238.2943472,999.5957031
238.3943472,999.5864258
238.4943473,999.5983887
238.5943473,999.5944824
238.6943473,999.5898438
238.7943473,999.5910645
238.8943473,999.5961914
238.9943472,999.6005859
239.0943472,999.5842285
239.1943472,999.5786133
239.2943472,999.590332
239.3943472,999.590332
239.4943472,999.6040039
239.5943472,999.5942383
239.6943472,999.6049805
239.7943473,999.6013184
239.8943473,999.6088867
239.9943473,999.5998535
240.0943473,999.6113281
240.1943473,999.6164551
240.2943473,999.6130371
240.3943472,999.6174316
240.4943472,999.6269531
240.5943472,999.6291504
240.6943472,999.6154785
240.7943472,999.609375
240.8943473,999.6120605
240.9943473,999.6188965
241.0943474,999.6162109
241.1943474,999.6220703
241.2943473,999.6137695
241.3943473,999.6115723
241.4943473,999.6140137
241.5943473,999.6137695
241.6943472,999.6108398
241.7943472,999.6240234
241.8943472,999.6201172
241.9943472,999.5900879
242.0943472,999.5949707
242.1943473,999.607666
242.2943473,999.5932617
242.3943473,999.5854492
242.4943473,999.5891113
242.5943473,999.5910645
242.6943473,999.5942383
242.7943473,999.5817871
242.8943472,999.5905762
242.9943472,999.6010742
243.0943472,999.6062012
243.1943472,999.6169434
243.2943472,999.6281738
243.3943473,999.626709
243.4943473,999.6269531
243.5943473,999.6186523
243.6943474,999.6074219
243.7943473,999.6054688
243.8943473,999.5861816
243.9943472,999.5844727
244.0943472,999.5898438
244.1943472,999.5847168
244.2943472,999.5874023
244.3943649,999.5837402
244.4943649,999.5837402
244.5943649,999.5749512
244.6943649,999.5749512
244.7943649,999.5805664
244.8943649,999.6015625
244.9943649,999.5993652
245.094365,999.5900879
245.1943649,999.5915527
245.2943649,999.5852051
245.3943649,999.5859375
245.4943649,999.5810547
245.5943649,999.5927734
245.6943649,999.6003418
245.7943649,999.6008301
245.8943649,999.5805664
245.994365,999.5871582
246.094365,999.5847168
246.194365,999.5876465
246.294365,999.5742188
246.394365,999.5766602
246.4943649,999.5917969
246.5943649,999.5847168
246.6943648,999.5837402
246.7943648,999.5817871
246.8943648,999.5844727
246.9943648,999.581543
247.0943648,999.5808105
247.1943649,999.579834
247.2943649,999.5793457
247.3943649,999.5703125
247.4943649,999.5759277
247.5943649,999.5822754
247.6943649,999.5791016
247.7943649,999.5793457
247.8943649,999.5700684
247.9943649,999.5715332
248.0943648,999.5776367
248.1943648,999.546875
248.2943649,999.550293
248.3943649,999.5654297
248.4943649,999.5820312
248.5943649,999.5817871
248.694365,999.5861816
248.7943649,999.5817871
248.8943649,999.5861816
248.9943649,999.5976562
249.0943648,999.5961914
249.1943648,999.5900879
249.2943648,999.5856934
249.3943648,999.583252
249.4943648,999.5847168
249.5943648,999.5847168
249.6943648,999.5852051
249.7943649,999.590332
249.8943649,999.5964355
249.9943649,999.5930176
250.0943649,999.5849609
250.1943649,999.5754395
250.2943649,999.5734863
250.3943649,999.567627
250.4943649,999.5690918
250.5943648,999.5629883
250.6943648,999.5742188
250.7943649,999.5620117
250.8943649,999.5722656
250.994365,999.5771484
251.094365,999.5632324
251.194365,999.5649414
251.294365,999.5651855
251.394365,999.5581055
251.494365,999.5500488
251.5943649,999.5495605
251.6944494,999.5654297
251.7944494,999.574707
251.8944494,999.5742188
251.9944494,999.5791016
252.0944494,999.5883789
252.1944494,999.5964355
252.2944494,999.59375
252.3944494,999.5776367
252.4944494,999.5761719
252.5944495,999.557373
252.6944494,999.5471191
252.7944494,999.5517578
252.8944494,999.5444336
252.9944494,999.5527344
253.0944493,999.5537109
253.1944493,999.5522461
253.2944494,999.5705566
253.3944494,999.5693359
253.4944494,999.5725098
253.5944494,999.5688477
253.6944495,999.5625
253.7944494,999.5759277
253.8944494,999.5717773
253.9944493,999.5693359
254.0944493,999.5742188
254.1944493,999.5803223
254.2944493,999.5808105
254.3944493,999.5803223
254.4944493,999.578125
254.5944493,999.5844727
254.6944493,999.5732422
254.7944493,999.5732422
254.8944494,999.5769043
254.9944493,999.5563965
255.0944493,999.5617676
255.1944493,999.5700684
255.2944493,999.5656738
255.3944493,999.5683594
255.4944493,999.5673828
255.5944492,999.5612793
255.6944492,999.5708008
255.7944493,999.5629883
255.8944493,999.5688477
255.9944494,999.5769043
256.0944494,999.567627
256.1944494,999.5788574
256.2944494,999.5732422
256.3944494,999.5664062
256.4944494,999.5666504
256.5944493,999.5673828
256.6944493,999.5666504
256.7944493,999.5681152
256.8944493,999.5786133
256.9944493,999.5742188
257.0944493,999.5688477
257.1944493,999.5754395
257.2944494,999.5732422
257.3944494,999.5761719
257.4944494,999.5654297
257.5944494,999.567627
257.6944494,999.5683594
257.7944493,999.5588379
257.8944493,999.5549316
257.9944493,999.5637207
258.0944493,999.5644531
258.1944493,999.5678711
258.2944493,999.5656738
258.3944493,999.5688477
258.4944494,999.5715332
258.5944494,999.5683594
258.6944494,999.5749512
258.7944494,999.5786133
258.8944494,999.5769043
258.99447,999.5773926
259.09447,999.5871582
259.19447,999.5969238
259.29447,999.5927734
259.39447,999.597168
259.49447,999.5939941
259.59447,999.5976562
259.69447,999.5834961
259.79447,999.5771484
259.89447,999.5771484
259.99447,999.5651855
260.09447,999.5612793
260.19447,999.5625
260.29447,999.5625
260.3944699,999.565918
260.4944699,999.5610352
260.5944699,999.5627441
260.6944699,999.5654297
260.79447,999.5683594
260.89447,999.5744629
260.9944701,999.5668945
261.0944701,999.5668945
261.1944701,999.5761719
261.2944701,999.5786133
261.3944701,999.5751953
261.4944701,999.5698242
261.59447,999.5666504
261.69447,999.5588379
261.7944701,999.5534668
261.8944701,999.5612793
261.9944701,999.5637207
262.0944701,999.5612793
262.1944702,999.5727539
262.2944702,999.5678711
262.3944702,999.5722656
262.4944702,999.565918
262.5944703,999.5656738
262.6944702,999.5649414
262.7944702,999.5563965
262.8944702,999.5576172
262.9944702,999.5698242
263.0944702,999.5554199
263.1944702,999.560791
263.2944702,999.5458984
263.3944702,999.5527344
263.4944703,999.5510254
263.5944703,999.5429688
263.6944703,999.550293
263.7944703,999.5510254
263.8944702,999.5583496
263.9944702,999.5556641
264.0944702,999.5456543
264.1944701,999.5668945
264.2944701,999.560791
264.3944701,999.5593262
264.4944701,999.5622559
264.5944701,999.5578613
264.6944702,999.5561523
264.79447,999.5583496
264.8944701,999.5541992
264.9944701,999.5603027
265.0944701,999.5603027
265.1944701,999.5500488
265.29447,999.5419922
265.39447,999.5524902
265.49447,999.559082
265.59447,999.5390625
265.69447,999.5507812
265.79447,999.5678711
265.89447,999.572998
265.9944701,999.5769043
266.0944701,999.5844727
266.1944701,999.5844727
266.2945417,999.5805664
266.3945417,999.5844727
266.4945417,999.5673828
266.5945416,999.567627
266.6945416,999.5693359
266.7945416,999.5690918
266.8945416,999.5766602
266.9945416,999.5756836
267.0945416,999.5693359
267.1945416,999.5827637
267.2945417,999.5734863
267.3945417,999.5930176
267.4945417,999.5942383
267.5945417,999.5993652
267.6945417,999.6027832
267.7945416,999.5930176
267.8945416,999.6130371
267.9945416,999.6125488
268.0945416,999.6115723
268.1945416,999.5993652
268.2945416,999.5900879
268.3945416,999.5839844
268.4945416,999.5847168
268.5945417,999.5837402
268.6945417,999.5744629
268.7945417,999.5874023
268.8945416,999.5883789
268.9945416,999.5800781
269.0945415,999.5957031
269.1945415,999.5949707
269.2945415,999.5993652
269.3945415,999.6057129
269.4945415,999.5979004
269.5945415,999.5957031
269.6945415,999.598877
269.7945415,999.5964355
269.8945416,999.5932617
269.9945416,999.6030273
270.0945416,999.6040039
270.1945416,999.6040039
270.2945416,999.6123047
270.3945415,999.5949707
270.4945415,999.6008301
270.5945415,999.5925293
270.6945415,999.5871582
270.7945415,999.5847168
270.8945416,999.5788574
270.9945416,999.5751953
271.0945416,999.5925293
271.1945417,999.5856934
271.2945416,999.5913086
271.3945416,999.5969238
271.4945416,999.5986328
271.5945416,999.6044922
271.6945415,999.605957
271.7945415,999.612793
271.8945415,999.6044922
271.9945417,999.6030273
272.0945417,999.6066895
272.1945417,999.6064453
272.2945417,999.6069336
272.3945418,999.6132812
272.4945418,999.6218262
272.5945418,999.6286621
272.6945417,999.6252441
272.7945417,999.6125488
272.8945417,999.6083984
272.9945417,999.6140137
273.0945417,999.609375
273.1945416,999.6103516
273.2945417,999.6054688
273.3945417,999.611084
273.4945417,999.6181641
273.5945811,999.6315918
273.6945811,999.6196289
273.7945811,999.6188965
273.894581,999.6245117
273.994581,999.6279297
274.094581,999.6237793
274.1945809,999.6262207
274.2945809,999.6184082
274.3945809,999.6262207
274.4945809,999.6113281
274.5945809,999.6047363
274.6945809,999.6027832
274.7945809,999.6035156
274.894581,999.6184082
274.9945808,999.6206055
275.0945809,999.6142578
275.1945808,999.6086426
275.2945808,999.6086426
275.3945808,999.6047363
275.4945808,999.6086426
275.5945808,999.6049805
275.6945808,999.598877
275.7945808,999.6057129
275.8945808,999.6030273
275.9945809,999.6218262
276.0945809,999.6203613
276.1945809,999.6196289
276.2945809,999.6201172
276.3945809,999.628418
276.4945809,999.6193848
276.5945808,999.6257324
276.6945808,999.619873
276.7945808,999.6271973
276.8945808,999.6242676
276.9945808,999.6259766
277.0945808,999.6357422
277.1945808,999.6306152
277.2945809,999.6325684
277.3945809,999.625
277.4945809,999.6154785
277.594581,999.6113281
277.6945809,999.612793
277.7945809,999.6157227
277.8945809,999.5998535
277.9945809,999.5959473
278.0945809,999.6054688
278.1945809,999.5922852
278.2945809,999.5915527
278.3945809,999.5861816
278.494581,999.5839844
278.594581,999.5849609
278.694581,999.5844727
278.794581,999.592041
278.8945809,999.6125488
278.9945809,999.5974121
279.0945809,999.6010742
279.1945808,999.5947266
279.2945808,999.5949707
279.3945808,999.6032715
279.4945808,999.6020508
279.5945808,999.6147461
279.6945809,999.6022949
279.7945809,999.5976562
279.8945809,999.6015625
279.9945809,999.5976562
280.0945809,999.5837402
280.1945809,999.5866699
280.2945809,999.5720215
280.3945808,999.5720215
280.4945808,999.5673828
280.5945808,999.5900879
280.6945808,999.5842285
280.7945808,999.5795898
280.8946692,999.5788574
280.9946693,999.5842285
281.0946693,999.5922852
281.1946693,999.6037598
281.2946693,999.5930176
281.3946693,999.5883789
281.4946692,999.5944824
281.5946692,999.5773926
281.6946692,999.5822754
281.7946692,999.5786133
281.8946692,999.5874023
281.9946692,999.6108398
282.0946692,999.5895996
282.1946692,999.5869141
282.2946692,999.5817871
282.3946692,999.5722656
282.4946692,999.5820312
282.5946693,999.581543
282.6946692,999.5905762
282.7946692,999.5976562
282.8946692,999.5827637
282.9946692,999.5959473
283.0946692,999.5979004
283.1946692,999.5949707
283.2946692,999.59375
283.3946692,999.5917969
283.4946693,999.6210938
283.5946693,999.6018066
283.6946693,999.6040039
283.7946693,999.609375
283.8946692,999.5947266
283.9946692,999.5966797
284.0946691,999.5944824
284.1946691,999.6003418
284.2946691,999.6079102
284.3946691,999.59375
284.4946691,999.5834961
284.5946691,999.590332
284.6946692,999.5849609
284.7946692,999.5852051
284.8946692,999.5754395
284.9946692,999.5749512
285.0946692,999.5761719
285.1946692,999.5739746
285.2946692,999.6047363
285.3946692,999.6035156
285.4946692,999.598877
285.5946691,999.598877
285.6946691,999.6003418
285.7946692,999.5852051
285.8946692,999.5688477
285.9946693,999.5717773
286.0946693,999.5791016
286.1946693,999.5769043
286.2946693,999.5732422
286.3946693,999.5812988
286.4946692,999.5876465
286.5946692,999.5744629
286.6946692,999.5834961
286.7946692,999.578125
286.8946692,999.578125
286.9946692,999.5671387
287.0946692,999.5710449
287.1946692,999.5710449
287.2946693,999.5722656
287.3946694,999.5600586
287.4946693,999.5661621
287.5946694,999.559082
287.6946693,999.5603027
287.7946693,999.5539551
287.8946693,999.5561523
287.9946693,999.5598145
288.0946693,999.5634766
288.1946984,999.5432129
288.2946985,999.5576172
288.3946985,999.559082
288.4946985,999.5703125
288.5946985,999.5722656
288.6946986,999.5778809
288.7946986,999.579834
288.8946985,999.5895996
288.9946985,999.5891113
289.0946984,999.590332
289.1946984,999.5847168
289.2946984,999.5866699
289.3946984,999.5595703
289.4946984,999.5788574
289.5946984,999.5908203
289.6946984,999.5849609
289.7946985,999.5805664
289.8946985,999.583252
289.9946985,999.5961914
290.0946985,999.6022949
290.1946985,999.5856934
290.2946985,999.5759277
290.3946984,999.5759277
290.4946984,999.5651855
290.5946984,999.5644531
290.6946984,999.5644531
290.7946984,999.5761719
290.8946984,999.5749512
290.9946985,999.5808105
291.0946985,999.5761719
291.1946985,999.5834961
291.2946985,999.5898438
291.3946985,999.5869141
291.4946985,999.5854492
291.5946984,999.59375
291.6946984,999.595459
291.7946984,999.5961914
291.8946984,999.5908203
291.9946984,999.5998535
292.0946984,999.607666
292.1946984,999.6120605
292.2946984,999.6015625
292.3946985,999.590332
292.4946985,999.5932617
292.5946985,999.5744629
292.6946985,999.5690918
292.7946985,999.5710449
292.8946984,999.5666504
292.9946984,999.5830078
293.0946984,999.5788574
293.1946984,999.5681152
293.2946984,999.5561523
293.3946984,999.5563965
293.4946985,999.5612793
293.5946985,999.5783691
293.6946985,999.5852051
293.7946985,999.5998535
293.8946985,999.5742188
293.9946984,999.5993652
294.0946984,999.5910645
294.1946984,999.5932617
294.2946984,999.604248
294.3946984,999.6203613
294.4946984,999.6252441
294.5946984,999.6062012
294.6946984,999.6003418
294.7946985,999.6083984
294.8946985,999.6008301
294.9946985,999.5983887
295.0946985,999.6030273
295.1946985,999.5854492
295.2946984,999.5788574
295.3946984,999.5927734
295.494764,999.5805664
295.594764,999.581543
295.694764,999.597168
295.794764,999.597168
295.894764,999.5959473
295.994764,999.5957031
296.094764,999.6037598
296.1947641,999.6120605
296.294764,999.604248
296.394764,999.6035156
296.494764,999.595459
296.5947639,999.5991211
296.6947639,999.595459
296.7947639,999.5803223
296.8947639,999.5805664
296.9947639,999.5917969
297.0947639,999.598877
297.194764,999.5949707
297.294764,999.5991211
297.394764,999.5957031
297.494764,999.5722656
297.594764,999.5671387
297.694764,999.5690918
297.794764,999.5727539
297.8947639,999.5666504
297.9947639,999.5610352
298.0947639,999.5771484
298.1947639,999.579834
298.294764,999.576416
298.394764,999.576416
298.494764,999.5695801
298.5947641,999.5705566
298.6947641,999.5737305
298.7947641,999.5710449
298.8947641,999.5666504
298.994764,999.5771484
299.094764,999.5734863
299.1947639,999.5791016
299.2947639,999.5800781
299.3947639,999.5788574
299.4947639,999.5800781
299.5947639,999.5673828
299.694764,999.5732422
299.794764,999.5761719
299.894764,999.5800781
299.994764,999.5720215
300.094764,999.5698242
300.1947639,999.5734863
300.2947639,999.5551758
300.3947639,999.5507812
300.4947639,999.5588379
300.5947638,999.5656738
300.6947638,999.5913086
300.7947639,999.592041
300.8947639,999.5788574
300.994764,999.5788574
