"Time (s)","Latitude (°)","Longitude (°)","Height (m)","Velocity (m/s)","Direction (°)","Horizontal Accuracy (m)","Vertical Accuracy (m)"
0.000000000E0,5.238477370E1,5.208201700E0,-2.813307025E0,0.000000000E0,0.000000000E0,2.718899918E1,2.000000000E0
4.605734914E0,5.238466162E1,5.208623156E0,5.257892125E1,3.807827234E0,4.657986450E1,6.000000000E0,0.000000000E0
5.600535028E0,5.238468696E1,5.208644371E0,1.706663652E1,1.711560249E0,4.682126617E1,1.600000000E1,0.000000000E0
6.650304258E0,5.238470218E1,5.208659671E0,6.646851795E1,1.267286777E0,4.920144272E1,3.200000000E1,0.000000000E0
7.611267373E0,5.238471451E1,5.208747885E0,3.132488115E1,2.213926315E-1,0.000000000E0,3.200000000E1,0.000000000E0
8.640716449E0,5.238473307E1,5.208806351E0,1.983082510E1,3.362932205E-1,0.000000000E0,1.600000000E1,0.000000000E0
1.001336226E1,5.238473524E1,5.208852031E0,1.283501801E1,1.118443489E0,8.397254944E1,1.600000000E1,0.000000000E0
1.102067156E1,5.238474075E1,5.208872744E0,1.255304054E1,1.552397966E0,7.643323517E1,1.200000000E1,0.000000000E0
1.201390664E1,5.238475368E1,5.208922987E0,9.693898203E0,1.587999701E0,4.568410492E1,1.200000000E1,0.000000000E0
1.306989145E1,5.238477135E1,5.208944465E0,9.519747312E0,1.861898899E0,1.895665741E1,1.200000000E1,0.000000000E0
1.404603356E1,5.238479070E1,5.208955071E0,6.506869200E0,1.757924080E0,1.586102962E1,1.200000000E1,0.000000000E0
1.501859041E1,5.238479816E1,5.208942152E0,3.847806575E0,1.658046007E0,1.259924531E0,1.200000000E1,0.000000000E0
1.602241314E1,5.238481509E1,5.208937508E0,3.612655424E0,1.912375689E0,3.522247009E2,1.200000000E1,0.000000000E0
1.703272075E1,5.238483364E1,5.208927743E0,2.540594863E0,2.078780890E0,3.515022278E2,1.200000000E1,0.000000000E0
1.802838633E1,5.238485432E1,5.208916194E0,2.018766989E0,2.375577450E0,3.433870544E2,1.200000000E1,0.000000000E0
1.902974533E1,5.238487771E1,5.208897068E0,7.364082594E-1,2.469904423E0,3.496070557E2,1.200000000E1,0.000000000E0
2.003211056E1,5.238490288E1,5.208893707E0,1.398138605E0,2.469054461E0,3.422308655E2,1.200000000E1,0.000000000E0
2.104138409E1,5.238492987E1,5.208879253E0,1.619355483E0,2.578210831E0,3.399519653E2,1.200000000E1,0.000000000E0
2.202589625E1,5.238494853E1,5.208861402E0,-2.861630238E-2,2.246739864E0,3.404556885E2,1.200000000E1,0.000000000E0
2.306586609E1,5.238496203E1,5.208847005E0,-1.467561832E0,1.930438995E0,3.390291748E2,1.200000000E1,0.000000000E0
2.402756267E1,5.238497750E1,5.208836161E0,-2.256861053E0,1.704816341E0,3.477788086E2,1.200000000E1,0.000000000E0
2.505868948E1,5.238499472E1,5.208829921E0,-1.616302970E0,1.695581079E0,3.463256836E2,1.200000000E1,0.000000000E0
2.603799286E1,5.238501336E1,5.208819488E0,-1.654174088E0,1.924900532E0,3.425791931E2,1.200000000E1,0.000000000E0
2.703279232E1,5.238503916E1,5.208802202E0,-1.330207306E0,2.394423962E0,3.412477112E2,1.200000000E1,0.000000000E0
2.803506040E1,5.238505895E1,5.208786145E0,-2.476222919E0,2.675145149E0,3.423200378E2,8.000000000E0,0.000000000E0
2.903053086E1,5.238508350E1,5.208753027E0,-3.839351474E0,2.913198233E0,3.422536621E2,8.000000000E0,0.000000000E0
3.002417740E1,5.238511417E1,5.208725813E0,-4.963846028E0,3.003416061E0,3.430228882E2,8.000000000E0,0.000000000E0
3.102756066E1,5.238514748E1,5.208698102E0,-5.692089618E0,3.160663366E0,3.433085938E2,8.000000000E0,0.000000000E0
3.203618832E1,5.238517732E1,5.208672710E0,-6.223679453E0,3.171896458E0,3.445641785E2,1.200000000E1,0.000000000E0
3.304748420E1,5.238520693E1,5.208653709E0,-6.844086678E0,3.171510220E0,3.448683472E2,1.200000000E1,0.000000000E0
3.405865170E1,5.238523704E1,5.208641125E0,-7.286355520E0,3.069215298E0,3.451252136E2,8.000000000E0,0.000000000E0
3.504189285E1,5.238525596E1,5.208629054E0,-7.934279927E0,2.884311914E0,3.450813904E2,8.000000000E0,0.000000000E0
3.603052535E1,5.238528126E1,5.208618024E0,-7.952065419E0,3.011672020E0,3.464933472E2,8.000000000E0,0.000000000E0
3.702107012E1,5.238531251E1,5.208606970E0,-7.976590873E0,3.214420080E0,3.433603821E2,8.000000000E0,0.000000000E0
3.803025604E1,5.238534276E1,5.208592165E0,-8.004427682E0,3.299603701E0,3.416355591E2,8.000000000E0,0.000000000E0
3.908339681E1,5.238537396E1,5.208575147E0,-8.030807402E0,3.348794699E0,3.432267456E2,8.000000000E0,0.000000000E0
4.004361012E1,5.238540675E1,5.208557254E0,-8.055764100E0,3.386496067E0,3.443247986E2,8.000000000E0,0.000000000E0
4.102083027E1,5.238543917E1,5.208539849E0,-8.084200710E0,3.408325672E0,3.447323303E2,8.000000000E0,0.000000000E0
4.203729620E1,5.238547184E1,5.208525660E0,-8.115111860E0,3.438411474E0,3.448420410E2,8.000000000E0,0.000000000E0
4.305069881E1,5.238550439E1,5.208511748E0,-8.148725554E0,3.466253519E0,3.440950928E2,8.000000000E0,0.000000000E0
4.403802742E1,5.238553085E1,5.208497644E0,-8.187586538E0,3.444166422E0,3.399538574E2,8.000000000E0,0.000000000E0
4.502527823E1,5.238554726E1,5.208485950E0,-8.237745141E0,3.414598942E0,3.417965088E2,8.000000000E0,0.000000000E0
4.603704377E1,5.238557022E1,5.208474699E0,-8.293859752E0,3.395476341E0,3.407480164E2,8.000000000E0,0.000000000E0
4.702179092E1,5.238559994E1,5.208459867E0,-8.349793886E0,3.381891012E0,3.426574707E2,8.000000000E0,0.000000000E0
4.804594404E1,5.238562807E1,5.208444691E0,-8.403369550E0,3.369361639E0,3.436142883E2,8.000000000E0,0.000000000E0
4.902937504E1,5.238565414E1,5.208433115E0,-8.456768170E0,3.357630014E0,3.437044067E2,8.000000000E0,0.000000000E0
5.002363773E1,5.238568198E1,5.208420882E0,-8.506747759E0,3.346021414E0,3.449357910E2,8.000000000E0,0.000000000E0
5.104532511E1,5.238571493E1,5.208413088E0,-8.554003384E0,3.331153631E0,3.447958374E2,8.000000000E0,0.000000000E0
5.202380723E1,5.238574743E1,5.208395533E0,-8.599938716E0,3.317330599E0,3.436299133E2,8.000000000E0,0.000000000E0
5.301679265E1,5.238578386E1,5.208376420E0,-8.646279097E0,3.312750340E0,3.442010498E2,8.000000000E0,0.000000000E0
5.402180565E1,5.238582190E1,5.208352510E0,-8.686665666E0,3.327189922E0,3.463330994E2,8.000000000E0,0.000000000E0
5.502252107E1,5.238585904E1,5.208334144E0,-8.721526298E0,3.354284286E0,3.452572937E2,8.000000000E0,0.000000000E0
5.603065992E1,5.238589516E1,5.208311548E0,-8.758795611E0,3.388796806E0,3.457693787E2,8.000000000E0,0.000000000E0
5.704111672E1,5.238592749E1,5.208296017E0,-8.799153912E0,3.439150810E0,3.451362305E2,8.000000000E0,0.000000000E0
5.802376553E1,5.238595770E1,5.208285568E0,-8.840607109E0,3.472803831E0,3.440605164E2,8.000000000E0,0.000000000E0
5.902208938E1,5.238599498E1,5.208276367E0,-8.879501416E0,3.492796183E0,3.541546631E2,8.000000000E0,0.000000000E0
6.002271572E1,5.238602999E1,5.208270718E0,-8.920089818E0,3.490314007E0,1.193265080E0,8.000000000E0,0.000000000E0
6.103155899E1,5.238607345E1,5.208285453E0,-8.953891427E0,3.459512472E0,2.796171761E1,8.000000000E0,0.000000000E0
6.207918326E1,5.238608903E1,5.208295690E0,-8.998002112E0,3.394434929E0,4.976578522E1,8.000000000E0,0.000000000E0
6.306273872E1,5.238610265E1,5.208316788E0,-9.057166602E0,3.292682648E0,6.734413910E1,8.000000000E0,0.000000000E0
6.402951822E1,5.238611191E1,5.208363052E0,-9.122466017E0,3.209834814E0,7.463890839E1,8.000000000E0,0.000000000E0
6.509432568E1,5.238611733E1,5.208404197E0,-9.197176949E0,3.173093081E0,7.559916687E1,8.000000000E0,0.000000000E0
6.607457887E1,5.238612659E1,5.208464957E0,-9.278823007E0,3.170205593E0,7.510388184E1,8.000000000E0,0.000000000E0
6.703080979E1,5.238613826E1,5.208521318E0,-9.363695824E0,3.182760477E0,7.352895355E1,8.000000000E0,0.000000000E0
6.803004575E1,5.238615396E1,5.208579770E0,-9.452009991E0,3.210414410E0,7.368692017E1,8.000000000E0,0.000000000E0
6.902150479E1,5.238617424E1,5.208642810E0,-9.538889758E0,3.231825829E0,7.355319214E1,8.000000000E0,0.000000000E0
7.003117002E1,5.238619314E1,5.208713031E0,-9.625276113E0,3.264980316E0,7.598545074E1,8.000000000E0,0.000000000E0
7.102388864E1,5.238620284E1,5.208784839E0,-9.713762986E0,3.322162628E0,7.598445129E1,8.000000000E0,0.000000000E0
7.202756033E1,5.238621635E1,5.208852472E0,-9.804765914E0,3.386414051E0,7.746878052E1,8.000000000E0,0.000000000E0
7.301909363E1,5.238622304E1,5.208911551E0,-9.896591821E0,3.437448978E0,7.719837952E1,8.000000000E0,0.000000000E0
7.403414863E1,5.238623957E1,5.208974929E0,-9.982260464E0,3.488765001E0,7.946234894E1,8.000000000E0,0.000000000E0
7.502998782E1,5.238625177E1,5.209032939E0,-1.006580272E1,3.531843662E0,7.952008057E1,8.000000000E0,0.000000000E0
7.604752259E1,5.238626273E1,5.209091674E0,-1.013865784E1,3.573905945E0,7.280647278E1,8.000000000E0,0.000000000E0
7.704499794E1,5.238627855E1,5.209159092E0,-1.020494472E1,3.605674744E0,7.290979767E1,8.000000000E0,0.000000000E0
7.802234275E1,5.238629529E1,5.209228731E0,-1.026950943E1,3.625054836E0,7.774227905E1,8.000000000E0,0.000000000E0
7.903191851E1,5.238631042E1,5.209295210E0,-1.033305341E1,3.636431456E0,7.809179688E1,8.000000000E0,0.000000000E0
8.002179251E1,5.238632278E1,5.209356386E0,-1.039075911E1,3.652263165E0,7.786721039E1,8.000000000E0,0.000000000E0
8.105390790E1,5.238633768E1,5.209404278E0,-1.045122335E1,3.665127039E0,7.756914520E1,8.000000000E0,0.000000000E0
8.202702347E1,5.238634799E1,5.209465360E0,-1.051334648E1,3.661561012E0,7.478943634E1,8.000000000E0,0.000000000E0
8.302216113E1,5.238636029E1,5.209525170E0,-1.057769929E1,3.654288054E0,7.454457092E1,8.000000000E0,0.000000000E0
8.402612013E1,5.238637083E1,5.209579654E0,-1.064049535E1,3.660392523E0,7.492016602E1,8.000000000E0,0.000000000E0
8.502723916E1,5.238638375E1,5.209637839E0,-1.069780770E1,3.674959421E0,7.774437714E1,8.000000000E0,0.000000000E0
8.604998570E1,5.238639012E1,5.209690465E0,-1.075173178E1,3.687180281E0,7.728837585E1,8.000000000E0,0.000000000E0
8.702215089E1,5.238639894E1,5.209754339E0,-1.079910832E1,3.705999374E0,7.747156525E1,8.000000000E0,0.000000000E0
8.802484743E1,5.238640936E1,5.209803973E0,-1.130571938E1,3.742122412E0,7.715476227E1,8.000000000E0,0.000000000E0
8.902232566E1,5.238641824E1,5.209845723E0,-1.135793450E1,3.774154425E0,7.689701080E1,8.000000000E0,0.000000000E0
9.003993570E1,5.238642689E1,5.209914401E0,-1.193501986E1,3.820001841E0,7.777941895E1,6.000000000E0,0.000000000E0
9.106713443E1,5.238643208E1,5.209982369E0,-1.241375228E1,3.868531942E0,7.812475586E1,6.000000000E0,0.000000000E0
9.202466597E1,5.238643839E1,5.210051286E0,-1.245239082E1,3.899564505E0,7.711853027E1,6.000000000E0,0.000000000E0
9.305922316E1,5.238644570E1,5.210114850E0,-1.249134401E1,3.918440342E0,7.776427460E1,6.000000000E0,0.000000000E0
9.402716489E1,5.238645537E1,5.210177789E0,-1.253544807E1,3.932184458E0,7.757402039E1,6.000000000E0,0.000000000E0
9.503087004E1,5.238646577E1,5.210232387E0,-1.258368767E1,3.919353485E0,7.772495270E1,6.000000000E0,0.000000000E0
9.603557604E1,5.238647287E1,5.210294257E0,-1.262713364E1,3.890255690E0,7.719506836E1,6.000000000E0,0.000000000E0
9.704388027E1,5.238648171E1,5.210342868E0,-1.266976689E1,3.864835262E0,7.730074310E1,6.000000000E0,0.000000000E0
9.805665550E1,5.238649176E1,5.210411165E0,-1.270780336E1,3.860482454E0,7.841373444E1,8.000000000E0,0.000000000E0
9.902468604E1,5.238649551E1,5.210458325E0,-1.303626510E1,3.876322269E0,7.917807770E1,8.000000000E0,0.000000000E0
1.000333357E2,5.238650085E1,5.210517695E0,-1.327324248E1,3.899584055E0,7.915389252E1,8.000000000E0,0.000000000E0
1.010226460E2,5.238651091E1,5.210572680E0,-1.329534260E1,3.916377544E0,7.786045074E1,8.000000000E0,0.000000000E0
1.020633338E2,5.238652190E1,5.210621724E0,-1.354336731E1,3.940231085E0,7.728844452E1,6.000000000E0,0.000000000E0
1.030194777E2,5.238653243E1,5.210660012E0,-1.357376006E1,3.951681376E0,7.600189209E1,6.000000000E0,0.000000000E0
1.040206053E2,5.238654374E1,5.210719664E0,-1.360534675E1,3.959562778E0,7.658299255E1,6.000000000E0,0.000000000E0
1.050563868E2,5.238655125E1,5.210773620E0,-1.363926614E1,3.964398623E0,7.639575958E1,6.000000000E0,0.000000000E0
1.060471613E2,5.238655873E1,5.210821878E0,-1.401280913E1,3.979013443E0,7.653649902E1,6.000000000E0,0.000000000E0
1.070244502E2,5.238656528E1,5.210887854E0,-1.404104319E1,3.989563227E0,7.672061157E1,6.000000000E0,0.000000000E0
1.080218617E2,5.238657559E1,5.210957359E0,-1.406765510E1,3.992846489E0,7.728502655E1,6.000000000E0,0.000000000E0
1.090236759E2,5.238658625E1,5.211021997E0,-1.409286032E1,3.986994028E0,7.763806152E1,6.000000000E0,0.000000000E0
1.100445230E2,5.238659629E1,5.211076443E0,-1.411878833E1,3.984386444E0,7.883362579E1,6.000000000E0,0.000000000E0
1.110245463E2,5.238660623E1,5.211127190E0,-1.414796413E1,3.978934526E0,7.885532379E1,6.000000000E0,0.000000000E0
1.120312170E2,5.238661494E1,5.211184892E0,-1.418005233E1,3.979069471E0,7.790717316E1,6.000000000E0,0.000000000E0
1.130211519E2,5.238662153E1,5.211233886E0,-1.421324228E1,3.971740484E0,7.649543762E1,6.000000000E0,0.000000000E0
1.140312886E2,5.238662877E1,5.211282796E0,-1.424261990E1,3.962647438E0,7.649711609E1,6.000000000E0,0.000000000E0
1.150693887E2,5.238663738E1,5.211340368E0,-1.427279916E1,3.955283165E0,7.715787506E1,6.000000000E0,0.000000000E0
1.160227798E2,5.238664501E1,5.211395668E0,-1.430077279E1,3.929871082E0,7.700070953E1,6.000000000E0,0.000000000E0
1.170263039E2,5.238665259E1,5.211447639E0,-1.432849020E1,3.890719175E0,7.608813477E1,6.000000000E0,0.000000000E0
1.180182900E2,5.238666169E1,5.211491084E0,-1.436002494E1,3.848753214E0,7.461327362E1,6.000000000E0,0.000000000E0
1.190293841E2,5.238667172E1,5.211547092E0,-1.439206512E1,3.812964916E0,7.324520874E1,6.000000000E0,0.000000000E0
1.200462215E2,5.238668141E1,5.211593134E0,-1.442616964E1,3.782842636E0,7.443613434E1,6.000000000E0,0.000000000E0
1.210322627E2,5.238668969E1,5.211645939E0,-1.446212947E1,3.761817217E0,7.674831390E1,6.000000000E0,0.000000000E0
1.220259073E2,5.238669365E1,5.211700352E0,-1.450064099E1,3.738765955E0,7.665467834E1,6.000000000E0,0.000000000E0
1.230359371E2,5.238669932E1,5.211756088E0,-1.454210066E1,3.731117010E0,7.710167694E1,6.000000000E0,0.000000000E0
1.240325046E2,5.238670962E1,5.211814489E0,-1.458451625E1,3.723124981E0,7.671759033E1,6.000000000E0,0.000000000E0
1.250404531E2,5.238671908E1,5.211872424E0,-1.462594701E1,3.716492176E0,7.591178131E1,6.000000000E0,0.000000000E0
1.260409308E2,5.238672788E1,5.211924913E0,-1.466785732E1,3.706512213E0,7.638075256E1,6.000000000E0,0.000000000E0
1.270280819E2,5.238673460E1,5.211966797E0,-1.471496884E1,3.696060896E0,7.669831848E1,6.000000000E0,0.000000000E0
1.280184755E2,5.238674401E1,5.212017651E0,-1.476436345E1,3.690909863E0,7.692922974E1,6.000000000E0,0.000000000E0
1.290355285E2,5.238675294E1,5.212079751E0,-1.481287717E1,3.692905903E0,7.598491669E1,6.000000000E0,0.000000000E0
1.300957417E2,5.238676211E1,5.212140216E0,-1.485934175E1,3.698214293E0,7.481265259E1,6.000000000E0,0.000000000E0
1.310314629E2,5.238677200E1,5.212198775E0,-1.490679597E1,3.696995497E0,7.498171997E1,6.000000000E0,0.000000000E0
1.320434532E2,5.238678120E1,5.212255361E0,-1.495690983E1,3.682432890E0,7.186904907E1,6.000000000E0,0.000000000E0
1.330403626E2,5.238678874E1,5.212309184E0,-1.500710431E1,3.690357685E0,7.277153778E1,6.000000000E0,0.000000000E0
1.340358774E2,5.238679923E1,5.212372274E0,-1.505586960E1,3.693991423E0,7.141461182E1,6.000000000E0,0.000000000E0
1.350521647E2,5.238680725E1,5.212426070E0,-1.510587001E1,3.708729744E0,7.496810913E1,6.000000000E0,0.000000000E0
1.360419656E2,5.238681457E1,5.212489830E0,-1.515770831E1,3.701525688E0,7.967851257E1,6.000000000E0,0.000000000E0
1.370215257E2,5.238681757E1,5.212537988E0,-1.521346191E1,3.695389748E0,8.064903259E1,6.000000000E0,0.000000000E0
1.380223265E2,5.238682466E1,5.212602045E0,-1.526695335E1,3.685854673E0,7.845066833E1,6.000000000E0,0.000000000E0
1.390216990E2,5.238683143E1,5.212657573E0,-1.531963969E1,3.673327684E0,7.863027954E1,6.000000000E0,0.000000000E0
1.400250311E2,5.238684014E1,5.212710252E0,-1.536928787E1,3.669742584E0,7.756642914E1,6.000000000E0,0.000000000E0
1.410314767E2,5.238684727E1,5.212750232E0,-1.541602242E1,3.646246433E0,7.358966064E1,6.000000000E0,0.000000000E0
1.420620706E2,5.238685463E1,5.212794564E0,-1.545797223E1,3.620513439E0,7.442512512E1,6.000000000E0,0.000000000E0
1.430439190E2,5.238686316E1,5.212839754E0,-1.549749353E1,3.600485563E0,7.236386871E1,6.000000000E0,0.000000000E0
1.440455292E2,5.238687210E1,5.212881925E0,-1.553596397E1,3.602972746E0,5.729764557E1,6.000000000E0,0.000000000E0
1.450232431E2,5.238688840E1,5.212918882E0,-1.557346655E1,3.593342781E0,6.111010361E1,6.000000000E0,0.000000000E0
1.460341592E2,5.238690177E1,5.212959700E0,-1.560921742E1,3.578222513E0,5.152717972E1,6.000000000E0,0.000000000E0
1.470301435E2,5.238692076E1,5.212997606E0,-1.564302154E1,3.555924416E0,4.017809296E1,6.000000000E0,0.000000000E0
1.480416317E2,5.238694161E1,5.213024711E0,-1.567690419E1,3.523370266E0,3.371930695E1,6.000000000E0,0.000000000E0
1.490351106E2,5.238696517E1,5.213052297E0,-1.570766344E1,3.494681835E0,2.787742233E1,6.000000000E0,0.000000000E0
1.500290025E2,5.238698938E1,5.213073218E0,-1.573382740E1,3.463568449E0,2.565258408E1,6.000000000E0,0.000000000E0
1.510367661E2,5.238701749E1,5.213092697E0,-1.575812367E1,3.441325665E0,1.965686798E1,6.000000000E0,0.000000000E0
1.520345303E2,5.238704579E1,5.213106183E0,-1.578254139E1,3.418175697E0,1.747473907E1,6.000000000E0,0.000000000E0
1.530599661E2,5.238707099E1,5.213117075E0,-1.581113454E1,3.395796776E0,1.621168327E1,6.000000000E0,0.000000000E0
1.541162459E2,5.238709609E1,5.213127562E0,-1.584139101E1,3.392335892E0,1.411233234E1,6.000000000E0,0.000000000E0
1.550267974E2,5.238712804E1,5.213140612E0,-1.587287752E1,3.420268059E0,1.593678665E1,6.000000000E0,0.000000000E0
1.560286472E2,5.238715780E1,5.213156360E0,-1.590716972E1,3.452587366E0,1.500827503E1,6.000000000E0,0.000000000E0
1.570309211E2,5.238719460E1,5.213182363E0,-1.582951544E1,3.468921423E0,1.922581291E1,6.000000000E0,0.000000000E0
1.580422727E2,5.238722972E1,5.213207577E0,-1.568737390E1,3.501398563E0,2.188499069E1,6.000000000E0,0.000000000E0
1.590396016E2,5.238725706E1,5.213234277E0,-1.550670305E1,3.545802593E0,2.375035477E1,6.000000000E0,0.000000000E0
1.600402813E2,5.238728474E1,5.213262014E0,-1.530102864E1,3.579686880E0,3.651935577E1,6.000000000E0,0.000000000E0
1.610457544E2,5.238730896E1,5.213296084E0,-1.507746836E1,3.616861820E0,3.938524628E1,6.000000000E0,0.000000000E0
1.620239988E2,5.238733008E1,5.213329864E0,-1.484221575E1,3.633903265E0,5.198083115E1,6.000000000E0,0.000000000E0
1.630231053E2,5.238736007E1,5.213390423E0,-1.459696178E1,3.645431280E0,5.875888824E1,6.000000000E0,0.000000000E0
1.640351136E2,5.238737992E1,5.213449173E0,-1.434448954E1,3.651479244E0,7.054383087E1,6.000000000E0,0.000000000E0
1.650292980E2,5.238739077E1,5.213514816E0,-1.408716862E1,3.663735628E0,8.770856476E1,6.000000000E0,0.000000000E0
1.660299880E2,5.238738613E1,5.213594417E0,-1.148463098E1,3.705140114E0,9.925177765E1,6.000000000E0,0.000000000E0
1.670393529E2,5.238737617E1,5.213669075E0,-1.126992156E1,3.744314432E0,1.054997940E2,6.000000000E0,0.000000000E0
1.680278502E2,5.238735917E1,5.213738425E0,-1.105429493E1,3.760870457E0,1.060973969E2,6.000000000E0,0.000000000E0
1.690510083E2,5.238734767E1,5.213807914E0,-1.083831779E1,3.768593788E0,1.069509888E2,6.000000000E0,0.000000000E0
1.700503050E2,5.238733647E1,5.213861353E0,-1.062248178E1,3.776682377E0,1.085191422E2,6.000000000E0,0.000000000E0
1.710449736E2,5.238732506E1,5.213929999E0,-1.040713752E1,3.783042669E0,1.096058578E2,6.000000000E0,0.000000000E0
1.720394543E2,5.238731507E1,5.213976338E0,-1.019278357E1,3.795602798E0,1.100486984E2,6.000000000E0,0.000000000E0
1.730511208E2,5.238730278E1,5.214038422E0,-9.979932422E0,3.809544563E0,1.099892426E2,6.000000000E0,0.000000000E0
1.740222305E2,5.238728900E1,5.214105621E0,-9.767884392E0,3.832542896E0,1.095822678E2,6.000000000E0,0.000000000E0
1.750389004E2,5.238727722E1,5.214168924E0,-9.557481235E0,3.831335306E0,1.055863419E2,6.000000000E0,0.000000000E0
1.760239312E2,5.238726793E1,5.214222397E0,-9.349192864E0,3.817322493E0,1.062001801E2,6.000000000E0,0.000000000E0
1.770389813E2,5.238725639E1,5.214274362E0,-9.142747917E0,3.815177917E0,1.079148102E2,6.000000000E0,0.000000000E0
1.780340056E2,5.238724281E1,5.214339536E0,-7.102349665E0,3.838564634E0,1.082851944E2,6.000000000E0,0.000000000E0
1.790399661E2,5.238722946E1,5.214410122E0,-6.937388859E0,3.863876343E0,1.089191208E2,6.000000000E0,0.000000000E0
1.800382864E2,5.238721675E1,5.214474624E0,-5.306636353E0,3.892756462E0,1.098428802E2,6.000000000E0,0.000000000E0
1.810253494E2,5.238720448E1,5.214543969E0,-5.174213836E0,3.908205748E0,1.063700256E2,6.000000000E0,0.000000000E0
1.820407717E2,5.238719306E1,5.214610904E0,-3.862831982E0,3.936755657E0,1.057508011E2,6.000000000E0,0.000000000E0
1.830305717E2,5.238718224E1,5.214673367E0,-3.756737138E0,3.957215548E0,1.095347214E2,6.000000000E0,0.000000000E0
1.840421892E2,5.238716910E1,5.214737541E0,-3.651922823E0,3.968953609E0,1.097215424E2,6.000000000E0,0.000000000E0
1.850680552E2,5.238715757E1,5.214793556E0,-3.548258659E0,3.976018667E0,1.090189285E2,6.000000000E0,0.000000000E0
1.860507646E2,5.238714950E1,5.214840819E0,-3.445798487E0,3.987710476E0,1.087168579E2,6.000000000E0,0.000000000E0
1.870848485E2,5.238713720E1,5.214897036E0,-3.344125325E0,3.997846842E0,1.084657593E2,6.000000000E0,0.000000000E0
1.880411885E2,5.238712555E1,5.214949426E0,-3.243198146E0,3.979707241E0,1.028276138E2,6.000000000E0,0.000000000E0
1.890425562E2,5.238711950E1,5.214994854E0,-3.142993395E0,3.952548265E0,1.049059982E2,6.000000000E0,0.000000000E0
1.900514842E2,5.238711120E1,5.215047424E0,-2.148407584E0,3.964982271E0,1.106527710E2,6.000000000E0,0.000000000E0
1.910422475E2,5.238710088E1,5.215096386E0,-1.342106857E0,3.996647358E0,1.091141281E2,6.000000000E0,0.000000000E0
1.920358416E2,5.238709164E1,5.215142526E0,-6.853248692E-1,4.030219555E0,1.082199936E2,6.000000000E0,0.000000000E0
1.930215387E2,5.238708009E1,5.215198294E0,-1.479049932E-1,4.052715778E0,1.073237534E2,6.000000000E0,0.000000000E0
1.940182003E2,5.238706818E1,5.215262577E0,2.941362223E-1,4.094469547E0,1.080350418E2,6.000000000E0,0.000000000E0
1.950239218E2,5.238706031E1,5.215311171E0,3.303966545E-1,4.086475849E0,1.079902649E2,6.000000000E0,0.000000000E0
1.960307194E2,5.238705130E1,5.215360741E0,3.668455962E-1,4.028576374E0,1.064033585E2,6.000000000E0,0.000000000E0
1.970714889E2,5.238704406E1,5.215402560E0,4.035853106E-1,3.974863291E0,1.102268295E2,6.000000000E0,0.000000000E0
1.980468995E2,5.238703257E1,5.215450648E0,4.406430138E-1,3.913782120E0,1.118294907E2,6.000000000E0,0.000000000E0
1.990230174E2,5.238702079E1,5.215497210E0,4.777891528E-1,3.844842911E0,1.092229691E2,6.000000000E0,0.000000000E0
2.000676112E2,5.238701235E1,5.215535613E0,5.147647347E-1,3.789283752E0,1.081172180E2,6.000000000E0,0.000000000E0
2.010326398E2,5.238700354E1,5.215568006E0,5.514691558E-1,3.735337019E0,1.047117691E2,6.000000000E0,0.000000000E0
2.020399186E2,5.238699212E1,5.215608406E0,5.880488961E-1,3.682523727E0,1.050951996E2,6.000000000E0,0.000000000E0
2.030210603E2,5.238698416E1,5.215657803E0,6.246517488E-1,3.636725903E0,1.068674469E2,6.000000000E0,0.000000000E0
2.040195475E2,5.238697432E1,5.215712495E0,6.609959410E-1,3.603338718E0,1.066619720E2,6.000000000E0,0.000000000E0
2.050347045E2,5.238696625E1,5.215774557E0,1.020087913E0,3.616748333E0,1.068438492E2,6.000000000E0,0.000000000E0
2.060260163E2,5.238695532E1,5.215828227E0,1.049607073E0,3.637893677E0,1.039167328E2,8.000000000E0,0.000000000E0
2.070160807E2,5.238694863E1,5.215878808E0,1.079021299E0,3.648488045E0,1.083399124E2,8.000000000E0,0.000000000E0
2.080299444E2,5.238693955E1,5.215923854E0,1.108489306E0,3.656105757E0,1.109542007E2,8.000000000E0,0.000000000E0
2.090528000E2,5.238692253E1,5.215981657E0,1.138057371E0,3.654929399E0,1.119176559E2,8.000000000E0,0.000000000E0
2.100537242E2,5.238691368E1,5.216018245E0,1.167518949E0,3.622608662E0,1.093951416E2,6.000000000E0,0.000000000E0
2.110227721E2,5.238690184E1,5.216072652E0,1.196921357E0,3.594682932E0,1.111622772E2,6.000000000E0,0.000000000E0
2.120179526E2,5.238688311E1,5.216129910E0,1.226139511E0,3.576593161E0,1.077033081E2,6.000000000E0,0.000000000E0
2.130289041E2,5.238686915E1,5.216192588E0,1.255241232E0,3.582414865E0,1.065801468E2,6.000000000E0,0.000000000E0
2.140314118E2,5.238685487E1,5.216266851E0,1.544505317E0,3.650583029E0,1.083532028E2,8.000000000E0,0.000000000E0
2.150269702E2,5.238683859E1,5.216347402E0,1.780519093E0,3.776156664E0,1.100569687E2,8.000000000E0,0.000000000E0
2.160138786E2,5.238681670E1,5.216446197E0,1.973545673E0,4.003166676E0,1.072130051E2,8.000000000E0,0.000000000E0
2.170323868E2,5.238679268E1,5.216565185E0,2.131371352E0,4.240330696E0,1.048547211E2,8.000000000E0,0.000000000E0
2.180218926E2,5.238677650E1,5.216671820E0,2.262464394E0,4.501684189E0,1.053902817E2,8.000000000E0,0.000000000E0
2.190181665E2,5.238676235E1,5.216781891E0,2.371890825E0,4.738209248E0,1.057067947E2,8.000000000E0,0.000000000E0
2.200222156E2,5.238674906E1,5.216874446E0,2.464193121E0,4.910427570E0,1.088137817E2,8.000000000E0,0.000000000E0
2.210299171E2,5.238674283E1,5.216929465E0,2.541633764E0,4.999177933E0,1.076969376E2,8.000000000E0,0.000000000E0
2.220438483E2,5.238673549E1,5.216992593E0,2.607546884E0,5.010100365E0,1.093610229E2,8.000000000E0,0.000000000E0
2.230387793E2,5.238672196E1,5.217050103E0,2.613158254E0,4.958333969E0,1.101953964E2,8.000000000E0,0.000000000E0
2.240231934E2,5.238670960E1,5.217108818E0,2.619062518E0,4.868155956E0,1.112867279E2,8.000000000E0,0.000000000E0
2.250436572E2,5.238670772E1,5.217140965E0,2.625362342E0,4.732141495E0,1.079672928E2,8.000000000E0,0.000000000E0
2.260437925E2,5.238670316E1,5.217182801E0,2.631933335E0,4.590374470E0,1.041533051E2,8.000000000E0,0.000000000E0
2.270272575E2,5.238669805E1,5.217230578E0,2.638681617E0,4.433128357E0,1.084869843E2,8.000000000E0,0.000000000E0
2.280357359E2,5.238668776E1,5.217254559E0,2.645685854E0,4.281368732E0,1.168907394E2,8.000000000E0,0.000000000E0
2.290512886E2,5.238667831E1,5.217290120E0,2.652793480E0,4.149012566E0,1.153682632E2,8.000000000E0,0.000000000E0
2.300180891E2,5.238666861E1,5.217328631E0,2.660085052E0,4.027941227E0,1.154154816E2,8.000000000E0,0.000000000E0
2.310863062E2,5.238666705E1,5.217338109E0,2.667633504E0,3.920306206E0,1.118776016E2,8.000000000E0,0.000000000E0
2.320456169E2,5.238665993E1,5.217371939E0,2.675408299E0,3.815787077E0,1.086544952E2,8.000000000E0,0.000000000E0
2.330397266E2,5.238665146E1,5.217423007E0,2.683418579E0,3.754121065E0,1.095275726E2,8.000000000E0,0.000000000E0
2.340359762E2,5.238664088E1,5.217470838E0,2.691575185E0,3.707007885E0,1.086616058E2,8.000000000E0,0.000000000E0
2.350389252E2,5.238663080E1,5.217518668E0,2.699766562E0,3.662304878E0,1.048466187E2,8.000000000E0,0.000000000E0
2.360248947E2,5.238662596E1,5.217566048E0,2.707927104E0,3.607900143E0,1.049120789E2,8.000000000E0,0.000000000E0
2.370396508E2,5.238662072E1,5.217621940E0,2.716041162E0,3.548854589E0,1.036881332E2,8.000000000E0,0.000000000E0
2.380211744E2,5.238661270E1,5.217667868E0,2.724161013E0,3.488149405E0,1.015822449E2,8.000000000E0,0.000000000E0
2.390302479E2,5.238660833E1,5.217707123E0,2.732186215E0,3.428041697E0,1.031068192E2,8.000000000E0,0.000000000E0
2.400301351E2,5.238659881E1,5.217762643E0,2.740232900E0,3.370055676E0,1.039562912E2,8.000000000E0,0.000000000E0
2.410246982E2,5.238659126E1,5.217813538E0,2.748346345E0,3.322088480E0,1.045542603E2,8.000000000E0,0.000000000E0
2.420291572E2,5.238658089E1,5.217868641E0,2.756302836E0,3.309041262E0,1.062569962E2,8.000000000E0,0.000000000E0
2.430068077E2,5.238657238E1,5.217919426E0,2.764343058E0,3.324109077E0,1.070855713E2,8.000000000E0,0.000000000E0
2.440137147E2,5.238656293E1,5.217967497E0,2.772339236E0,3.319166422E0,1.069502716E2,8.000000000E0,0.000000000E0
2.450288120E2,5.238655187E1,5.218022429E0,2.780242590E0,3.306762934E0,1.073096085E2,8.000000000E0,0.000000000E0
2.460186119E2,5.238654360E1,5.218075133E0,2.788176357E0,3.310060978E0,1.069375076E2,6.000000000E0,0.000000000E0
2.470570814E2,5.238652762E1,5.218140907E0,2.796220303E0,3.355018377E0,1.069780273E2,6.000000000E0,0.000000000E0
2.480241990E2,5.238651352E1,5.218205212E0,2.804186947E0,3.385765076E0,1.067022171E2,6.000000000E0,0.000000000E0
2.490317675E2,5.238650292E1,5.218249600E0,2.812246501E0,3.384303808E0,1.103851318E2,6.000000000E0,0.000000000E0
2.500200330E2,5.238649615E1,5.218287653E0,2.820441862E0,3.390129566E0,1.103919144E2,8.000000000E0,0.000000000E0
2.510525733E2,5.238647728E1,5.218361544E0,2.828663746E0,3.428830862E0,1.114346542E2,8.000000000E0,0.000000000E0
2.520195777E2,5.238646259E1,5.218417414E0,2.836841619E0,3.447742701E0,1.110291519E2,8.000000000E0,0.000000000E0
2.530300415E2,5.238644869E1,5.218474436E0,2.845068150E0,3.464713812E0,1.105788879E2,8.000000000E0,0.000000000E0
2.540776627E2,5.238643744E1,5.218517946E0,2.853298477E0,3.485485077E0,1.098528061E2,8.000000000E0,0.000000000E0
2.550181928E2,5.238642494E1,5.218565827E0,2.861482242E0,3.514055729E0,1.084537964E2,8.000000000E0,0.000000000E0
2.560787642E2,5.238641467E1,5.218609288E0,2.869576663E0,3.532983541E0,1.083889999E2,8.000000000E0,0.000000000E0
2.570386468E2,5.238639934E1,5.218669956E0,2.877659615E0,3.543706417E0,1.096517792E2,8.000000000E0,0.000000000E0
2.580426330E2,5.238638411E1,5.218734381E0,2.885675802E0,3.560726404E0,1.095000687E2,8.000000000E0,0.000000000E0
2.590352524E2,5.238636900E1,5.218794028E0,2.893614826E0,3.559052706E0,1.089829865E2,8.000000000E0,0.000000000E0
2.600147437E2,5.238635201E1,5.218874513E0,2.973217438E0,3.640870094E0,1.078172150E2,8.000000000E0,0.000000000E0
2.610333486E2,5.238633586E1,5.218950650E0,2.979510148E0,3.669942617E0,1.070636520E2,8.000000000E0,0.000000000E0
2.620376660E2,5.238632726E1,5.219000001E0,2.985849018E0,3.678264856E0,1.064486923E2,8.000000000E0,0.000000000E0
2.630184507E2,5.238631752E1,5.219054130E0,3.050835989E0,3.714402199E0,1.067698135E2,8.000000000E0,0.000000000E0
2.640244139E2,5.238630564E1,5.219116147E0,3.104275295E0,3.772258759E0,1.079913788E2,8.000000000E0,0.000000000E0
2.650594510E2,5.238629407E1,5.219171450E0,3.108635925E0,3.798370838E0,1.078462296E2,8.000000000E0,0.000000000E0
2.660390152E2,5.238628461E1,5.219218746E0,3.113061473E0,3.815623283E0,1.077927017E2,8.000000000E0,0.000000000E0
2.670318647E2,5.238627152E1,5.219282577E0,3.117522863E0,3.816943407E0,1.079395523E2,8.000000000E0,0.000000000E0
2.680201004E2,5.238625591E1,5.219349627E0,3.122123531E0,3.819171667E0,1.078244171E2,8.000000000E0,0.000000000E0
2.690201496E2,5.238624469E1,5.219401014E0,3.126702715E0,3.806951284E0,1.071085434E2,8.000000000E0,0.000000000E0
2.700275804E2,5.238623781E1,5.219431747E0,3.131318048E0,3.769415617E0,1.083569336E2,8.000000000E0,0.000000000E0
2.710270672E2,5.238622694E1,5.219473407E0,3.135919785E0,3.739727974E0,1.086374741E2,8.000000000E0,0.000000000E0
2.720429397E2,5.238621332E1,5.219529995E0,3.140613628E0,3.716191292E0,1.080830536E2,8.000000000E0,0.000000000E0
2.730232958E2,5.238620209E1,5.219590038E0,3.145266898E0,3.659385443E0,1.110551987E2,8.000000000E0,0.000000000E0
2.740339605E2,5.238618848E1,5.219643870E0,3.149864327E0,3.592544794E0,1.111897354E2,8.000000000E0,0.000000000E0
2.750260151E2,5.238617021E1,5.219720878E0,3.154377908E0,3.570885897E0,1.114463196E2,8.000000000E0,0.000000000E0
2.760881646E2,5.238615090E1,5.219798046E0,3.199421419E0,3.622597218E0,1.105971603E2,8.000000000E0,0.000000000E0
2.770526527E2,5.238613709E1,5.219851140E0,3.236908911E0,3.693509579E0,1.100644379E2,8.000000000E0,0.000000000E0
2.780615431E2,5.238612849E1,5.219896292E0,3.240057459E0,3.718902588E0,1.134591217E2,8.000000000E0,0.000000000E0
2.790254621E2,5.238611321E1,5.219948823E0,3.243318783E0,3.708116293E0,1.134957199E2,8.000000000E0,0.000000000E0
2.800345055E2,5.238609864E1,5.219991384E0,3.246761172E0,3.704157591E0,1.107055817E2,8.000000000E0,0.000000000E0
2.810466158E2,5.238608908E1,5.220029866E0,3.250159554E0,3.685560703E0,1.127620316E2,8.000000000E0,0.000000000E0
2.820231710E2,5.238608133E1,5.220068144E0,3.255400248E0,3.651242733E0,1.120141296E2,8.000000000E0,0.000000000E0
2.830180462E2,5.238607122E1,5.220115592E0,3.261991469E0,3.639276981E0,1.112811050E2,8.000000000E0,0.000000000E0
2.840248063E2,5.238606452E1,5.220142268E0,3.270630758E0,3.574291229E0,1.114081192E2,8.000000000E0,0.000000000E0
2.850251996E2,5.238605195E1,5.220188298E0,3.280553531E0,3.498871088E0,1.126755295E2,8.000000000E0,0.000000000E0
2.860327020E2,5.238603842E1,5.220242824E0,3.291751959E0,3.418470144E0,1.176704407E2,8.000000000E0,0.000000000E0
2.870733001E2,5.238603152E1,5.220266061E0,3.303819790E0,3.335675001E0,1.262042313E2,8.000000000E0,0.000000000E0
2.880280269E2,5.238602160E1,5.220288862E0,3.316112385E0,3.241365671E0,1.456923676E2,8.000000000E0,0.000000000E0
2.890913344E2,5.238600804E1,5.220306571E0,3.328223422E0,3.141542673E0,1.722814331E2,8.000000000E0,0.000000000E0
2.900712862E2,5.238598408E1,5.220306304E0,3.340810056E0,3.071169615E0,2.092998199E2,8.000000000E0,0.000000000E0
2.910282750E2,5.238595458E1,5.220273300E0,3.353837863E0,3.033805370E0,2.059353485E2,8.000000000E0,0.000000000E0
2.920277809E2,5.238592714E1,5.220248383E0,3.366612516E0,3.058583736E0,1.984099274E2,8.000000000E0,0.000000000E0
2.930392137E2,5.238589682E1,5.220230557E0,3.379563177E0,3.101462841E0,2.012200012E2,8.000000000E0,0.000000000E0
2.940317467E2,5.238586618E1,5.220209321E0,3.392856302E0,3.158168316E0,2.056764374E2,8.000000000E0,0.000000000E0
2.950195059E2,5.238584944E1,5.220191773E0,3.406912845E0,3.210180521E0,2.028810577E2,8.000000000E0,0.000000000E0
2.960189435E2,5.238583208E1,5.220173531E0,3.421135876E0,3.276925564E0,1.995925140E2,8.000000000E0,0.000000000E0
2.970374489E2,5.238578525E1,5.220153652E0,3.435231863E0,3.347525835E0,2.013422852E2,8.000000000E0,0.000000000E0
