"Time (s)","Acceleration x (m/s^2)","Acceleration y (m/s^2)","Acceleration z (m/s^2)"
3.626635080E-1,1.541913033E0,6.838048935E0,4.946571827E0
4.627372900E-1,2.992843390E-1,7.235498428E0,3.517189741E0
5.627916040E-1,-2.387091875E0,1.123872566E1,1.826831698E0
6.628760840E-1,-4.467716694E0,1.134646797E1,1.968093872E0
7.629286330E-1,-1.855562925E0,9.842864037E0,3.035940409E0
8.629921460E-1,-2.662433624E0,8.085466385E0,6.067092419E0
9.630601600E-1,-4.333637357E-1,6.553130150E0,7.302538395E0
1.063133841E0,1.118126392E0,6.948185444E0,5.760625362E0
1.163187523E0,3.715914488E0,6.964945316E0,8.166871071E0
1.263264871E0,5.719922543E0,2.837215662E0,1.266810799E1
1.363332848E0,6.033572674E0,2.901860952E0,1.207432747E1
1.463393261E0,5.497254848E0,2.885101080E0,1.019721603E1
1.563464147E0,7.925049663E-1,6.354405403E0,5.810904980E0
1.663546362E0,-1.245022863E-1,8.315316200E0,3.505218267E0
1.763604610E0,-8.786988258E-1,1.066170597E1,8.068706393E-1
1.863667828E0,-3.622537851E0,1.149012470E1,1.139674783E0
1.963729176E0,-1.939362645E0,1.143984509E1,1.635289669E0
2.063799287E0,-2.037527800E0,8.827691078E0,5.054314137E0
2.163863399E0,2.681587696E0,7.881952763E0,3.799714088E0
2.263937711E0,2.346389294E0,6.735095024E0,5.276981831E0
2.364004858E0,2.700742006E0,4.209135056E0,3.888302326E0
2.464082105E0,5.006428719E0,3.988861799E0,1.279500484E1
2.564142285E0,4.405465603E0,3.062277555E0,1.254121113E1
2.664204561E0,5.011217117E0,5.171633720E0,8.849239349E0
2.764275442E0,7.541965842E-1,5.348809719E0,8.023215294E0
2.864349155E0,2.533142805E0,7.295355320E0,4.199557781E0
2.964401602E0,-6.273000240E-1,9.033598900E0,2.899466753E0
3.064479480E0,-4.470110893E0,1.399214172E1,-4.716721475E-1
3.164532029E0,-3.328042030E-1,1.073592854E1,-9.672870040E-1
3.264613178E0,-1.376708031E0,9.107821465E0,4.077449799E0
3.364682992E0,2.243435383E0,7.029590607E0,4.774183750E0
3.464746843E0,1.963305324E-1,5.446975231E0,6.675238132E0
3.564815624E0,8.229122162E0,6.086246490E0,6.105400562E0
3.664875304E0,8.854028702E0,1.051086664E0,1.386045647E1
3.764951585E0,1.041749001E1,4.278569221E0,6.589044094E0
3.865007141E0,2.774964571E0,4.125335693E0,9.622590065E0
3.965074820E0,4.113364220E0,6.878751755E0,2.971295118E0
4.065144366E0,1.580221355E-1,8.107014656E0,3.845205307E0
4.165213648E0,-1.110943556E0,1.160265541E1,8.930644989E-1
4.265278428E0,-4.829252243E0,1.518209648E1,-1.369525194E0
4.366467679E0,2.494834423E0,1.085324764E1,-5.458946824E-1
4.466538592E0,4.716721475E-1,8.097437859E0,3.052700281E0
4.566600877E0,3.557892323E0,6.871568680E0,1.934574008E0
4.666675456E0,6.766220570E0,5.231490612E0,5.813299179E0
4.766735706E0,7.656890869E0,3.189173937E0,9.517242432E0
4.866803253E0,1.311583710E1,1.379102230E0,1.136562252E1
4.966870964E0,1.004398251E1,4.793338299E0,7.628159523E0
5.066945710E0,3.047911882E0,4.905869007E0,7.977723598E0
5.166999757E0,2.221887112E0,6.234691620E0,7.012830734E0
5.267071344E0,4.982485771E0,8.954587936E0,1.127703428E0
5.367145590E0,-2.260195494E0,1.132970810E1,2.846792698E0
5.467206837E0,-1.881899953E0,1.495464039E1,-1.340793848E0
5.567273388E0,1.762186289E0,9.768641472E0,2.085413456E0
5.667340234E0,8.882759809E-1,9.196409225E0,3.541132450E0
5.767407812E0,1.501210332E0,5.983292580E0,5.777385235E0
5.867473825E0,2.973689318E0,3.864359617E0,6.162863255E0
5.967547637E0,6.241874218E0,2.590605259E0,1.003919411E1
6.067611151E0,1.453085423E1,1.132491946E0,1.187560272E1
6.167677066E0,1.115253162E1,4.350397110E0,6.378347874E0
6.267741180E0,3.404658794E0,4.075055599E0,8.442213058E0
6.367812494E0,4.745452881E0,6.277788639E0,3.239453793E0
6.467880972E0,2.614548206E0,8.123774529E0,2.889889717E0
6.567942685E0,-1.077423692E0,1.077902508E1,2.334417820E0
6.668011065E0,-1.726272106E0,1.321400261E1,-2.130904645E-1
6.768091611E0,-5.650488734E-1,1.027862167E1,1.764580488E0
6.868148392E0,2.063864946E0,8.631361008E0,2.087807655E0
6.968213406E0,6.605803967E0,7.553936958E0,4.992063046E0
7.068280486E0,6.100612164E0,5.260221958E0,5.640911579E0
7.168341233E0,7.249864101E0,3.148471355E0,1.057551193E1
7.268411780E0,1.195461369E1,-1.101366431E-1,1.022834206E1
7.368481624E0,1.051326084E1,2.545114040E0,7.292961121E0
7.468547105E0,3.378321648E0,5.035160065E0,6.967339516E0
7.568616921E0,4.254626274E0,7.127756119E0,1.213897347E0
7.668685268E0,1.137280583E0,9.785401344E0,1.594586968E0
7.768752482E0,6.368771195E-1,1.182053471E1,-1.173194647E-1
7.868819261E0,1.556278616E-1,1.253163433E1,-4.951360226E0
7.968890074E0,-9.433442950E-1,8.712765694E0,3.375927448E0
8.068951688E0,3.881119490E0,7.192401409E0,1.489238977E0
8.169023200E0,5.265010357E0,6.004841328E0,3.421418667E0
8.269088017E0,5.468523502E0,4.345608711E0,7.767027378E0
8.369162765E0,9.670475960E0,1.771763325E0,1.028580475E1
8.469225279E0,1.292429543E1,5.818088055E-1,8.403904915E0
8.569288128E0,8.743891716E0,3.220299721E0,6.988888264E0
8.669356211E0,4.175615311E0,5.399089813E0,5.865973473E0
8.769424964E0,4.163643837E0,7.379155159E0,1.893871427E0
8.869489309E0,2.241041183E0,8.796566010E0,2.535537004E0
8.969556224E0,8.020820618E-1,1.097535610E1,3.112557232E-1
9.069629180E0,-3.342407703E0,1.363778973E1,-2.286532402E0
9.169687995E0,1.948939681E0,7.846038342E0,2.396669149E0
9.269764245E0,2.466103077E0,8.511647224E0,2.451737404E0
9.369823925E0,2.942563772E0,6.909877300E0,2.822849989E0
9.469896437E0,5.614574432E0,4.178009510E0,6.833260536E0
9.569963816E0,9.079090118E0,2.875524044E0,8.760651588E0
9.670026462E0,9.684841156E0,3.902668059E-1,1.172476387E1
9.770095382E0,8.849239349E0,2.372726440E0,6.529187202E0
9.870159594E0,4.582642078E0,5.272192955E0,5.734288216E0
9.970232739E0,4.479688168E0,7.688016415E0,1.252205729E0
1.007029168E1,1.163617611E0,1.097296143E1,7.781392932E-1
1.017035873E1,1.678386688E0,1.035523891E1,-2.274561077E-1
1.027042715E1,-5.985686928E-2,1.351328659E1,-2.312869549E0
1.037049459E1,2.059076309E0,9.792584419E0,1.175588965E0
1.047056727E1,5.887521744E0,5.815693378E0,2.734261751E0
1.057063472E1,4.417437077E0,5.715134144E0,4.812492371E0
1.067070787E1,6.823683262E0,4.573064804E0,7.125361919E0
1.077076545E1,1.028341007E1,2.332023621E0,1.257952023E1
1.087082953E1,1.047255802E1,3.220299721E0,6.261028767E0
1.097089834E1,6.996070862E0,3.263396502E0,8.095043182E0
1.107097275E1,4.113364220E0,6.093429565E0,3.627326250E0
1.117103090E1,2.099778891E0,8.643332481E0,1.618529797E0
1.127110598E1,-5.267404765E-2,1.252684593E1,-1.072635174E0
1.137117009E1,-1.534730196E0,1.520364475E1,-3.912245035E0
1.147124131E1,2.588211060E0,8.916279793E0,1.063058019E0
1.157129816E1,3.107768774E0,7.920260906E0,1.716695070E0
1.167164854E1,4.180403709E0,6.323279858E0,4.520390987E0
1.177171762E1,5.537957668E0,6.450176239E0,5.715134144E0
1.187178420E1,8.605023384E0,3.962524891E0,8.164477348E0
1.197185098E1,7.606611252E0,4.532361984E0,9.364008904E0
1.207192103E1,1.259628010E1,6.584255695E-1,6.174834728E0
1.217199068E1,4.582642078E0,4.946571827E0,6.639324188E0
1.227206099E1,2.233858347E0,7.920260906E0,1.800494671E0
1.237211744E1,-3.902668059E-1,1.238797760E1,-8.739103079E-1
1.247218525E1,-3.902668059E-1,1.307274055E1,-1.240234375E0
1.257224689E1,6.392713785E-1,1.183968925E1,1.618529797E0
1.267231871E1,2.063864946E0,1.042467213E1,-7.733507752E-1
1.277238672E1,3.510006905E0,7.984906673E0,1.939362645E0
1.287245443E1,4.798126698E0,6.945791245E0,3.514795303E0
1.297252261E1,8.171659470E0,4.558699131E0,4.264203548E0
1.307259319E1,9.414288521E0,1.110943556E0,1.704723740E1
1.317265497E1,1.342230415E1,2.803695917E0,3.225088120E0
1.327272308E1,4.829252243E0,4.668835640E0,7.750267506E0
1.337279100E1,3.277762175E0,7.166064739E0,2.018373728E0
1.347286515E1,4.812492430E-1,1.093704700E1,1.388679445E-1
1.357292276E1,-1.003201127E0,1.250769138E1,-1.228263021E0
1.367299631E1,-6.296942830E-1,1.330259037E1,-3.323253393E0
1.377305732E1,2.609759569E0,9.871595383E0,-1.221080124E-1
1.387312640E1,4.841223717E0,6.689603806E0,3.155654192E0
1.397319381E1,5.051919937E0,6.775797844E0,4.436591148E0
1.407326099E1,7.230710030E0,4.886714935E0,5.897099018E0
1.417332657E1,6.792557716E0,4.446168423E0,1.441592884E1
1.427339998E1,1.138238239E1,2.770175934E0,5.229096413E0
1.437346870E1,4.668835640E0,5.305713177E0,6.213143349E0
1.447352858E1,1.503604531E0,1.030495834E1,4.915446281E0
1.457359199E1,2.602576733E0,1.002482891E1,-2.274561077E-1
1.467366550E1,3.615354896E-1,1.164814663E1,8.475732803E-1
1.477373099E1,-2.475680113E0,1.320921421E1,-8.092648983E-1
1.487379540E1,2.166818619E0,7.836461544E0,2.679193497E0
1.497386312E1,2.090201855E0,6.713546753E0,5.899493217E0
1.507392929E1,1.106154919E0,3.239453793E0,8.377567291E0
1.517399804E1,4.984879971E0,3.907456398E0,7.352818012E0
1.527406452E1,6.119766235E0,1.824437380E0,1.079817963E1
1.537413177E1,9.055147171E0,-1.702329397E0,1.227784157E1
1.547420395E1,6.311308384E0,2.774964571E0,8.377567291E0
1.557425893E1,1.781340480E0,4.769395351E0,9.598648071E0
1.567433264E1,2.710319042E0,6.507638931E0,5.370358467E0
1.577440645E1,-9.529213905E-1,7.968146324E0,6.431022167E0
1.587447150E1,1.465296149E0,9.457385063E0,4.905869007E0
1.597453838E1,-6.105400562E0,1.265374279E1,7.058321953E0
1.607460013E1,-1.027143836E0,6.665660858E0,5.298530102E0
1.617467991E1,1.728666425E0,6.385530949E0,5.760625362E0
1.627474353E1,3.155654192E0,5.140508175E0,5.808510780E0
1.637480661E1,6.134131908E0,3.969707727E0,7.008042336E0
1.647486939E1,4.972908974E0,-4.309694469E-2,1.023313046E1
1.657493651E1,6.241874218E0,8.427847624E-1,1.204320240E1
1.667500999E1,5.250644684E0,6.608198285E-1,1.138956547E1
1.677507760E1,2.648067951E0,5.818087578E0,4.812492371E0
1.687514748E1,1.915419847E-2,8.609811783E0,3.203539610E0
1.697520610E1,-1.403045058E0,1.135365105E1,1.541913033E0
1.707527995E1,-4.027170181E0,1.533772469E1,5.411061049E-1
1.717533983E1,-1.154040456E0,8.856422424E0,2.573845387E0
1.727541161E1,-7.398309112E-1,1.090831566E1,2.063864946E0
1.737548709E1,1.209108829E0,6.648900986E0,5.679219723E0
1.747555474E1,4.158855438E0,6.699181080E0,5.791750908E0
1.757561339E1,5.703162670E0,4.699961662E0,8.921068192E0
1.767567794E1,1.252684593E1,1.063058019E0,1.147815323E1
1.777574299E1,8.583475113E0,3.809291124E0,9.129369736E0
1.787580974E1,3.715914488E0,4.805309772E0,8.013637543E0
1.797589088E1,2.468497276E0,8.281796455E0,2.226675510E0
1.807596323E1,-1.465296149E0,1.019482231E1,1.065452337E0
1.817601178E1,-1.879505754E0,1.320921421E1,-8.308133483E-1
1.827608316E1,-2.681587696E0,1.332653332E1,-1.757397652E0
1.837614614E1,-3.112557158E-2,8.054340363E0,2.710319042E0
1.847621352E1,8.356019258E-1,8.482915878E0,2.865947008E0
1.857627813E1,8.619389534E-1,5.801327705E0,5.985687256E0
1.867635041E1,6.962551117E0,6.064698219E0,4.853195190E0
1.877642009E1,5.001639843E0,4.295329094E0,1.169363785E1
1.887649341E1,9.754275322E0,3.943370581E0,9.670475960E0
1.897659004E1,6.694392204E0,4.424619675E0,8.406298637E0
1.907666175E1,2.257801056E0,6.737489223E0,5.109382629E0
1.917672459E1,1.254600048E0,8.116591454E0,3.146077156E0
1.927680281E1,-9.074301720E-1,1.057311726E1,1.834014535E0
1.937685840E1,-3.770982742E0,1.302006626E1,-7.470137477E-1
1.947692591E1,-2.370332003E0,1.156913567E1,2.528354168E0
1.957699102E1,4.549122229E-2,9.330489159E0,2.767781734E0
1.967707184E1,1.472478986E0,6.021601200E0,6.160469055E0
1.977712835E1,3.632114887E0,5.839636326E0,5.820482254E0
1.987719690E1,4.640104771E0,3.852388144E0,1.141829681E1
1.997726088E1,1.188757420E1,1.893871427E0,1.326428223E1
2.007733396E1,9.172467232E0,3.914639235E0,8.279402733E0
2.017739677E1,3.011997700E0,5.166844845E0,7.201978683E0
2.027746645E1,2.423006058E0,7.769421577E0,2.595393896E0
2.037753086E1,-2.394274771E-1,1.014214802E1,1.283331275E0
2.047759871E1,-2.329629421E0,1.243346882E1,-9.098244458E-2
2.057766392E1,-2.964112282E0,1.240234375E1,-5.842030644E-1
2.067773674E1,2.054287672E0,1.062100315E1,-9.481328130E-1
2.077780255E1,1.434170604E0,7.515628815E0,4.857983589E0
2.087787526E1,5.329655647E0,5.655277252E0,4.307300568E0
2.097793134E1,6.004841328E0,3.948159218E0,9.344854355E0
2.107800666E1,4.678412914E0,1.180377483E0,1.443029404E1
2.117807144E1,7.862798691E0,3.864359617E0,9.287391663E0
2.127813605E1,2.796513081E0,5.808510780E0,6.675238132E0
2.137820359E1,2.389486313E0,6.943397045E0,4.405465603E0
2.147826887E1,1.769369125E0,9.045570374E0,2.540325642E0
2.157832822E1,-9.337671995E-1,1.100887585E1,1.264177084E0
2.167840250E1,-4.422225475E0,1.318766594E1,-3.423812985E-1
2.177846978E1,1.046298146E0,9.651321411E0,2.087807655E0
2.187853773E1,2.310475111E0,7.877163887E0,4.106181145E0
2.197861178E1,2.322446585E0,6.644112587E0,5.073468208E0
2.207867989E1,3.565075159E0,6.926637173E0,6.718335152E0
2.217873777E1,5.715134144E0,4.144489765E0,1.269683933E1
2.227880488E1,5.408666611E0,4.944177628E0,1.096577835E1
2.237887299E1,7.616188049E0,3.648874760E0,8.518829346E0
2.247893851E1,9.409499764E-1,6.208354473E0,6.095823765E0
2.257900329E1,8.403904438E-1,9.182044029E0,1.429382086E0
2.267908837E1,-1.367130876E0,1.115492630E1,8.619389534E-1
2.277914211E1,-4.494053841E0,1.596981335E1,-3.514795303E0
2.287920999E1,3.208328247E0,8.528407097E0,1.675992310E-1
2.297928047E1,-4.237866402E-1,9.481328011E0,2.461314440E0
2.307934212E1,4.252232075E0,6.579467297E0,2.827638626E0
2.317941063E1,3.225088120E0,3.964919090E0,8.506858826E0
2.327947564E1,7.905895233E0,2.751021862E0,1.168884945E1
2.337955259E1,9.888355255E0,3.713520288E0,9.129369736E0
2.347960981E1,6.064698219E0,4.154066563E0,8.530800819E0
2.357968309E1,4.180403709E0,7.307326794E0,4.197163582E0
2.367975193E1,1.304879785E0,8.674457550E0,2.499622822E0
2.377981478E1,-4.884320498E-1,1.115253162E1,7.422251701E-1
2.387988460E1,-2.681587934E-1,1.368328094E1,-1.340793848E0
2.397995198E1,-5.147690773E-1,1.078860188E1,9.864411950E-1
2.408003367E1,8.379961550E-2,9.222746849E0,2.717501879E0
2.418008082E1,1.568249941E0,6.742278099E0,5.830059052E0
2.428015177E1,4.019987583E0,6.577073097E0,5.073468208E0
2.438021339E1,6.423839092E0,4.695172787E0,8.561926842E0
2.448029407E1,7.551542759E0,4.340820312E0,8.875576973E0
2.458034252E1,8.482915878E0,3.751828671E0,7.790970325E0
2.468041977E1,4.450956821E0,5.937801361E0,5.626545906E0
2.478050231E1,2.415823221E0,7.862798691E0,3.177202702E0
2.488055729E1,8.930644989E-1,9.941028595E0,1.120520592E0
2.498062121E1,-4.022381783E0,1.297457504E1,-1.137280583E0
2.508068738E1,-7.302538157E-1,1.267529106E1,1.963305324E-1
2.518075286E1,1.551490068E0,1.030256462E1,-2.825244367E-1
2.528082538E1,1.498816013E0,7.113390446E0,3.277762175E0
2.538088582E1,3.143682718E0,5.492466450E0,4.798126698E0
2.548095327E1,6.074275017E0,4.551516533E0,8.724737167E0
2.558101945E1,1.304161453E1,2.482862949E0,1.159547329E1
2.568109133E1,9.021627426E0,3.483669758E0,9.009655952E0
2.578115485E1,5.506832123E0,3.857176781E0,8.650514603E0
2.588122110E1,4.292934895E0,6.727912426E0,1.874717116E0
2.598129785E1,1.197137404E-2,8.657697678E0,4.094210148E0
2.608135756E1,-1.103760719E0,1.266571331E1,1.699935049E-1
2.618142780E1,-2.001613855E0,1.470084763E1,-1.338399649E0
2.628160434E1,2.741444588E0,6.859597206E0,2.205127001E0
2.638167145E1,3.294522047E0,7.992089272E0,1.984853864E0
2.648174066E1,5.308107376E0,6.766220570E0,4.266597748E0
2.658180531E1,5.765413761E0,5.446975231E0,6.014418125E0
2.668186839E1,7.383943558E0,4.616161823E0,9.304151535E0
2.678193521E1,8.226728439E0,3.335224867E0,1.201686573E1
2.688200178E1,6.459753513E0,5.073468208E0,6.718335152E0
2.698207650E1,2.779752970E0,6.761432171E0,4.843617916E0
2.708213788E1,3.124528646E0,7.620976925E0,2.609759569E0
2.718220460E1,1.532335877E0,1.007032013E1,1.843591571E0
2.728227715E1,-1.101366431E-1,1.234248638E1,-2.521171331E0
2.738234596E1,1.211503029E0,1.167448425E1,-6.033572555E-1
2.748240524E1,2.185972929E0,1.024989033E1,0.000000000E0
2.758246785E1,8.954587579E-1,8.039975166E0,4.857983589E0
2.768255610E1,6.287365437E0,6.565101624E0,3.847599506E0
2.778260904E1,6.495667458E0,4.759818554E0,8.528407097E0
2.788267915E1,1.122675419E1,2.025556564E0,1.296260357E1
2.798275030E1,1.236882401E1,3.308887720E0,3.957736254E0
2.808280868E1,4.041535854E0,5.387118340E0,7.314509392E0
2.818288523E1,4.168432236E0,7.161275864E0,2.624125242E0
2.828294248E1,1.458113313E0,9.536396980E0,1.407833576E0
2.838301013E1,-9.146129489E-1,1.196897984E1,-1.448536277E0
2.848308031E1,-1.278542757E0,1.349173832E1,-3.742251635E0
2.858314552E1,1.082212210E0,1.022594738E1,2.035133541E-1
2.868321377E1,2.497228622E0,8.145322800E0,2.360754967E0
2.878327892E1,3.873936653E0,6.292154312E0,4.834040642E0
2.888334813E1,7.048745155E0,4.458139896E0,7.984906673E0
2.898341508E1,9.909903526E0,2.590605259E0,1.317329979E1
2.908348676E1,8.454184532E0,2.990449190E0,8.751074791E0
2.918354701E1,4.084632874E0,6.476513386E0,3.955342054E0
2.928362419E1,2.353572130E0,8.420664787E0,1.901054144E0
2.938368167E1,2.106961727E0,1.003680038E1,2.849186957E-1
2.948375022E1,1.307274103E0,1.083409309E1,3.878725171E-1
2.958380870E1,-4.357580245E-1,1.362102985E1,-2.401457548E0
2.968388328E1,4.237866402E0,8.942616463E0,-9.265843630E-1
2.978395059E1,7.230709791E-1,8.090254784E0,4.506025314E0
2.988401577E1,4.252232075E0,6.553130150E0,3.809291124E0
2.998408341E1,6.457359314E0,5.514014721E0,5.487678051E0
3.008415466E1,6.495667458E0,4.450956821E0,1.332174492E1
3.018422477E1,1.123393726E1,4.149278164E0,7.628159523E0
3.028428639E1,6.854808807E0,4.156461239E0,7.558725357E0
3.038435277E1,2.935380936E0,6.694392204E0,4.393494129E0
3.048442644E1,1.022355318E0,9.344854355E0,1.115732074E0
3.058448489E1,-5.698373914E-1,1.111182976E1,-4.142095447E-1
3.068455311E1,-2.387091875E0,1.401847935E1,-5.353598595E0
3.078462102E1,-5.937801600E-1,1.000088596E1,2.085413456E0
3.088468826E1,1.699935079E0,8.889942169E0,8.140534163E-1
3.098475501E1,3.531555414E0,6.593832970E0,4.431802750E0
3.108482229E1,6.184412003E0,5.482889175E0,5.894704342E0
3.118488711E1,6.002447128E0,4.010410309E0,9.574705124E0
3.128495599E1,7.290566921E0,5.284164429E0,1.144463348E1
3.138502727E1,9.208380699E0,4.683201313E0,5.753442287E0
3.148509001E1,3.517189741E0,6.282577038E0,4.427014351E0
3.158515519E1,1.256994247E0,8.971347809E0,2.092596292E0
3.168522758E1,-8.739103079E-1,1.170560932E1,7.182824612E-2
3.178529212E1,-9.529213905E-1,1.417171288E1,-2.449343204E0
3.188535934E1,-6.895511150E-1,1.136801720E1,1.053480864E0
3.198543015E1,2.200338602E0,9.148524284E0,1.075029373E0
3.208549593E1,1.948939681E0,6.052726746E0,4.450956821E0
3.218556621E1,6.215537548E0,4.460534096E0,4.743058205E0
3.228562949E1,7.944203854E0,3.811685562E0,1.043424988E1
3.238569484E1,1.209348202E1,1.822043180E0,1.054438591E1
3.248576132E1,8.281796455E0,4.008016109E0,5.961744308E0
3.258583840E1,4.027170181E0,6.921848297E0,4.494053841E0
3.268589948E1,4.017592907E0,7.659285069E0,9.002473354E-1
3.278596412E1,1.525153041E0,8.739103317E0,3.976890564E0
3.288602897E1,6.919454336E-1,1.025467873E1,1.027143836E0
3.298611579E1,-6.608198285E-1,1.279979324E1,-1.182771802E0
3.308617290E1,-6.153286099E-1,1.138717079E1,3.016786277E-1
3.318623715E1,3.974496126E0,7.838855743E0,8.260248303E-1
3.328629911E1,6.493273258E0,5.071074009E0,3.835628271E0
3.338636582E1,7.280989647E0,2.602576733E0,1.179659176E1
3.348643624E1,1.373595428E1,-1.007989645E0,9.993702888E0
3.358837635E1,9.656110764E0,2.363149166E0,7.585062504E0
3.368844959E1,3.689577579E0,5.767807961E0,5.348809719E0
3.378852904E1,3.433390141E0,7.771816254E0,1.010383964E0
3.388858748E1,4.884320498E-1,1.023552513E1,8.906702399E-1
3.398865240E1,-8.044763207E-1,1.311583710E1,-1.247417212E0
3.408873071E1,-6.416656375E-1,1.298654652E1,-2.672010660E0
3.418878979E1,8.739103079E-1,1.036002731E1,3.280156553E-1
3.428885600E1,2.353572130E0,7.695199013E0,1.426987767E0
3.438892022E1,5.375146866E0,6.014418125E0,3.179596901E0
3.448898573E1,7.695199013E0,3.828445435E0,7.661679268E0
3.458908598E1,1.069283104E1,2.432583094E0,1.067367744E1
3.468913339E1,1.056832886E1,2.341600657E0,9.158101082E0
3.478919081E1,8.310527802E0,2.727078915E0,7.328875065E0
3.488925762E1,2.250618219E0,7.216344357E0,2.272166729E0
3.498932697E1,3.232271075E-1,9.079090118E0,5.027977005E-2
3.508939965E1,-1.601769805E0,1.232572651E1,1.987248063E-1
3.518946342E1,-3.292127848E0,1.465056801E1,-1.946545362E0
3.528952734E1,1.960911036E0,1.083888245E1,-1.333611012E0
3.538959668E1,2.485257149E0,7.000859737E0,1.438959122E0
3.548966536E1,4.431802750E0,6.548341751E0,2.751021862E0
3.558972558E1,6.960156918E0,6.668055534E0,5.480494976E0
3.568979437E1,1.105676079E1,3.069460392E0,1.239755535E1
3.578986295E1,1.037918091E1,2.056682110E0,5.449369431E0
3.588993043E1,9.129369736E0,3.129317284E0,7.249864101E0
3.599000074E1,2.990449190E0,6.656084061E0,4.063084126E0
3.609006606E1,1.204320192E0,9.481328011E0,-9.098244458E-2
3.619012710E1,-1.340793967E-1,1.168645573E1,-2.178790092E0
3.629019342E1,-3.055094719E0,1.511984539E1,-2.092596292E0
3.639026787E1,1.577827096E0,1.106873226E1,-1.048692346E0
3.649033051E1,2.667222023E0,8.018425941E0,1.778946161E0
3.659039353E1,4.043930054E0,5.913858891E0,3.969707727E0
3.669046238E1,6.103006363E0,5.746259689E0,5.016005516E0
3.679053109E1,6.747066498E0,3.593806505E0,1.275909042E1
3.689059827E1,1.189715195E1,2.370332003E0,6.184412003E0
3.699067621E1,7.211555958E0,3.557892323E0,7.661679268E0
3.709074102E1,4.520390987E0,5.746259689E0,4.180403709E0
3.719080094E1,2.291321039E0,8.672063828E0,1.209108829E0
3.729087328E1,5.985686779E-1,1.151646137E1,-1.845985889E0
3.739093313E1,-1.848380208E0,1.501928616E1,-4.364762783E0
3.749100291E1,5.315290093E-1,9.598648071E0,-3.663240373E-1
3.759106720E1,1.142069101E0,9.009655952E0,2.425400496E0
3.769113744E1,4.936994553E0,6.780586243E0,1.984853864E0
3.779120149E1,7.762238979E0,5.238673210E0,4.613767624E0
3.789127594E1,7.740690231E0,3.038334846E0,9.122186661E0
3.799133945E1,1.349652672E1,1.661626697E0,7.048745155E0
3.809140483E1,9.122186661E0,2.600182533E0,7.446194649E0
3.819146915E1,4.154066563E0,6.213143349E0,3.747040033E0
3.829153790E1,2.250618219E0,8.715160370E0,1.177983165E0
3.839161181E1,1.917814136E0,1.062339687E1,-6.775797606E-1
3.849167042E1,-1.225868702E0,1.401368999E1,-3.234665155E0
3.859174580E1,2.039922237E0,9.797372818E0,9.337671995E-1
3.869180586E1,2.796513081E0,9.153312683E0,8.451790214E-1
3.879187157E1,4.886714935E0,8.006455421E0,2.226675510E0
3.889193845E1,5.602602959E0,5.703162670E0,4.343214512E0
3.899200709E1,8.763046265E0,2.842004299E0,9.332882881E0
3.909207434E1,1.057072353E1,2.480468750E0,9.806949615E0
3.919214052E1,1.197616291E1,1.508393168E0,6.517216206E0
3.929221403E1,3.725491524E0,5.933012962E0,5.655277252E0
3.939227452E1,2.197944164E0,8.679245949E0,1.436564922E0
3.949234250E1,1.549095750E0,1.126266861E1,-1.671203852E0
3.959240465E1,1.707117915E0,1.322836876E1,-2.054287672E0
3.969247769E1,2.011190891E0,1.108788681E1,-1.125309169E-1
3.979254567E1,2.585816860E0,9.088666916E0,9.529213905E-1
3.989261065E1,3.938581944E0,7.118178844E0,3.193962574E0
3.999267790E1,6.557918549E0,5.739076614E0,4.652075768E0
4.009274511E1,8.715160370E0,3.335224867E0,9.246688843E0
4.019281766E1,9.737515450E0,2.066259146E0,1.111901188E1
4.029287927E1,9.921875000E0,3.249030828E0,5.087833881E0
4.039294768E1,4.216318130E0,6.258634567E0,5.068679810E0
4.049301370E1,3.672817469E0,8.310527802E0,4.070267081E-2
4.059308084E1,2.530748367E0,1.110225201E1,-1.532335877E0
4.069315029E1,-1.053480864E0,1.464817333E1,-2.030344963E0
4.079322717E1,1.865140080E0,1.063057995E1,-1.867534369E-1
4.089354944E1,2.420611858E0,9.062330246E0,2.207521439E0
4.099360938E1,4.580247879E0,6.478907585E0,2.317657948E0
4.109367996E1,7.295355320E0,4.307300568E0,4.822069645E0
4.119374698E1,7.659285069E0,3.320859194E0,1.075747681E1
4.129381146E1,1.283570766E1,2.071047783E0,6.826077461E0
4.139387777E1,9.926663399E0,2.569056988E0,5.803721905E0
4.149394268E1,4.314483166E0,6.045543671E0,3.955342054E0
4.159400710E1,2.973689318E0,9.313729286E0,2.968900800E-1
4.169408068E1,1.709512234E0,1.072156239E1,6.943397224E-2
4.179414793E1,1.364736706E-1,1.387003422E1,-5.221913338E0
4.189421364E1,2.420611858E0,9.921875000E0,-1.625712633E0
4.199428908E1,2.516382933E0,8.554743767E0,1.793311834E0
4.209434930E1,5.020794392E0,7.259441376E0,2.679193497E0
4.219441801E1,6.861991405E0,5.039948463E0,3.770982742E0
4.229448126E1,8.535589218E0,3.229876757E0,8.262641907E0
4.239455107E1,1.313978004E1,6.560313106E-1,1.018763924E1
4.249461538E1,1.080775642E1,2.300898075E0,5.645699978E0
4.259468520E1,5.245856285E0,5.475706577E0,4.886714935E0
4.269475498E1,3.624932051E0,7.613793850E0,1.697540879E0
4.279482425E1,1.568249941E0,1.015411949E1,-2.633702382E-2
4.289488430E1,1.237840056E0,1.183968925E1,-1.992036581E0
4.299495392E1,2.825244367E-1,1.260346222E1,-1.836408734E0
4.309501800E1,2.786935806E0,1.044143200E1,-1.134886265E0
4.319508654E1,4.807703972E0,7.580274105E0,1.546701550E0
4.329515732E1,4.805309772E0,6.711152077E0,2.042316437E0
4.339522287E1,7.400703430E0,3.902667999E0,7.956175327E0
4.349528575E1,1.158110714E1,9.170072675E-1,1.255797100E1
4.359536047E1,1.160744381E1,1.702329397E0,6.356799603E0
4.369542565E1,6.083852291E0,4.881926537E0,6.155680656E0
4.379549093E1,4.261809349E0,7.326480865E0,1.470084786E0
4.389556991E1,1.975276709E0,1.077663136E1,-1.127703428E0
4.399562332E1,8.834874034E-1,1.198095131E1,-1.879505754E0
4.409569257E1,-4.884320498E-1,1.286683273E1,-1.783734679E0
4.419576845E1,2.518777132E0,9.543579102E0,-5.027977228E-1
4.429582446E1,4.211529255E0,6.687209606E0,2.925803900E0
4.439589077E1,6.584255695E0,5.779779434E0,2.988054991E0
4.449596202E1,6.560312748E0,5.573871613E0,6.632141113E0
4.459602083E1,1.038875866E1,3.442967176E0,9.878777504E0
4.469609385E1,1.077902508E1,1.903448462E0,5.849213123E0
4.479616496E1,8.126168251E0,3.830839634E0,5.032765865E0
4.489624541E1,3.162837029E0,7.340846539E0,4.209135056E0
4.499629452E1,3.454938650E0,8.964164734E0,-2.633702382E-2
4.509635997E1,2.015979290E0,1.082691097E1,-1.625712633E0
4.519643312E1,-1.221080184E0,1.406875896E1,-1.280937076E0
4.529649936E1,4.443774223E0,1.052523232E1,-2.851581335E0
4.539656301E1,3.598595142E0,8.585869789E0,1.711906433E0
4.549663159E1,5.279376030E0,6.409473896E0,1.853168726E0
4.559670500E1,7.642525196E0,4.568276405E0,5.044736862E0
4.569676242E1,1.110464668E1,6.512427330E-1,1.153801060E1
4.579684010E1,1.188278580E1,2.365543604E0,3.589017868E0
4.589689688E1,7.740690231E0,3.833234072E0,5.782173634E0
4.599697366E1,4.774183750E0,6.646506786E0,3.620143414E0
4.609703301E1,3.919427872E0,8.705583572E0,6.751855016E-1
4.619710053E1,2.660039425E0,1.117886925E1,-2.162030220E0
4.629717178E1,-2.322446555E-1,1.417171288E1,-2.868341208E0
4.639723329E1,2.885101080E0,7.972935200E0,3.615354896E-1
4.649730525E1,4.774183750E0,7.893924236E0,1.364736676E0
4.659736329E1,5.396695614E0,6.885934353E0,2.885101080E0
4.669744124E1,6.751854897E0,4.659258842E0,4.697566986E0
4.679750176E1,9.249083519E0,2.865947008E0,8.715160370E0
4.689758204E1,1.240713215E1,1.297696948E0,5.652883053E0
4.699764378E1,7.257047176E0,2.264983892E0,7.020013809E0
4.709771783E1,5.200365067E0,6.100612164E0,3.340013266E0
4.719777821E1,3.598595142E0,8.430241585E0,1.290514112E0
4.729783602E1,2.434977531E0,1.096338463E1,-4.142095447E-1
4.739790920E1,-1.436564922E0,1.465535641E1,-2.351177931E0
4.749797898E1,1.573038578E0,1.046776962E1,8.882759809E-1
4.759804396E1,3.560286522E0,7.707170486E0,1.999219418E0
4.769810657E1,3.917033672E0,5.947378635E0,5.152479172E0
4.779818269E1,6.957762718E0,5.102199554E0,5.130930901E0
4.789824037E1,7.769421577E0,2.832427025E0,1.091789341E1
4.799832375E1,8.212362289E0,2.418217659E0,9.335277557E0
4.810029104E1,6.833260536E0,4.120546818E0,6.165257454E0
4.820036408E1,4.314483166E0,6.660872459E0,4.043930054E0
4.830042553E1,3.974496126E0,8.257853508E0,2.535537004E0
4.840049228E1,2.782147408E0,9.081484795E0,3.138894320E0
4.850055659E1,-1.834014535E0,1.532575321E1,-1.424593568E0
4.860064444E1,2.394274712E0,9.514847755E0,1.412622184E-1
4.870069272E1,1.036720991E0,9.050358772E0,3.624932051E0
4.880076153E1,3.742251635E0,6.979310989E0,3.512401104E0
4.890082828E1,6.067092419E0,5.633728504E0,6.246663094E0
4.900089615E1,6.256239891E0,2.607365370E0,1.260585690E1
4.910096237E1,1.343667030E1,2.099778891E0,9.890748978E0
4.920103581E1,5.736682415E0,4.685595989E0,7.625765324E0
4.930109646E1,3.071854591E0,6.234691620E0,5.763019562E0
4.940116384E1,2.899466753E0,7.496474266E0,3.854782343E0
4.950122799E1,9.912297726E-1,9.325700760E0,2.363149166E0
4.960129737E1,-2.913832426E0,1.346540165E1,-1.197137356E0
4.970137192E1,-2.236252785E0,1.193306541E1,-7.398309112E-1
4.980144437E1,1.204320192E0,8.949799538E0,2.667222023E0
4.990149885E1,4.860377789E0,7.762238979E0,4.280963421E0
5.000156803E1,5.169239521E0,5.624151707E0,6.361588001E0
5.010163291E1,2.830032825E0,5.887521744E0,8.638543129E0
5.020170042E1,4.628133297E0,4.290540695E0,1.329540825E1
5.030176710E1,6.215537548E0,3.268185139E0,9.071907043E0
5.040183735E1,1.769369125E0,5.075862408E0,8.803748131E0
5.050190419E1,1.857957244E0,6.806923389E0,5.892310143E0
5.060196614E1,4.597007632E-1,8.092648506E0,4.458139896E0
5.070204129E1,-4.462928295E0,1.056593513E1,2.059076279E-1
5.080210421E1,-2.973689318E0,1.090352726E1,1.295302629E0
5.090217022E1,-2.906649590E0,9.431048393E0,3.751828671E0
5.100223866E1,4.477293789E-1,7.266623974E0,5.712739468E0
5.110230604E1,2.492439985E0,6.663266659E0,5.504437923E0
5.120237792E1,3.107768774E0,5.468523502E0,8.415876389E0
5.130243777E1,5.502043724E0,2.662433624E0,1.391552544E1
5.140250655E1,7.199584484E0,4.276175022E0,8.863605499E0
5.150257970E1,2.418217659E0,4.807703972E0,8.851634026E0
5.160264334E1,1.496421814E0,6.696786404E0,5.521197796E0
5.170271292E1,-6.153286099E-1,8.755863190E0,3.572257996E0
5.180277917E1,-3.450150013E0,1.136562252E1,1.795706153E-1
5.190284505E1,-5.854001999E0,1.269923401E1,-1.283331275E0
5.200291166E1,-1.144463301E0,8.279402733E0,4.640104771E0
5.210299374E1,1.726272106E0,6.735095024E0,5.928224564E0
5.220304662E1,2.291321039E0,5.825270653E0,7.216344357E0
5.230311597E1,9.265843630E-1,5.909070015E0,7.920260906E0
5.240317615E1,2.372726440E0,5.921041489E0,7.182824612E0
5.250324437E1,3.732674360E0,6.905088425E0,1.167448425E1
5.260330721E1,6.167652130E0,4.711932659E0,8.935433388E0
5.270339080E1,7.589851022E-1,5.353598595E0,7.606611252E0
5.280344584E1,9.098244458E-2,8.004060745E0,4.527573586E0
5.290351706E1,-1.946545362E0,9.361614227E0,3.442967176E0
5.300358150E1,-3.811685562E0,1.208390522E1,-8.858817071E-2
5.310365902E1,-1.515576005E0,9.526819229E0,3.426207304E0
5.320372283E1,-1.948939681E0,8.609811783E0,4.079844475E0
5.330378965E1,6.847625971E-1,7.211555958E0,4.984879971E0
5.340386436E1,2.126116037E0,4.977697372E0,8.399115562E0
5.350391217E1,3.636903524E0,3.306493521E0,1.227544689E1
5.360398752E1,7.570696831E0,2.063864946E0,1.205756760E1
5.370405614E1,8.238699913E0,5.542746067E0,7.405491829E0
5.380411748E1,7.494080067E-1,5.729499817E0,7.374366283E0
5.390418686E1,1.309668303E0,8.432636261E0,3.589017868E0
5.400426184E1,6.296942830E-1,7.623371124E0,7.118178844E0
5.410432812E1,1.359948039E0,8.490098000E0,6.045543671E0
5.420439623E1,-2.372726440E0,8.140534401E0,6.146103382E0
5.430445828E1,-1.041509509E0,7.443800449E0,7.721536160E0
5.440451873E1,-1.759791970E0,5.262616158E0,7.688016415E0
5.450459201E1,-2.322446555E-1,5.123748302E0,7.204372883E0
5.460465956E1,-2.087807655E0,5.296135902E0,9.237112045E0
5.470472757E1,-3.114951611E0,6.079063892E0,7.776604652E0
5.480481168E1,-2.461314440E0,5.784567833E0,5.763019562E0
5.490485380E1,5.315290093E-1,4.948966026E0,6.533976078E0
5.500492214E1,-3.818868399E0,3.936187744E0,1.184447765E1
5.510499466E1,6.225114465E-1,4.604190350E0,1.203601933E1
5.520505558E1,2.818061352E0,3.950553417E0,1.287162113E1
5.530512929E1,1.831620216E0,6.378347874E0,8.832479477E0
5.540564247E1,-3.974496126E-1,5.276981831E0,8.013637543E0
5.550570145E1,-5.985686928E-2,5.456552505E0,4.685595989E0
5.560577617E1,-1.060663700E0,5.166844845E0,6.541158676E0
5.570584005E1,-5.111776829E0,8.911490440E0,9.672870636E0
5.580591406E1,-4.271386147E0,1.185405445E1,4.431802750E0
5.590597174E1,3.126922846E0,1.102802944E1,6.500456333E0
5.600604435E1,-7.398309231E0,3.040729046E0,5.959350109E0
5.610610713E1,4.606584549E0,7.331269264E0,3.648874760E0
5.620617481E1,1.256994247E0,5.140508175E0,8.265036583E0
5.630624506E1,3.917033672E0,2.449343204E0,1.085803604E1
5.640631334E1,6.641718388E0,1.817254543E0,1.074311066E1
5.650637901E1,2.755810261E0,4.477293968E0,1.061860847E1
5.660644020E1,2.466102988E-1,6.023995399E0,7.956175327E0
5.670651144E1,1.189954638E0,6.814105988E0,5.418243885E0
5.680659252E1,-2.013585091E0,7.249864101E0,6.380742550E0
5.690664363E1,-8.020820618E-1,7.728719234E0,6.158074856E0
5.700671158E1,-2.245829821E0,1.130097675E1,2.657644987E0
5.710678796E1,-3.962524891E0,1.061142635E1,5.276981831E0
5.720684447E1,-2.466102988E-1,7.767027378E0,6.622564316E0
5.730691159E1,1.017566800E0,5.616968632E0,8.004060745E0
5.740698300E1,3.924216509E0,5.655277252E0,6.859597206E0
5.750704328E1,4.838829517E0,3.332830429E0,9.931451797E0
5.760712346E1,5.430215359E0,2.882706881E0,1.206235695E1
5.770718208E1,4.582642078E0,4.175615311E0,8.983319283E0
5.780725149E1,3.878725171E-1,6.371165276E0,6.993676662E0
5.790731477E1,1.802888989E0,8.305739403E0,4.678412914E0
5.800739711E1,-1.063058019E0,8.363202095E0,5.894704342E0
5.810745376E1,-1.338399649E0,1.083648777E1,3.210722446E0
5.820751734E1,-3.304099143E-1,9.490905762E0,3.186779737E0
5.830758305E1,-5.027977228E-1,7.824490070E0,5.607391834E0
5.840765746E1,1.235445857E0,7.096630573E0,5.808510780E0
5.850771421E1,2.621730804E0,5.995264053E0,6.459753513E0
5.860778609E1,4.716721535E0,4.230683804E0,8.640937805E0
5.870785181E1,4.103786945E0,9.816526771E-1,1.395383358E1
5.880792035E1,7.031985283E0,2.458920240E0,9.471751213E0
5.890799110E1,1.659232497E0,4.929811954E0,7.807730198E0
5.900805471E1,1.587404251E0,7.429434776E0,5.118959427E0
5.910812073E1,4.620950520E-1,8.051946640E0,5.130930901E0
5.920818864E1,-2.171607256E0,1.004398251E1,2.849187136E0
5.930825662E1,-3.225088120E0,1.162180996E1,2.425400496E0
5.940832700E1,-2.336812258E0,8.959376335E0,4.391099930E0
5.950839151E1,2.585816681E-1,7.271412373E0,5.178816319E0
5.960845576E1,2.889889717E0,6.201171875E0,6.344828129E0
5.970852178E1,4.240260601E0,2.753416061E0,1.087719059E1
5.980858979E1,9.471751213E0,2.322446555E-1,1.367370319E1
5.990866337E1,7.403097630E0,1.762186289E0,1.045340347E1
6.000873189E1,2.655250788E0,4.249837875E0,8.233911514E0
6.010879030E1,4.644893110E-1,7.053533554E0,4.745452881E0
6.020886515E1,-1.642472506E0,9.984126091E0,2.197944164E0
6.030892513E1,-2.171607256E0,1.253402901E1,-6.392713785E-1
6.040899451E1,-4.108575344E0,1.353962421E1,-3.016786277E-1
6.050905692E1,-1.826831698E0,9.158101082E0,3.009603500E0
6.060913243E1,2.485257149E0,6.684815407E0,5.068679810E0
6.070919515E1,2.849187136E0,4.458139896E0,8.310527802E0
6.080926860E1,5.001639843E0,1.929785490E0,1.206953907E1
6.090933144E1,6.811711788E0,2.427794695E0,1.152843285E1
6.100939919E1,5.573871613E0,4.460534096E0,9.608224869E0
6.110947380E1,1.515576005E0,5.363175392E0,7.565908432E0
6.120953022E1,4.309694767E-1,7.288172722E0,4.874743462E0
6.130960280E1,-1.453324795E0,8.396721840E0,4.886714935E0
6.140966808E1,-2.461314440E0,1.100648117E1,2.150058746E0
6.150973209E1,-3.234665155E0,1.273993587E1,-1.939362586E-1
6.160979867E1,-4.024775982E0,8.779806137E0,4.458139896E0
6.170986626E1,6.775797606E-1,7.937020779E0,4.292934895E0
6.180994130E1,1.336005330E0,6.794951916E0,5.877944469E0
6.191000618E1,3.864359617E0,5.810904980E0,7.259441376E0
6.201006963E1,4.853195190E0,2.645673752E0,1.026904488E1
6.211013241E1,5.075862408E0,2.973689318E0,1.126985168E1
6.221020882E1,5.748653889E0,4.671230316E0,8.300951004E0
6.231026751E1,-1.446141958E0,7.230710030E0,6.399896622E0
6.241033515E1,1.434170604E0,8.229122162E0,3.948159218E0
6.251040187E1,-4.285751879E-1,9.802161217E0,3.002420664E0
6.261047321E1,-3.569863796E0,1.325470543E1,8.858817071E-2
6.271047423E1,-3.088614464E0,1.071677399E1,2.403851986E0
6.281054114E1,-5.506832153E-2,8.389538765E0,4.544333458E0
6.291061138E1,1.242628574E0,5.075862408E0,6.457359314E0
6.301067573E1,6.407079220E0,4.424619675E0,7.817307472E0
6.311074547E1,4.400677204E0,2.980872154E0,1.176546669E1
6.321080925E1,7.800547123E0,4.058295727E0,1.131294823E1
6.331087700E1,5.365570068E0,3.277762175E0,9.531607628E0
6.341094344E1,2.710319042E0,5.899493217E0,6.198777676E0
6.351100756E1,1.338399649E0,7.781393051E0,4.106181145E0
6.361107491E1,-3.759011328E-1,1.027143860E1,2.439765930E0
6.371115592E1,-2.707924843E0,1.432255173E1,-7.398309112E-1
6.381121460E1,-2.394274771E-1,9.742303848E0,1.929785490E0
6.391128591E1,4.525179267E-1,8.320104599E0,4.427014351E0
6.401135089E1,2.396669149E0,7.000859737E0,5.710345268E0
6.411142117E1,2.669616461E0,6.464541912E0,6.732700825E0
6.421148162E1,4.386311531E0,4.692778587E0,9.445414543E0
6.431154900E1,5.535563469E0,2.983266354E0,1.202883625E1
6.441161484E1,8.971347809E0,4.343214512E0,7.230710030E0
6.451167759E1,-2.442160249E-1,6.177228928E0,7.314509392E0
6.461174621E1,-2.801301479E-1,7.613793850E0,5.174027920E0
6.471181769E1,1.249811411E0,1.011341667E1,1.769369125E0
6.481188767E1,-3.442967176E0,1.257233715E1,-7.182824612E-2
6.481188767E1,1.472478986E0,6.481301785E0,6.256239891E0
6.491195379E1,3.378321648E0,5.485283375E0,7.527599812E0
6.501201571E1,2.966506481E0,2.188367128E0,1.322597408E1
6.511209266E1,6.830865860E0,1.891477108E-1,1.436564922E1
6.521216744E1,3.794925690E0,5.521197796E0,7.561120033E0
6.531222892E1,-1.048692346E0,5.672037125E0,7.941809654E0
6.541229079E1,5.243461728E-1,6.761432171E0,5.995264053E0
6.551236407E1,-1.869928598E0,7.642525196E0,7.020013809E0
6.561243335E1,-2.554691315E0,1.053720379E1,4.266597748E0
6.571249263E1,-2.552296877E0,9.996097565E0,4.910657406E0
6.581256001E1,3.759011328E-1,9.512454033E0,3.680000305E0
6.591262833E1,-7.901106775E-2,6.596227169E0,6.873962879E0
6.601268861E1,1.601769805E0,5.375146866E0,7.462954521E0
6.611276282E1,3.569863796E0,3.007209063E0,1.064255142E1
6.621283567E1,4.316877365E0,1.398256540E0,1.324273396E1
6.631289998E1,5.770202160E0,3.253819466E0,9.689630508E0
6.641296826E1,1.505998850E0,4.556304932E0,8.696005821E0
6.651302934E1,5.482889414E-1,6.263422966E0,5.901887417E0
6.661310342E1,9.577099234E-2,9.170072556E0,5.109382629E0
6.671316970E1,-2.626519442E0,1.015172482E1,3.945764780E0
6.681323482E1,-2.130904645E-1,1.133210278E1,1.352765322E0
6.691329836E1,-1.580221355E-1,7.970541000E0,5.205153465E0
6.701335887E1,2.968900800E-1,6.569890022E0,6.936213970E0
6.711343545E1,4.429408312E-1,6.280182838E0,7.680833817E0
6.721350837E1,3.428601503E0,5.525986195E0,7.788576126E0
6.731357215E1,4.575459003E0,2.109356165E0,1.257712555E1
6.741363527E1,2.667222023E0,3.009603500E0,1.219883060E1
6.751370315E1,2.047105074E0,4.513207912E0,9.057541847E0
6.761376937E1,2.071047783E0,6.170046329E0,5.607391834E0
6.771383518E1,-1.197137386E-1,8.679245949E0,5.253038883E0
6.781390163E1,-1.058269501E0,9.380768776E0,3.864359617E0
6.791397267E1,-1.266571403E0,1.171758080E1,2.083019018E-1
6.801402872E1,-3.004814863E0,8.700794220E0,5.248250484E0
6.811425563E1,-4.405465722E-1,8.171659470E0,5.834847927E0
6.821432228E1,1.060663700E0,6.730306625E0,6.184412003E0
6.831439292E1,2.638490915E0,5.061496735E0,6.261028767E0
6.841445220E1,3.703943014E0,3.699154615E0,9.984126091E0
6.851452769E1,6.708757877E0,1.426987767E0,1.338878441E1
6.861458320E1,6.174834728E0,3.081431627E0,1.018045616E1
6.871465372E1,2.810878515E0,4.008016109E0,8.624177933E0
6.881472740E1,1.362342358E0,6.732700825E0,5.545140266E0
6.891478494E1,-4.381522834E-1,8.933039665E0,4.237866402E0
6.901485059E1,-1.783734679E0,1.220840740E1,1.412622094E0
6.911491861E1,-8.547561169E-1,1.251247978E1,2.250618339E-1
6.921499272E1,-7.901107073E-1,9.167677879E0,3.572257996E0
6.931505590E1,1.477267504E0,7.132544518E0,4.692778587E0
6.941512188E1,1.922602654E0,5.406272411E0,7.304932594E0
6.951518809E1,4.110970020E0,2.279349566E0,1.170560932E1
6.961525591E1,9.751881599E0,1.455719113E0,1.188518047E1
6.971532322E1,4.484476566E0,3.023969173E0,1.047016335E1
6.981538830E1,1.922602654E0,5.547534943E0,6.931425571E0
6.991545745E1,1.592192769E0,7.065505028E0,4.956148624E0
7.001551716E1,-3.495641351E-1,8.427846909E0,4.915446281E0
7.011559084E1,-2.056682110E0,1.182532310E1,1.642472506E0
7.021565802E1,-2.679193497E0,1.198095131E1,4.046324492E-1
7.031572587E1,-5.865973234E-1,9.047964096E0,3.912245035E0
7.041579318E1,2.664827824E0,6.689603806E0,5.573871613E0
7.051586023E1,2.449343204E0,4.922628880E0,7.345634937E0
7.061592681E1,3.086220264E0,4.142095566E0,1.013257122E1
7.071600092E1,4.549122334E0,2.619336605E0,1.269444466E1
7.081606187E1,4.178009510E0,3.198751211E0,9.711178780E0
7.091613388E1,2.375120640E0,6.423839092E0,7.297749519E0
7.101619726E1,5.458946824E-1,6.996070862E0,5.918647289E0
7.111626204E1,3.220299721E0,9.074301720E0,3.720703125E0
7.121633536E1,-5.865973234E-1,9.316123009E0,4.015198708E0
7.131640194E1,-1.867534399E0,1.127703476E1,1.060663700E0
7.141646472E1,3.998439014E-1,1.014693642E1,3.409447432E0
7.151653053E1,3.112557158E-2,7.467742920E0,5.849213123E0
7.161660307E1,1.628106833E0,7.249864101E0,3.931399345E0
7.171666675E1,2.502017260E0,5.566689014E0,6.902694225E0
7.181673667E1,3.543526649E0,1.101366431E-1,1.624275970E1
7.191679881E1,8.803748131E0,2.779752970E0,9.500482559E0
7.201686446E1,3.629720688E0,1.755003452E0,1.159068394E1
7.211693221E1,4.556304932E0,5.707951069E0,4.484476566E0
7.221700512E1,-4.429408312E-1,7.041562080E0,4.793338299E0
7.231707114E1,-3.047911882E0,1.211503029E1,1.774157643E0
7.241713942E1,-6.064698219E0,1.566813469E1,-1.963305324E-1
7.251720670E1,1.956122518E0,9.237112045E0,2.353572130E0
7.261728234E1,-1.666415215E0,6.313702583E0,3.888302326E0
7.271734026E1,2.667222023E0,6.565101624E0,5.439792156E0
7.281740261E1,7.750267506E0,5.236279011E0,7.091842175E0
7.291747629E1,5.710345268E0,1.683175206E0,1.433212948E1
7.301753514E1,8.346442223E0,2.583422422E0,9.957788467E0
7.311761718E1,5.427821159E0,3.277762175E0,9.117398262E0
7.321767546E1,2.217098475E0,6.352011204E0,5.339232922E0
7.331774034E1,8.739103079E-1,9.047964096E0,2.595393896E0
7.341780466E1,-6.799740195E-1,1.118844604E1,1.556278586E0
7.351787877E1,-1.687963724E0,1.437283134E1,-1.620923996E0
7.361794005E1,4.740664065E-1,9.761458397E0,1.477267504E0
7.371801420E1,8.858817071E-2,7.865192890E0,4.719115734E0
7.381807578E1,2.178790092E0,6.052726746E0,5.798933506E0
7.391814206E1,5.320078850E0,4.582642078E0,7.898712635E0
7.401820524E1,6.239480019E0,2.047105074E0,1.240473747E1
7.411827559E1,7.714353561E0,2.683982134E0,1.067846584E1
7.421834830E1,5.157268047E0,4.517996788E0,7.544359684E0
7.431841532E1,2.224281311E0,6.373559475E0,5.377541065E0
7.441848086E1,1.790917516E0,9.469356537E0,2.114144564E0
7.451855388E1,-7.302538157E-1,1.177264881E1,1.573038578E0
7.461862325E1,-8.188419938E-1,1.368088627E1,6.296942830E-1
7.471868600E1,-2.633702382E-2,1.029059315E1,3.023969173E0
7.481874918E1,1.010383964E0,7.750267506E0,4.508419514E0
7.491881326E1,3.840416908E0,6.646506786E0,4.268991947E0
7.501888711E1,3.761405706E0,5.377541065E0,7.874769688E0
7.511895110E1,5.085439682E0,2.681587696E0,1.282373619E1
7.521901461E1,4.925023079E0,3.450150013E0,9.668081284E0
7.531908129E1,6.009629726E0,4.443774223E0,7.589851379E0
7.541915007E1,2.135693073E0,5.674431324E0,7.051139355E0
7.552097526E1,1.879505754E0,7.750267506E0,3.804502726E0
7.562104318E1,-2.298503816E-1,1.031932449E1,1.673598051E0
7.572111322E1,-4.400677204E0,1.492112064E1,-1.407833576E0
7.582117664E1,6.225114316E-2,1.066888809E1,3.208328187E-1
7.592124699E1,6.895511150E-1,8.660092354E0,3.694365978E0
7.602131614E1,2.758204460E0,7.307326794E0,4.185192585E0
7.612137949E1,4.204346657E0,6.385530949E0,6.579467297E0
7.622144770E1,6.603409767E0,2.109356165E0,1.187799740E1
7.632151565E1,6.227508545E0,3.550709486E0,9.713572502E0
7.642158556E1,7.012830734E0,4.728692532E0,6.684815407E0
7.652164717E1,2.157241583E0,6.557918549E0,6.019207001E0
7.662171282E1,1.110943556E0,8.288979530E0,3.565075159E0
7.672178064E1,-1.333611012E0,1.154519272E1,7.182824612E-2
7.682184835E1,-2.681587696E0,1.330259037E1,-1.520364523E0
7.692191716E1,1.405439258E0,1.052044392E1,2.753416002E-1
7.702198524E1,7.230709791E-1,7.970541000E0,3.893090725E0
7.712205479E1,3.076643229E0,7.338452339E0,4.611373425E0
7.722211644E1,5.080651283E0,4.209135056E0,9.189227104E0
7.732218432E1,8.748680115E0,6.464542150E-1,1.386045647E1
7.742225073E1,9.488511086E0,2.727078915E0,9.603436470E0
7.752231758E1,4.249837875E0,4.561093330E0,7.498868465E0
7.762238865E1,1.956122518E0,6.744672298E0,4.788549423E0
7.772245230E1,5.027977005E-2,9.526819229E0,3.237059593E0
7.782251891E1,2.561874092E-1,1.231614971E1,-4.620950520E-1
7.792258389E1,-2.329629421E0,1.312062550E1,-7.278595567E-1
7.802265618E1,2.195549965E0,9.684841156E0,1.484450340E0
7.812272089E1,1.513181686E0,6.708757877E0,4.889109135E0
7.822278634E1,3.816473961E0,5.200365067E0,6.050332546E0
7.832286386E1,5.463735104E0,4.374340057E0,9.498087883E0
7.842292717E1,1.067128277E1,1.259388566E0,1.167927265E1
7.852298885E1,7.053533554E0,3.703943014E0,9.629773140E0
7.862305630E1,3.715914488E0,5.027976990E0,7.455771923E0
7.872313321E1,2.851581335E0,7.017619610E0,4.230683804E0
7.882319612E1,-1.077423692E-1,1.047495270E1,1.331216812E0
7.892325600E1,-1.496421814E0,1.254121113E1,-4.142095447E-1
7.902333298E1,-2.097384691E0,1.268726254E1,-2.705530524E-1
7.912339576E1,1.659232497E0,9.110215187E0,2.327235222E0
7.922346164E1,1.513181686E0,7.051139355E0,5.083045483E0
7.932353955E1,6.421444893E0,6.282577038E0,5.265010357E0
7.942360530E1,5.169239521E0,3.926610708E0,1.009426212E1
7.952366074E1,9.428654671E0,7.470137477E-1,1.404481602E1
7.962373199E1,8.159688950E0,2.985660791E0,9.093455315E0
7.972379754E1,2.396669149E0,5.104593754E0,7.472531796E0
7.982385979E1,2.104567528E0,7.948992252E0,2.918621063E0
7.992394137E1,8.116591573E-1,9.732727051E0,1.630501151E0
8.002400305E1,-3.184385598E-1,1.201207638E1,2.226675600E-1
8.012406520E1,-4.189980924E-1,1.337441921E1,-1.608952641E0
8.022413722E1,-2.657645047E-1,9.543579102E0,2.997632027E0
8.032419896E1,1.932179809E0,7.259441376E0,4.134912491E0
8.042426484E1,4.352791786E0,6.873962879E0,4.826858044E0
8.052433160E1,5.384724140E0,4.424619675E0,8.789382935E0
8.062440331E1,9.220352173E0,7.589851022E-1,1.539518738E1
8.072446563E1,1.177025509E1,1.551490068E0,8.061523438E0
8.082453774E1,3.083826065E0,4.987274647E0,7.170853138E0
8.092461052E1,5.602602959E-1,8.430241585E0,3.419024467E0
8.102466324E1,7.254652381E-1,1.089634418E1,1.388679445E-1
8.112473956E1,-7.589851022E-1,1.278782177E1,-1.498816013E0
8.122480534E1,-1.625712633E0,1.183011150E1,4.285751879E-1
8.132487511E1,1.182771802E0,8.600234985E0,2.985660791E0
8.142493463E1,2.877918243E0,6.996070862E0,4.096604347E0
8.152500798E1,5.717528343E0,4.568276405E0,6.359193802E0
8.162506832E1,6.742278099E0,2.803695917E0,1.159068394E1
8.172514794E1,1.334808159E1,-1.915419847E-2,1.095620155E1
8.182520715E1,8.039975166E0,2.791724443E0,8.308133125E0
8.192527810E1,2.346389294E0,6.193988800E0,5.700768471E0
8.202533408E1,3.119740009E0,8.221940041E0,2.171607256E0
8.212541489E1,4.094209969E-1,1.030495834E1,2.152452946E0
8.222548238E1,-1.616135478E0,1.295781517E1,-5.865973234E-1
8.232553876E1,2.200338602E0,1.168884945E1,-1.450930476E0
8.242561697E1,4.235472202E0,9.490905762E0,1.836408734E0
8.252567668E1,2.774964571E0,6.854808807E0,5.126142502E0
8.262574040E1,6.818894863E0,4.206740856E0,5.578660488E0
8.272598369E1,7.568302631E0,1.822043180E0,1.146139336E1
8.282605160E1,1.070001411E1,4.189980924E-1,9.306546211E0
8.292611272E1,7.070293427E0,2.604970932E0,8.269824982E0
8.302617823E1,4.046324253E0,6.217931747E0,4.565882206E0
8.312626611E1,3.239453793E0,8.327287674E0,2.583422422E0
8.322631516E1,2.018373728E0,1.019961071E1,1.755003452E0
8.332639084E1,6.225114316E-2,1.240713215E1,-1.929785490E0
8.342645202E1,1.429382086E0,1.074071693E1,2.346389294E0
8.352652267E1,3.124528646E0,8.310527802E0,2.502017260E0
8.362658522E1,3.088614464E0,6.474119186E0,5.873156071E0
8.372665290E1,6.282577038E0,5.097411156E0,5.758230686E0
8.382672627E1,7.582668304E0,3.203539610E0,9.316123009E0
8.392678359E1,1.088437366E1,1.446141958E0,9.373585701E0
8.402686327E1,7.644919395E0,3.622537851E0,6.438204765E0
8.412692069E1,4.855589390E0,6.694392204E0,3.555498123E0
8.422699124E1,4.886714935E0,7.225921154E0,2.669616461E0
8.432705488E1,1.642472506E0,1.061382008E1,1.314456820E0
8.442712676E1,5.770202279E-1,1.422438622E1,-2.066259146E0
8.452719484E1,5.842030644E-1,1.093465328E1,2.312869549E0
8.462726115E1,3.976890564E0,7.553936958E0,2.279349566E0
8.472732700E1,3.806896925E0,5.315289974E0,6.457359314E0
8.482739114E1,6.340039730E0,3.833234072E0,7.987300873E0
8.492745466E1,7.455771923E0,2.394274712E0,1.146618176E1
8.502752601E1,9.150918007E0,1.134886265E0,1.263937664E1
8.512759329E1,6.847625732E0,4.826858044E0,5.818087578E0
8.522766663E1,1.455719113E0,6.902694225E0,5.748653889E0
8.532773148E1,2.779752970E0,8.976136208E0,1.079817891E0
8.542779356E1,9.361614585E-1,1.064255142E1,3.687183261E-1
8.552786271E1,-2.360754967E0,1.136083412E1,2.394274808E-2
8.562792702E1,5.698373914E-1,1.146618176E1,-5.458946824E-1
8.572799560E1,3.720703125E0,8.265036583E0,1.968093872E0
8.582805992E1,3.397475958E0,6.239480019E0,6.146103382E0
8.592813744E1,4.628133297E0,5.446975231E0,7.139727592E0
8.602819315E1,7.285778046E0,3.912245035E0,9.028810501E0
8.612826460E1,1.248853779E1,2.138087511E0,1.222516727E1
8.622832921E1,5.882733345E0,3.950553417E0,7.403097630E0
8.632839839E1,2.801301479E0,7.527599812E0,3.608172178E0
8.642848053E1,3.687183142E0,8.260248184E0,8.571503758E-1
8.652853165E1,1.915419817E0,1.048931789E1,5.698373914E-1
8.662860076E1,-1.137280583E0,1.236403465E1,-2.083019018E-1
8.672866564E1,-2.020767927E0,1.365454960E1,-1.304879785E0
8.682873596E1,3.895485163E0,8.272219658E0,1.769369125E0
8.692879674E1,2.130904675E0,6.385530949E0,6.466936111E0
8.702886686E1,3.809291124E0,5.296135902E0,7.620976925E0
8.712893780E1,5.885127544E0,4.192375183E0,9.143735886E0
8.722901935E1,7.582668304E0,2.801301479E0,1.157153034E1
8.732907526E1,3.543526649E0,3.744645834E0,1.054917526E1
8.742914124E1,-8.571503758E-1,5.387118340E0,7.549148560E0
8.752921202E1,-1.771763414E-1,8.619389534E0,3.347196102E0
8.762928197E1,-1.371919513E0,1.039354706E1,2.619336605E0
8.772934229E1,-3.383110285E0,1.215094471E1,1.197137404E-2
8.782940264E1,-1.015172482E0,9.605830193E0,3.340013266E0
8.792947870E1,-1.005595401E-1,7.604216576E0,5.236279011E0
8.802953555E1,6.632141471E-1,6.873962879E0,5.715134144E0
8.812961470E1,2.063864946E0,5.942590237E0,6.804529190E0
8.822967141E1,3.584229469E0,2.621730804E0,1.272557068E1
8.832974119E1,5.473312378E0,1.896265626E0,1.419326115E1
8.842981340E1,5.861184597E0,3.368744612E0,1.014454269E1
8.852988412E1,-5.219519138E-1,5.466129303E0,7.309720993E0
8.862994560E1,6.775797606E-1,7.680833817E0,3.629720688E0
8.873001496E1,-3.117345810E0,1.208151054E1,-8.116591573E-1
8.883007730E1,-4.003227711E0,1.425311756E1,-1.563461423E0
8.893013948E1,-2.990449190E0,8.712765694E0,3.186779737E0
8.903021333E1,1.328822494E0,7.082264900E0,4.747847080E0
8.913027638E1,6.129343510E-1,5.892310143E0,7.142121792E0
8.923035242E1,3.148471355E0,4.096604347E0,9.826104164E0
8.933041580E1,3.768588543E0,4.036747456E0,1.289795876E1
8.943047851E1,4.690384388E0,3.885908127E0,1.101366425E1
8.953054412E1,1.960911036E0,5.712739468E0,7.733507633E0
8.963061704E1,-3.280156553E-1,6.708757877E0,6.265817165E0
8.973069068E1,4.213923812E-1,8.154899597E0,4.036747456E0
8.983075043E1,-1.517970204E0,1.008468533E1,2.595393896E0
8.993081054E1,-3.677606106E0,1.440874577E1,-2.188367128E0
9.003087486E1,-2.621730804E0,9.617801666E0,6.033572555E-1
9.013096054E1,-7.733507752E-1,7.740690231E0,4.290540695E0
9.023101388E1,2.449343204E0,5.899493217E0,5.997658253E0
9.033109019E1,2.739050388E0,3.833234072E0,9.993702888E0
9.043114987E1,5.322473049E0,2.092596292E0,1.329540825E1
9.053121445E1,5.365570068E0,2.966506481E0,1.201925945E1
9.063128096E1,2.490045786E0,4.352791786E0,8.892336845E0
9.073135011E1,2.226675510E0,6.557918549E0,4.829252243E0
9.083141593E1,-7.063110471E-1,7.913078308E0,4.661653042E0
9.093148457E1,-1.635289669E0,1.041030693E1,1.819648862E0
9.103154636E1,-3.617749214E0,1.505041122E1,-1.652049661E0
9.113162241E1,1.436564922E0,8.959376335E0,2.147664547E0
9.123168359E1,-1.321639657E0,7.427040577E0,5.585843086E0
9.133175113E1,2.288926601E0,5.956955910E0,5.966532707E0
9.143181971E1,5.514014721E0,5.739076614E0,6.845231533E0
9.153188773E1,4.982485771E0,2.425400496E0,1.198095131E1
9.163195568E1,7.855615616E0,2.332023621E0,1.168884945E1
9.173202832E1,4.333637238E0,4.355185986E0,8.384750366E0
9.183209730E1,9.122186899E-1,6.344828129E0,5.351204395E0
9.193215082E1,1.723877907E0,9.055147171E0,1.443747759E0
9.203221770E1,-1.019961119E0,1.178462029E1,5.411061049E-1
9.213228661E1,-2.087807655E0,1.595544720E1,-2.188367128E0
9.223236022E1,1.932179809E0,9.227535248E0,2.217098475E0
9.233242160E1,-2.145270348E0,8.123774529E0,5.497254848E0
9.243249871E1,2.140481710E0,6.969734192E0,4.091815472E0
9.253255576E1,4.558699131E0,4.460534096E0,8.877970695E0
9.263262294E1,8.954587936E0,6.344828010E-1,1.459549904E1
9.273269002E1,1.025946712E1,3.361561775E0,7.934626579E0
9.283275906E1,3.955342054E0,5.097411156E0,7.376760483E0
9.293282964E1,2.310475111E0,7.939415455E0,3.548315287E0
9.303290469E1,9.984126091E-1,9.854835510E0,1.347976685E0
9.313296654E1,-4.381522834E-1,1.294344997E1,-1.359948039E0
9.323302712E1,-3.404658794E0,1.393707371E1,-1.982459545E0
9.333309224E1,1.218685865E0,9.747093201E0,1.381496549E0
9.343316682E1,8.739103079E-1,7.525205612E0,4.225894928E0
9.353322943E1,3.790137053E0,6.117372036E0,4.577853203E0
9.363329398E1,4.503631115E0,3.598595142E0,1.070001411E1
9.373336639E1,1.288119888E1,5.099805593E-1,1.198334503E1
9.383343611E1,7.807730198E0,2.461314440E0,9.986519814E0
9.393349572E1,3.761405706E0,5.830059052E0,5.044736862E0
9.403356060E1,2.207521439E0,8.197997093E0,2.782147408E0
9.413363505E1,-1.089395046E0,1.135604572E1,1.276148438E0
9.423369786E1,6.751855016E-1,1.291232395E1,-2.751021862E0
9.433376384E1,-5.698373914E-1,1.060424328E1,1.347976685E0
9.443383119E1,1.292908430E0,9.423865318E0,1.721483588E0
9.453390251E1,2.451737404E0,7.309720993E0,4.166038036E0
9.463396782E1,5.695979595E0,5.664854050E0,5.516408920E0
9.473403917E1,5.042342663E0,3.093403101E0,1.243107510E1
9.483410585E1,1.221080112E1,1.438959122E0,1.000806904E1
9.493417149E1,7.829278469E0,3.069460392E0,8.684034348E0
9.503423404E1,2.027950764E0,6.256239891E0,5.492466450E0
9.513431375E1,2.147664547E0,8.418270111E0,1.960911036E0
9.523437087E1,-1.290514112E0,1.238318920E1,-6.943397224E-2
9.533444451E1,-1.503604531E0,1.393467903E1,-2.995237827E0
9.543450919E1,1.829225898E0,9.931451797E0,1.884294271E0
9.553456974E1,1.460507631E0,8.147717476E0,3.500429869E0
9.563464173E1,2.566662550E0,7.781393051E0,5.463735104E0
9.573470411E1,6.083852291E0,5.921041489E0,6.198777676E0
9.583477506E1,5.142902374E0,2.437371731E0,1.203841400E1
9.593484111E1,8.765439987E0,3.217905283E0,8.652909279E0
9.603490349E1,5.710345268E0,3.222693920E0,8.978530884E0
9.613497404E1,2.983266354E0,6.004841328E0,5.269798756E0
9.623504912E1,9.648927450E-1,8.940221786E0,2.353572130E0
9.633510630E1,-1.185166001E0,1.258909702E1,-1.005595446E0
9.643517275E1,-3.502824068E0,1.322357941E1,-9.601042271E-1
9.653524323E1,3.141288519E0,9.713572502E0,-4.644893110E-1
9.663531208E1,7.996878028E-1,6.847625732E0,4.838829517E0
9.673537540E1,3.007209063E0,7.048745155E0,4.687990189E0
9.683544165E1,6.739883423E0,4.534756660E0,7.015225410E0
9.693552920E1,8.885153770E0,1.910631299E0,1.426269531E1
9.703558422E1,1.213418484E1,2.233858347E0,6.780586243E0
9.713564653E1,3.129317284E0,5.071074009E0,8.121379852E0
9.723571665E1,3.009603500E0,7.551542759E0,3.167625666E0
9.733615812E1,1.908236980E0,9.227535248E0,1.455719113E0
9.743622653E1,-5.506832004E-1,1.192109394E1,-6.632141471E-1
9.753629208E1,-2.590605259E0,1.235924625E1,-1.745426297E0
9.763636166E1,2.774964571E0,9.378374100E0,5.865973234E-1
9.773642554E1,2.042316437E0,7.015225410E0,4.680807114E0
9.783649545E1,7.012830734E0,6.596227169E0,4.424619675E0
9.793656523E1,6.143709183E0,3.811685562E0,1.002482891E1
9.803662842E1,1.173434067E1,1.292908341E-1,1.326188850E1
9.813669834E1,1.114295483E1,1.405439258E0,7.599428177E0
9.823676238E1,2.267378330E0,6.404685020E0,4.927417755E0
9.833682933E1,1.266571403E0,8.200390816E0,2.683982134E0
9.843689611E1,9.505270720E-1,1.079817963E1,-1.551490068E0
9.853696252E1,-2.877918243E0,1.288598728E1,-2.992843628E0
9.863703030E1,-9.337671995E-1,1.047495270E1,2.391880512E0
9.873709731E1,5.075862408E0,8.418270111E0,-7.254652381E-1
9.883716486E1,3.016786337E0,6.359193802E0,5.839636326E0
9.893724327E1,5.693585396E0,4.992063046E0,5.899493217E0
9.903729385E1,6.833260536E0,3.318464994E0,1.091071033E1
9.913736730E1,9.208380699E0,2.200338602E0,9.976943016E0
9.923743942E1,9.550762177E0,2.889889717E0,6.850020409E0
9.933749966E1,3.098191500E0,6.402290821E0,4.917840481E0
9.943756834E1,1.355159521E0,9.050358772E0,1.766974807E0
9.953763533E1,1.443747759E0,1.113098335E1,-5.722316504E-1
9.963771331E1,-2.897072434E-1,1.283331299E1,-1.565855742E0
9.973776828E1,4.788549617E-2,1.168166637E1,-1.259388566E0
9.983783946E1,2.640885115E0,8.341653824E0,2.588211060E0
9.993790738E1,3.644086361E0,7.805335999E0,3.112557173E0
1.000379727E2,5.128536701E0,5.918647289E0,5.657671452E0
1.001380396E2,6.823683262E0,4.201952457E0,9.421471596E0
1.002381068E2,9.294574738E0,2.312869549E0,1.308710575E1
1.003381790E2,8.801354408E0,4.132518291E0,5.492466450E0
1.004382382E2,3.402264595E0,6.785374641E0,4.374340057E0
1.005383052E2,2.741444588E0,9.138946533E0,1.733454943E0
1.006383744E2,1.618529797E0,1.096338463E1,-1.149251908E-1
1.007384392E2,3.160442710E-1,1.378144550E1,-2.964112282E0
1.008385067E2,7.302538157E-1,9.821314812E0,1.750214934E0
1.009385788E2,1.596981287E0,8.760651588E0,2.918621063E0
1.010386449E2,3.172414064E0,7.010436535E0,4.192375183E0
1.011387182E2,6.988888264E0,5.370358467E0,4.673624516E0
1.012387831E2,5.253038883E0,2.226675510E0,1.522279930E1
1.013388446E2,9.431048393E0,3.962524891E0,6.359193802E0
1.014389104E2,6.440599442E0,4.247443676E0,7.235498428E0
1.015389791E2,4.934600353E0,5.827664852E0,4.403071404E0
1.016390472E2,1.376708031E0,9.318517685E0,2.111750364E0
1.017391137E2,6.512427330E-1,1.148294163E1,-3.902668059E-1
1.018391835E2,-2.317657948E0,1.336963081E1,-3.289733648E0
1.019392532E2,2.267378330E0,9.754275322E0,7.661679387E-1
1.020393226E2,1.884294271E0,7.884346962E0,3.193962574E0
1.021393788E2,5.265010357E0,5.514014721E0,4.053507328E0
1.022394584E2,5.882733345E0,4.431802750E0,8.363202095E0
1.023395346E2,8.839662552E0,1.716695070E0,1.216530991E1
1.024395865E2,9.591464996E0,2.662433624E0,8.729525566E0
1.025396473E2,6.272999763E0,3.488458395E0,8.078283310E0
1.026397218E2,3.423812866E0,6.593832970E0,3.435784340E0
1.027397819E2,1.101366401E0,9.378374100E0,1.630501151E0
1.028398550E2,-1.994430900E0,1.437522602E1,-2.636096478E0
1.029399188E2,-3.526766777E0,1.507195950E1,-4.139701366E0
1.030399915E2,5.889915824E-1,9.263449669E0,9.194015265E-1
1.031400490E2,3.711125851E0,7.331269264E0,2.370332003E0
1.032401180E2,4.656864643E0,5.418243885E0,6.296942711E0
1.033401849E2,8.004060745E0,2.370332003E0,1.189236259E1
1.034402520E2,1.222037888E1,7.709565163E-1,9.715967178E0
1.035403190E2,8.174054146E0,3.450150013E0,8.202785492E0
1.036403861E2,2.430188894E0,6.373559475E0,5.609786034E0
1.037404531E2,4.400677204E0,8.056735039E0,1.113337755E0
1.038405244E2,1.132491946E0,9.601041794E0,2.626519442E0
1.039405892E2,9.194015265E-1,1.225629234E1,-7.781392932E-1
1.040406600E2,-2.485257149E0,1.376468563E1,-1.292908430E0
1.041407222E2,2.679193497E0,8.995290756E0,1.053480864E0
1.042407922E2,1.362342358E0,7.024802208E0,5.157268047E0
1.043408632E2,5.736682415E0,3.814079762E0,6.119766235E0
1.044409235E2,6.708757877E0,4.283357620E0,7.199584484E0
1.045409940E2,1.037199879E1,2.013585091E0,9.179649353E0
1.046411011E2,1.033847904E1,1.644866824E0,7.711959362E0
1.047411796E2,7.082264900E0,3.112557173E0,6.502850533E0
1.048412384E2,3.146077156E0,6.811711788E0,3.718308687E0
1.049413159E2,1.731060743E0,9.213169098E0,1.903448462E0
1.050413663E2,-1.324033976E0,1.388200569E1,-7.015225291E-1
1.051414409E2,-7.494080067E-1,1.305119228E1,-3.603383541E0
1.052415060E2,1.283331275E0,9.754275322E0,1.678386688E0
1.053415703E2,4.369551659E0,7.328875065E0,2.569056988E0
1.054416446E2,6.838048935E0,5.612180233E0,3.340013266E0
1.055417118E2,6.658478260E0,3.610566378E0,9.737515450E0
1.056417779E2,1.383651447E1,-5.818088055E-1,1.233769798E1
1.057418403E2,9.409500122E0,2.751021862E0,7.467742920E0
1.058419156E2,4.125335693E0,5.253038883E0,6.007235527E0
1.059419789E2,3.160442829E0,7.218738556E0,3.557892323E0
1.060420446E2,1.254600048E0,1.025946712E1,9.529213905E-1
1.061421119E2,-1.233051538E0,1.414298153E1,-3.287339211E0
1.062421805E2,-1.391073704E0,1.161702156E1,5.099805593E-1
1.063422426E2,2.348783493E0,8.166871071E0,1.946545362E0
1.064423113E2,3.553103924E0,4.719115734E0,5.585843086E0
1.065423864E2,3.179596901E0,3.612960577E0,9.802161217E0
1.066424503E2,3.529160976E0,1.913025618E0,1.363778973E1
1.067425108E2,4.242654800E0,2.956929445E0,1.280218697E1
1.068425787E2,1.838803053E0,4.994457245E0,8.909096718E0
1.069426439E2,9.146129489E-1,6.035966873E0,6.677632332E0
1.070427124E2,-2.490045726E-1,7.383943558E0,5.616968632E0
1.071427792E2,-7.063110471E-1,9.854835510E0,2.705530643E0
1.072428558E2,-5.147690773E0,1.291711235E1,-2.707924843E0
1.073429128E2,-3.167625666E0,9.110215187E0,2.885101080E0
1.074430057E2,-1.470084786E0,8.607418060E0,2.777358770E0
1.075430471E2,2.020767927E0,6.002447128E0,6.167652130E0
1.076431184E2,4.450956821E0,3.993650436E0,9.890748978E0
1.077431928E2,5.384724140E0,2.667222023E0,1.250769138E1
1.078432488E2,5.679219723E0,3.057488918E0,1.341272736E1
1.079433182E2,5.413455486E0,4.661653042E0,8.530800819E0
1.080433813E2,1.611346960E0,5.736682415E0,6.675238132E0
1.081434559E2,9.457385540E-1,7.309720993E0,4.592218876E0
1.082435259E2,-4.079844475E0,1.103042412E1,1.364736676E0
1.083435961E2,-3.215511084E0,1.426508904E1,-5.411061287E0
1.084436552E2,-2.219492674E0,9.071907043E0,3.720703125E0
1.085437207E2,-1.343188167E0,7.707170486E0,5.205153465E0
1.086437936E2,8.882759809E-1,6.172440529E0,5.736682415E0
1.087438526E2,4.182797909E0,5.947378635E0,7.328875065E0
1.088439211E2,7.178035736E0,3.023969173E0,1.369525146E1
1.089439888E2,7.477320194E0,1.460507631E0,1.153322220E1
1.090440491E2,3.308887720E0,5.636122704E0,6.993676662E0
1.091441206E2,7.134938836E-1,7.429434776E0,4.462928295E0
1.092441886E2,4.980091453E-1,9.773429871E0,1.917814136E0
1.093442584E2,-1.726272106E0,1.204799080E1,1.149251908E-1
1.094443324E2,-4.987274647E0,1.456197929E1,-4.000833035E0
1.095443946E2,-1.426987767E0,9.869200706E0,1.776551962E0
1.096444580E2,2.020767927E0,7.491685867E0,3.794925690E0
1.097445261E2,3.608172178E0,5.851607800E0,5.669642925E0
1.098445903E2,4.879531860E0,4.436591148E0,9.646533012E0
1.099446631E2,6.732700825E0,2.502017260E0,1.418607807E1
1.100447220E2,9.155706406E0,5.363175392E0,6.612987041E0
1.101447929E2,3.402264595E0,5.614574432E0,7.053533554E0
1.102448616E2,1.321639657E0,7.106207848E0,4.757423878E0
1.103449358E2,-1.795706153E-1,9.613013268E0,1.640078187E0
1.104450022E2,-2.679193497E0,1.274233055E1,-1.893871427E0
1.105450631E2,-3.289733648E0,1.301048946E1,-1.051086664E0
1.106451286E2,-2.729473412E-1,1.007510853E1,9.553156495E-1
1.107452066E2,-4.549122229E-2,7.218738556E0,4.759818554E0
1.108452634E2,4.297723293E0,5.537957668E0,5.818087578E0
1.109453299E2,6.826077461E0,3.567469358E0,1.110704041E1
1.110454004E2,9.203592300E0,1.060663700E0,1.413340378E1
1.111454665E2,8.341653824E0,3.902667999E0,8.940221786E0
1.112455391E2,1.857957244E0,5.312895775E0,7.101418972E0
1.113456100E2,5.842030644E-1,8.087860107E0,3.466909885E0
1.114456715E2,-7.398309112E-1,1.039833546E1,1.113337755E0
1.115457374E2,-3.421418667E0,1.348455620E1,-1.326428294E0
1.116458084E2,-4.065478802E0,1.171279240E1,3.351984918E-2
1.117458657E2,8.882759809E-1,9.668081284E0,1.005595446E0
1.118459423E2,3.519583941E-1,7.005648136E0,5.585843086E0
1.119460904E2,5.229096413E0,5.554717541E0,6.550735950E0
1.120461581E2,4.510813713E0,2.892283916E0,1.431058025E1
1.121462274E2,8.229122162E0,3.378321648E0,1.292190075E1
1.122462963E2,5.435003757E0,4.654470444E0,8.669669151E0
1.123463695E2,7.829278708E-1,6.907482624E0,5.200365067E0
1.124464290E2,6.727912426E-1,8.935433388E0,2.047105074E0
1.125464999E2,-7.326480746E-1,1.153561592E1,-1.915419847E-1
1.126465635E2,-2.758204460E0,1.396341038E1,-3.648874760E0
1.127466314E2,1.874717116E0,9.577098846E0,-7.470137477E-1
1.128466967E2,-1.048692346E0,8.044763565E0,4.271386147E0
1.129467609E2,3.162837029E0,7.163670063E0,3.917033672E0
1.130468354E2,4.544333458E0,4.944177628E0,8.854028702E0
1.131468983E2,5.717528343E0,3.620143414E0,1.021158218E1
1.132469736E2,6.385530949E0,3.550709486E0,1.085085297E1
1.133470331E2,5.142902374E0,4.810098171E0,8.054340363E0
1.134471061E2,3.229876757E0,5.717528343E0,4.905869007E0
1.135471716E2,1.771763414E-1,9.344854355E0,1.862745762E0
1.136472346E2,-2.190761566E0,1.300809479E1,-1.881899953E0
1.137473069E2,-3.675211906E0,1.239516068E1,-6.608198285E-1
1.138473740E2,-9.624984860E-1,1.078381348E1,1.221080184E0
1.139474387E2,1.005595401E-1,7.762238979E0,4.328848839E0
1.140475002E2,8.020820618E0,7.467742920E0,4.316877365E0
1.141475695E2,5.334444046E0,4.498842239E0,9.378374100E0
1.142476473E2,1.292429543E1,8.715160489E-1,1.229460144E1
1.143477059E2,8.684034348E0,4.051113129E0,7.635342598E0
1.144477735E2,2.695953369E0,5.638517380E0,7.345634937E0
1.145478385E2,3.663240433E0,7.532388687E0,2.178790092E0
1.146479054E2,-3.136500120E-1,1.060663700E1,9.433442950E-1
1.147479775E2,-1.929785490E0,1.279021645E1,-2.899466753E0
1.148480455E2,-4.017592907E0,1.303203773E1,-3.088614643E-1
1.149481071E2,3.258608103E0,9.450202942E0,2.418217510E-1
1.150481750E2,4.836435318E0,6.426233768E0,3.670423269E0
1.151482453E2,5.118959427E0,4.690384388E0,6.397502422E0
1.152483112E2,6.591438770E0,1.771763325E0,1.401368999E1
1.153483871E2,1.495942879E1,3.998439014E-1,8.504464149E0
1.154484431E2,5.255433083E0,4.793338299E0,8.616994858E0
1.155485110E2,2.904255390E0,6.641718388E0,4.865166187E0
1.156485764E2,2.703136206E0,7.984906673E0,2.648067951E0
1.157486431E2,3.591412306E-2,1.046776962E1,1.352765322E0
1.158487112E2,-7.326480746E-1,1.374313736E1,-2.925803900E0
1.159487784E2,-6.967339516E-1,1.129379463E1,-5.698373914E-1
1.160488422E2,2.133298874E0,8.612206459E0,2.497228622E0
1.161489129E2,2.569056988E0,6.723123550E0,5.109382629E0
1.162489945E2,4.137306690E0,6.668055534E0,5.875550270E0
1.163490476E2,7.872375488E0,3.232270956E0,1.139674854E1
1.164491235E2,9.818921089E0,1.441353440E0,1.438240910E1
1.165491835E2,8.530800819E0,5.056708336E0,4.721509933E0
1.166492480E2,1.343188167E0,7.218738556E0,5.379935265E0
1.167493142E2,3.268185139E0,8.724737167E0,1.070240855E0
1.168493826E2,8.116591573E-1,1.086043072E1,3.040728867E-1
1.169494457E2,-8.763045669E-1,1.267768478E1,-2.533142805E0
1.170495132E2,1.007989645E0,1.059227180E1,1.146857619E0
1.171495857E2,1.893871427E0,8.877970695E0,1.482056141E0
1.172496578E2,3.711125851E0,7.237892628E0,2.731867552E0
1.173497198E2,5.676825523E0,4.989668846E0,6.143709183E0
1.174497838E2,6.996070862E0,1.774157643E0,1.224671555E1
1.175498598E2,1.030256462E1,3.222693920E0,8.078283310E0
1.176499209E2,5.959350109E0,4.625739098E0,7.151699066E0
1.177499947E2,2.956929445E0,6.701575279E0,4.901080608E0
1.178500532E2,2.375120640E0,9.241900444E0,1.367130876E0
1.179501239E2,2.585816681E-1,1.087240219E1,6.273000240E-1
1.180501841E2,-1.795706153E0,1.431776333E1,-4.415042877E0
1.181502556E2,4.041535854E0,9.579493523E0,-1.915419847E-2
1.182503245E2,2.533142805E0,8.018425941E0,2.964112282E0
1.183503948E2,4.082238674E0,6.438204765E0,4.529967785E0
1.184504677E2,7.558725357E0,4.031958580E0,6.718335152E0
1.185505333E2,8.786988258E0,1.877111435E0,1.352765274E1
1.186505921E2,1.062100315E1,2.621730804E0,6.778192043E0
1.187506596E2,5.959350109E0,4.984879971E0,6.153286457E0
1.188507250E2,2.760598898E0,7.213950157E0,4.151672363E0
1.189507923E2,2.423006058E0,8.928250313E0,1.115732074E0
1.190508566E2,-1.436564885E-2,1.200010490E1,-1.640078187E0
1.191511998E2,-4.199557781E0,1.486605263E1,-1.891477108E0
1.192512723E2,1.632895470E0,9.541185379E0,7.470137477E-1
1.193513443E2,3.232270956E0,6.936213970E0,2.035133600E0
1.194513993E2,5.004034519E0,5.310501575E0,5.463735104E0
1.195514698E2,8.190814018E0,3.541132450E0,7.589851379E0
1.196515356E2,1.096338463E1,1.446141958E0,1.258191395E1
1.197516145E2,9.325700760E0,3.009603500E0,8.284191132E0
1.198516678E2,5.899493217E0,4.733481407E0,5.437397957E0
1.199517373E2,3.021574736E0,7.125361919E0,3.452544212E0
1.200518014E2,1.130097747E0,1.030735302E1,4.668835998E-1
1.201518740E2,6.943396926E-1,1.141350842E1,-9.098244458E-2
1.202519431E2,-4.860377908E-1,1.276387882E1,-2.365543604E0
1.203520098E2,3.028757572E0,9.395133972E0,3.136500120E-1
1.204520755E2,1.525153041E0,7.575485706E0,4.762212753E0
1.205521380E2,6.500456333E0,4.755029678E0,5.420638084E0
1.206522105E2,7.295355320E0,5.004034519E0,7.060716629E0
1.207522794E2,1.050847244E1,1.831620216E0,1.144463348E1
1.208523398E2,1.005595398E1,2.837215662E0,8.272219658E0
1.209524022E2,5.928224564E0,4.429408550E0,5.545140266E0
1.210524782E2,4.606584549E0,6.713546753E0,2.547508478E0
1.211525404E2,7.254652381E-1,9.948211670E0,1.915419817E0
1.212526105E2,-3.186779737E0,1.438240910E1,-1.223474383E0
1.213526773E2,2.257801056E0,1.239516068E1,-2.669616461E0
1.214527494E2,2.346389294E-1,9.141341209E0,3.356773376E0
1.215528101E2,4.213923454E0,7.582668304E0,1.290514112E0
1.216528794E2,5.226701736E0,5.834847927E0,4.676018715E0
1.217529428E2,6.921848297E0,2.645673752E0,1.296739197E1
1.218530104E2,1.341272736E1,9.122186899E-1,9.739910126E0
1.219530736E2,9.574705124E0,2.195549965E0,8.803748131E0
1.220531500E2,5.260221958E0,4.721509933E0,5.779779434E0
1.221532116E2,3.246636629E0,7.529994488E0,2.281744003E0
1.222532800E2,7.613793612E-1,1.076705360E1,1.101366431E-1
1.223533459E2,-3.112557158E-2,1.300091267E1,-5.911464691E0
1.224534160E2,2.126116037E0,1.094662476E1,-1.120520592E0
1.225534873E2,1.575432777E0,8.976136208E0,2.334417820E0
1.226535498E2,4.853195190E0,6.292154312E0,3.466909885E0
1.227536174E2,7.860404015E0,4.149278164E0,5.391906738E0
1.228536832E2,8.892336845E0,2.197944164E0,1.072874546E1
1.229537508E2,1.157153034E1,3.830839694E-1,1.316132832E1
1.230538148E2,7.288172722E0,3.696760416E0,6.012023926E0
1.231538824E2,3.318464994E0,7.012830734E0,3.773377180E0
1.232539566E2,2.973689318E0,9.064723969E0,3.854782581E-1
1.233540224E2,1.685569525E0,1.053241444E1,1.077423692E-1
1.234540870E2,3.878725171E-1,1.220601273E1,-3.308887720E0
1.235541627E2,1.577827096E0,1.099450970E1,-1.039115310E0
1.236542225E2,3.730280161E0,7.771816254E0,2.274561167E0
1.237542848E2,5.068679810E0,6.256239891E0,3.861965179E0
1.238543527E2,6.876357079E0,4.642498970E0,6.986494064E0
1.239544189E2,1.032890129E1,2.473285913E0,1.135365105E1
1.240544914E2,1.055875206E1,1.893871427E0,9.751881599E0
1.241545582E2,5.573871613E0,5.042342663E0,5.734288216E0
1.242546238E2,3.768588543E0,7.283383846E0,2.844398499E0
1.243546967E2,2.442160368E0,9.205986977E0,1.130097747E0
1.244547741E2,1.419804931E0,1.125788021E1,-6.416656375E-1
1.245548296E2,1.525153041E0,1.227305222E1,-1.367130876E0
1.246548938E2,4.573064744E-1,1.004398251E1,1.039115310E0
1.247549654E2,2.353572130E0,8.130957603E0,2.669616461E0
1.248550256E2,3.794925690E0,7.139727592E0,2.940169573E0
1.249550897E2,7.285778046E0,4.570670605E0,5.013611317E0
1.250551557E2,9.488511086E0,1.010383964E0,1.320921421E1
1.251552307E2,1.020679379E1,2.185972929E0,8.363202095E0
1.252552920E2,6.651295185E0,3.694365978E0,8.226728439E0
1.253553628E2,4.436591148E0,5.992869854E0,4.163643837E0
1.254554265E2,3.150865555E0,8.286584854E0,9.481328130E-1
1.255555014E2,-1.163617611E0,1.114774323E1,7.494080067E-1
1.256555614E2,-2.303292274E0,1.442550564E1,-4.903474808E0
1.257556289E2,1.146857619E0,1.050847244E1,-9.577099234E-3
1.258557019E2,2.286532402E0,8.080677032E0,1.436564922E0
1.259557647E2,3.979284763E0,6.368771076E0,4.618556023E0
1.260558325E2,7.067899227E0,4.221106529E0,8.669669151E0
1.261558978E2,9.215563774E0,3.141288519E0,1.150449085E1
1.262559703E2,9.938634872E0,2.384697676E0,9.385557175E0
1.263560378E2,6.296942711E0,4.312088966E0,6.627352715E0
1.264578865E2,3.675211906E0,6.459753513E0,4.175615311E0
1.265579629E2,2.511594296E0,8.870788574E0,5.770202279E-1
1.266580268E2,-4.812492430E-1,1.254121113E1,-2.880312681E0
1.267580906E2,-3.033546209E0,1.397059345E1,-1.371919513E0
1.268581576E2,2.097384691E0,8.849239349E0,3.112557158E-2
1.269582193E2,2.755810261E0,7.506051540E0,3.134105682E0
1.270582896E2,5.913858891E0,5.842030525E0,3.545921087E0
1.271583682E2,7.094236374E0,3.744645834E0,8.877970695E0
1.272584242E2,1.007510853E1,3.634509087E0,9.991309166E0
1.273584940E2,9.287391663E0,2.887495518E0,7.261835575E0
1.274585583E2,4.860377789E0,5.030371189E0,6.917059898E0
1.275586297E2,3.136499882E0,6.883540154E0,4.142095566E0
1.276586984E2,3.105374336E0,8.818114281E0,4.070267081E-2
1.277587748E2,-1.110943556E0,1.333371639E1,-2.346389294E0
1.278588340E2,-1.637683988E0,1.381017685E1,-3.227482557E0
1.279588904E2,1.702329397E0,9.531607628E0,3.088614643E-1
1.280589669E2,3.249030828E0,6.914665699E0,3.426207304E0
1.281590275E2,5.971321583E0,4.577853203E0,6.170046329E0
1.282590989E2,6.909877300E0,2.985660791E0,1.125309181E1
1.283591638E2,1.175110054E1,1.304879785E0,1.023073673E1
1.284592359E2,6.668055534E0,4.008016109E0,6.859597206E0
1.285592997E2,4.278569221E0,5.851607800E0,6.244268894E0
1.286593722E2,5.236279011E0,6.308914185E0,3.213116884E0
1.287594383E2,3.009603500E0,8.480521202E0,1.757397652E0
1.288594986E2,1.628106833E-1,1.164575291E1,-8.403904438E-1
1.289595636E2,-8.858816624E-1,1.350849819E1,-3.481275558E0
1.290596385E2,1.383890867E0,1.016369629E1,3.926610649E-1
1.291597044E2,3.134105682E0,7.580274105E0,3.354378939E0
1.292597808E2,6.308914185E0,5.497254848E0,3.847599506E0
1.293598330E2,7.005648136E0,3.644086361E0,9.878777504E0
1.294599018E2,1.055156898E1,1.695146561E0,1.249571991E1
1.295599792E2,9.457385063E0,3.138894320E0,5.765413761E0
1.296600359E2,3.557892323E0,7.125361919E0,4.223500729E0
