"Time (s)","Gyroscope x (rad/s)","Gyroscope y (rad/s)","Gyroscope z (rad/s)"
2.336112270E-1,8.087568879E-1,2.474639565E-1,-1.350128353E-1
3.336878420E-1,7.152944803E-1,1.619428247E-1,1.814153790E-1
4.337486920E-1,2.046111524E-1,4.160236567E-2,-7.159456611E-1
5.338116070E-1,3.353362978E-1,1.491146535E-1,-8.906531334E-1
6.338767870E-1,4.746135771E-1,2.517400086E-1,-7.605388165E-1
7.339499020E-1,-2.211619318E-1,1.008562893E-1,3.200818002E-1
8.340084500E-1,-9.603089094E-1,7.893014550E-1,2.302845865E-1
9.340746960E-1,-6.127265692E-1,2.205467783E-2,3.151948452E-1
1.034150609E0,1.991133541E-1,-4.788548350E-1,5.949711204E-1
1.134205659E0,6.655560434E-2,-3.236950338E-1,2.840407491E-1
1.234279240E0,-1.948947310E-1,-2.070197910E-1,3.561228216E-1
1.334350386E0,-4.850557148E-1,3.280981779E-1,2.742668688E-1
1.434412197E0,4.911069274E-1,1.882100254E-1,-3.561460674E-1
1.534481316E0,7.769919038E-1,3.586414158E-1,-9.164139628E-2
1.634549998E0,5.833476186E-1,4.893274978E-2,-5.504012108E-1
1.734622879E0,7.091858387E-1,-3.475579247E-2,-8.002450466E-1
1.834686898E0,3.994771838E-1,-9.278798848E-2,-4.483866990E-1
1.934753812E0,-1.576319486E-1,5.021947622E-1,2.217324823E-1
2.034819091E0,-5.919571519E-1,3.800216913E-1,7.458548546E-1
2.134881135E0,-1.820665598E-1,6.909129769E-2,8.356520534E-1
2.234950081E0,-3.500545025E-1,-2.711606324E-1,2.198998928E-1
2.335022594E0,-1.050975323E-1,-1.135574058E-1,-6.476332247E-2
2.435108941E0,-9.010549188E-1,2.712876797E-1,-1.020260975E-1
2.535151955E0,-8.931137323E-1,-3.536665440E-2,3.952181935E-1
2.635220931E0,-2.010033727E-1,6.579654217E-1,-7.373259068E-1
2.735291944E0,5.576912761E-1,2.132554948E-1,3.170274794E-1
2.835360592E0,8.050916791E-1,1.924860775E-1,-1.533387750E-1
2.935420005E0,9.071062207E-1,-5.020676851E-1,-7.147239447E-1
3.035494250E0,3.732099533E-1,-4.086444154E-2,-7.562627792E-1
3.135551699E0,9.893145412E-2,-1.293138146E0,5.986363292E-1
3.235628481E0,-7.129084468E-1,2.529617548E-1,5.570974946E-1
3.335689662E0,-6.389937997E-1,2.506990917E-3,5.894733071E-1
3.435761112E0,-4.722275436E-1,-4.855743349E-1,2.144020945E-1
3.535833793E0,-1.124279201E-1,-9.803751707E-1,5.522105694E-1
3.635892441E0,-8.790637851E-1,-4.800765514E-1,-4.795408249E-1
3.735966420E0,-3.384480476E-1,6.298655868E-1,-4.819842875E-1
3.836036044E0,5.558586717E-1,5.553400517E-1,-3.708068132E-1
3.936098590E0,6.554296613E-1,3.390937448E-1,-1.631126255E-1
4.036159569E0,3.304494023E-1,-2.198479623E-1,-8.338426352E-1
4.136228484E0,2.156067193E-1,1.094084084E-1,-6.029356122E-1
4.236291964E0,2.437065244E-1,-1.905264258E-1,2.808819339E-2
4.336360910E0,-3.909824491E-1,-2.070197910E-1,1.224773169E0
4.436518998E0,-3.750999868E-1,7.208845019E-1,9.566034079E-1
4.536581216E0,-3.372263312E-1,-3.456861973E-1,2.980906367E-1
4.636654296E0,-5.235401988E-1,-3.627904356E-1,4.599699080E-1
4.736715944E0,-6.884738207E-1,-2.992604375E-1,5.069020763E-2
4.836782892E0,-1.692383885E-1,4.991404414E-1,2.907602489E-1
4.936850771E0,1.129813641E-1,1.062969089E0,-1.711583324E-2
5.036919916E0,5.240936875E-1,2.419661731E-1,4.043811858E-1
5.136978630E0,3.188429475E-1,3.299307525E-1,-1.142434105E-1
5.237052679E0,6.041169763E-1,-3.554600477E-1,-2.718466520E-1
5.337119663E0,5.295914412E-1,-5.405521989E-1,-7.416020036E-1
5.437188377E0,4.245226383E-1,-6.670013666E-1,2.136867680E-2
5.537253993E0,-7.318452597E-1,-1.294398904E-1,5.241107941E-1
5.637320073E0,1.050401106E-1,-3.530165851E-1,1.104432702E0
5.737387685E0,-4.099192917E-1,3.543653786E-1,5.644278526E-1
5.837453431E0,-1.091034055E0,1.796007276E0,-8.002450466E-1
5.937527243E0,-4.820013940E-1,-1.722004712E-1,-9.164139628E-2
6.037591591E0,7.755117863E-2,-5.142850280E-1,6.450620890E-1
6.137656271E0,5.283697248E-1,1.918752193E-1,4.361461699E-1
6.237721020E0,8.673999906E-1,1.845448315E-1,1.985195875E-1
6.337791267E0,4.428485930E-1,-8.118154854E-2,-3.500373960E-1
6.437857746E0,4.202465713E-1,5.076534674E-2,-5.223013759E-1
6.537923724E0,2.009459585E-1,-4.843525887E-1,-1.030541301E0
6.637992039E0,-2.996110730E-2,-6.713164598E-2,-6.860132813E-1
6.738064917E0,-4.050323665E-1,-2.290109396E-1,7.684568763E-1
6.838129198E0,-1.093735918E-1,5.840507150E-1,1.116649985E0
6.938193346E0,-2.339901030E-1,-3.921119571E-1,4.385896325E-1
7.038261191E0,-3.787651658E-1,-1.037835628E-1,1.136093289E-1
7.138324838E0,-4.270235300E-1,-5.558238626E-1,1.032246202E-1
7.238392686E0,-4.655080140E-1,6.329199076E-1,6.517816186E-1
7.338460831E0,5.686868429E-1,5.394575000E-1,-4.471649826E-1
7.438528010E0,6.700904369E-1,3.610457852E-2,-2.566794679E-2
7.538596060E0,6.786425710E-1,4.545472860E-1,2.321171910E-1
7.638664641E0,4.233008921E-1,-2.271783501E-1,-9.089790583E-1
7.738735021E0,4.373508096E-1,-3.047582507E-1,-8.924857378E-1
7.838796434E0,5.063785911E-1,-6.474536061E-1,-5.504012108E-1
7.938869313E0,-7.959861159E-1,-6.144669056E-1,9.761510491E-1
8.038936627E0,-5.406444669E-1,1.265126318E-1,1.651768088E0
8.138998974E0,-3.506653607E-1,-3.212516010E-1,6.065775752E-1
8.239068789E0,-3.860955536E-1,1.601102352E-1,3.316882253E-1
8.339133537E0,-5.101011992E-1,-1.544853747E-1,2.944254577E-1
8.439205285E0,-1.325864643E-1,1.716775633E-2,-6.965024769E-2
8.539272300E0,8.044808507E-1,2.688442469E-1,2.253976762E-1
8.639332681E0,6.542079449E-1,2.859484553E-1,-2.261362039E-2
8.739404404E0,6.529862285E-1,1.289560944E-1,-2.852856815E-1
8.839475216E0,5.192067027E-1,-6.670013666E-1,-9.425766468E-1
8.939540762E0,2.516477704E-1,-5.026785731E-1,-1.163709879E0
9.039609186E0,3.479060903E-2,7.214563340E-2,-5.345186591E-1
9.139667633E0,-5.375901461E-1,-2.864322960E-1,1.420250177E0
9.239741118E0,-2.804158628E-1,2.676225007E-1,9.645445943E-1
9.339802898E0,-5.928263813E-2,4.185062349E-1,5.558757782E-1
9.439875244E0,-8.155338168E-1,-1.685352772E-1,3.304664791E-1
9.539937856E0,-5.681333542E-1,8.986071497E-2,8.734212816E-2
9.640006800E0,-4.508472681E-1,1.271235049E-1,6.890443563E-1
9.740073288E0,5.784606934E-1,2.945005894E-1,-7.080044746E-1
9.840139834E0,8.393000960E-1,-3.023147583E-1,-1.264607012E-1
9.940210213E0,6.340494156E-1,-1.214986593E-1,-6.505830884E-1
1.004027252E1,2.021676749E-1,-5.112307072E-1,-8.985943794E-1
1.014033224E1,-1.136496440E-1,-7.048749328E-1,-8.533903956E-1
1.024041065E1,1.551310569E-1,7.227171063E-1,-4.221194685E-1
1.034047373E1,-3.693902167E-3,7.306584120E-1,7.354701757E-1
1.044054748E1,-2.431530803E-1,2.566269338E-1,5.693148375E-1
1.054061286E1,-4.801687896E-1,6.176092103E-2,2.034065276E-1
1.064069037E1,-5.821833014E-1,3.549371287E-2,-2.492446303E-1
1.074075382E1,-6.212787032E-1,-2.717715204E-1,2.632713020E-1
1.084080900E1,1.279945951E-2,8.008687943E-2,4.129332900E-1
1.094087838E1,4.422377348E-1,-1.966350824E-1,-3.048333824E-1
1.104094902E1,7.067423463E-1,-1.538745165E-1,-5.235231519E-1
1.114100454E1,2.730280459E-1,-1.978568137E-1,-8.246796727E-1
1.124109185E1,6.472300738E-2,4.771101847E-2,-5.204688311E-1
1.134115617E1,1.096686348E-2,-3.047973290E-2,-1.099673510E-1
1.144121758E1,-2.083337605E-1,-2.375630438E-1,9.242275357E-1
1.154127129E1,-1.222017556E-1,2.053142488E-1,9.156754017E-1
1.164163448E1,-3.500545025E-1,4.985295832E-1,3.396294415E-1
1.174169490E1,-1.893969476E-1,7.746406794E-1,-3.115528822E-1
1.184176851E1,-3.445566893E-1,-4.697309434E-2,2.431127578E-1
1.194183012E1,-5.546943545E-1,-6.217973232E-1,-4.447214901E-1
1.204190824E1,3.280059099E-1,-3.823381066E-1,-6.293072551E-2
1.214197335E1,6.432123780E-1,-2.962061167E-1,-1.050089002E0
1.224203086E1,4.587310851E-1,-5.588781834E-1,-2.132035792E-1
1.234210164E1,-2.504834533E-1,1.833231002E-1,-4.874821007E-1
1.244216585E1,-8.066292852E-2,2.254728079E-1,-5.558989644E-1
1.254222373E1,4.831657112E-1,3.018309772E-1,2.625560015E-2
1.264230004E1,2.620324790E-1,1.019597650E0,6.316230297E-1
1.274237746E1,-1.468947716E-2,4.722623527E-1,6.591119766E-1
1.284243787E1,-3.973495215E-2,6.604088545E-1,4.972327054E-1
1.294250895E1,-3.408915102E-1,1.503363848E-1,5.222781897E-1
1.304257023E1,-8.644030094E-1,-7.299203873E-1,1.093332767E-1
1.314264071E1,1.820091307E-1,3.500893116E-1,-4.643736780E-2
1.324270272E1,6.694796085E-1,1.240691766E-1,-3.500373960E-1
1.334277157E1,6.676469445E-1,3.476458490E-1,1.252157688E-1
1.344284582E1,-7.699773461E-2,2.908353806E-1,-8.008559346E-1
1.354289447E1,-3.372263312E-1,-5.759824514E-1,-6.310353875E-1
1.364297471E1,3.066256344E-1,1.393408030E-1,-4.746538997E-1
1.374304289E1,9.221194685E-2,3.745239377E-1,6.578902602E-1
1.384310501E1,-9.349109977E-2,2.945005894E-1,9.474403858E-1
1.394317225E1,-6.233696640E-2,2.645681798E-1,5.351063013E-1
1.404324046E1,-3.366154432E-1,1.979838759E-1,-4.399390519E-2
1.414330568E1,-4.929969609E-1,-3.420209885E-1,-9.958264232E-2
1.424337859E1,4.862200320E-1,-5.613607541E-2,3.335207999E-1
1.434344537E1,6.206103563E-1,-2.180153728E-1,-8.039102554E-1
1.444350845E1,2.137741297E-1,3.372611403E-1,1.526002493E-2
1.454356570E1,-3.696021736E-1,3.671935499E-1,-7.342715859E-1
1.464364284E1,-1.588536650E-1,-4.690809548E-1,-7.513758540E-1
1.474370916E1,1.771222055E-1,1.937078089E-1,-3.818024099E-1
1.484377547E1,-9.682500958E-1,3.861303627E-1,8.093848228E-1
1.494384305E1,-1.908371687E0,6.329199076E-1,-4.624365866E-1
1.504390913E1,-1.491150737E0,8.680639416E-2,5.252280459E-2
1.514398288E1,-3.005743921E-1,-2.387847751E-1,9.772682935E-2
1.524404409E1,-5.683917925E-2,-8.667933941E-2,9.650510550E-2
1.534411214E1,-5.498074293E-1,2.480748147E-1,4.563047290E-1
1.544418555E1,8.671415597E-2,3.732630983E-2,4.587481916E-1
1.554423686E1,1.759004891E-1,-4.312073290E-1,-3.023898900E-1
1.564431385E1,5.494916067E-2,6.743951817E-4,-2.736792266E-1
1.574438943E1,4.287987053E-1,-1.587614268E-1,-8.100188971E-1
1.584445500E1,5.088220239E-1,1.778253168E-1,-3.433178663E-1
1.594451332E1,8.124220371E-1,3.910172582E-1,-4.074587226E-1
1.604458064E1,-6.365503073E-1,-2.797127366E-1,9.645445943E-1
1.614466679E1,-3.671587110E-1,-2.057980597E-1,9.706532359E-1
1.624472673E1,3.903141916E-1,-5.478825569E-1,4.892914295E-1
1.634478601E1,-1.087627262E-1,-1.043944210E-1,-5.743293837E-2
1.644484890E1,-4.740601480E-1,-3.548491895E-1,-3.060550988E-1
1.654491192E1,1.899503767E-1,-3.200298548E-1,-2.156470269E-1
1.664498256E1,1.266905785E0,-5.295566320E-1,-7.367150784E-1
1.674505864E1,1.079981089E0,-8.301414549E-2,-5.253556967E-1
1.684512169E1,4.196357131E-1,4.270583391E-1,-7.110587955E-1
1.694518494E1,4.709483981E-1,4.649319649E-1,-1.203520596E-1
1.704525972E1,2.797475457E-1,-9.645317495E-2,-7.562627792E-1
1.714531790E1,7.694030553E-2,-1.020081401E0,9.144536853E-1
1.724539475E1,2.577564120E-1,1.097177505E0,6.041340828E-1
1.734546343E1,-1.154822409E-1,-3.053690791E-1,9.535490274E-1
1.744552665E1,-6.137363147E-3,2.633073553E-2,4.734089673E-1
1.754558553E1,-6.127265692E-1,-9.156625718E-2,-1.117999479E-1
1.764565892E1,-1.026540771E-1,-1.783091277E-1,4.954001307E-1
1.774572206E1,8.637347221E-1,-5.369261280E-2,-1.423432231E-1
1.784579294E1,6.902490258E-1,2.071468532E-1,-6.316462159E-1
1.794586586E1,5.112655163E-1,-1.575397104E-1,-1.698321402E-1
1.804593830E1,-2.935024351E-2,7.062237263E-1,-5.027536750E-1
1.814599655E1,2.021676749E-1,1.142992377E0,-2.994400449E-2
1.824606270E1,4.801113605E-1,7.642168552E-2,-1.252389848E-1
1.834613038E1,-3.140134513E-1,-6.492862701E-1,9.578250647E-1
1.844619329E1,-4.325213134E-1,-2.650519609E-1,5.809212923E-1
1.854625024E1,-3.127917051E-1,-4.073835611E-1,4.935674965E-1
1.864633635E1,-4.502363801E-1,-5.521586537E-1,2.003521919E-1
1.874639409E1,-7.342887521E-1,-7.232009172E-1,-7.361042500E-1
1.884646841E1,8.304896206E-2,-2.833779156E-1,2.333389074E-1
1.894657514E1,4.495681226E-1,-2.363413274E-1,-5.339078307E-1
1.904664305E1,6.297733784E-1,1.766035855E-1,-2.822313607E-1
1.914670607E1,2.443173826E-1,3.219895065E-1,-3.042224944E-1
1.924677508E1,1.148139536E-1,4.838688076E-1,-5.455142856E-1
1.934683847E1,1.099270359E-1,1.167387888E-1,-3.982957602E-1
1.944690525E1,1.954481602E-1,-3.231232986E-2,1.239940450E-1
1.954696953E1,-5.088794827E-1,7.453191280E-1,5.589300990E-1
1.964704965E1,-9.877977967E-1,1.246800348E-1,5.790886283E-1
1.974710713E1,-4.123627543E-1,-1.587614268E-1,3.541857749E-2
1.984717444E1,-8.607378602E-1,-5.417739153E-1,-5.980486870E-1
1.994724635E1,-1.896553487E-2,-3.426318765E-1,1.648175344E-2
2.004730870E1,4.019206166E-1,-2.057980597E-1,2.846516073E-1
2.014737631E1,7.995938659E-1,2.987766564E-1,1.007811576E-1
2.024744676E1,7.397291064E-1,6.237178296E-2,-4.160108268E-1
2.034751624E1,6.560406089E-1,-2.265674770E-1,-1.041536808E0
2.044757725E1,1.923938394E-1,1.753818542E-1,-4.386128485E-1
2.054763460E1,-2.462074012E-1,3.427198529E-2,3.048101366E-1
2.064771661E1,-5.073052645E-2,5.877158642E-1,8.588649035E-1
2.074778265E1,-4.288561046E-1,-2.559280954E-2,6.187948585E-1
2.084785160E1,-3.256198764E-1,2.340249121E-1,9.779836535E-1
2.094791641E1,-4.648971558E-1,-5.295566320E-1,-3.849611804E-2
2.104799860E1,-2.339901030E-1,-9.099449031E-3,2.339497805E-1
2.114805431E1,3.506079316E-1,5.632812977E-1,-1.044695675E-1
2.124811582E1,1.783439517E-1,2.786180675E-1,-2.608510852E-1
2.134818230E1,3.964228332E-1,2.566269338E-1,-6.415245682E-2
2.144824808E1,7.275117636E-1,-1.954133511E-1,-7.886385918E-1
2.154831029E1,5.827367306E-1,-4.226552248E-1,-8.210145235E-1
2.164838101E1,-9.043676406E-2,4.423299432E-1,-2.596293390E-1
2.174845415E1,-4.490146935E-1,7.404322028E-1,7.727329135E-1
2.184852214E1,-2.376552820E-1,-9.950751066E-2,7.110355496E-1
2.194859438E1,-2.480399907E-1,3.427198529E-2,2.913711369E-1
2.204865973E1,-2.407096028E-1,-4.666375220E-1,-4.826996103E-2
2.214871981E1,-5.058251619E-1,-4.886286557E-1,3.847290576E-2
2.224878412E1,-8.674573302E-1,5.382358432E-1,4.031594396E-1
2.234885307E1,4.941612780E-1,9.841283411E-2,-5.058080554E-1
2.244891841E1,5.265371203E-1,1.949295551E-1,-6.939545274E-1
2.254897702E1,4.733918309E-1,2.431878895E-1,-2.810096145E-1
2.264906437E1,2.944083214E-1,-1.526527852E-1,-5.491794348E-1
2.274912209E1,2.754715383E-1,2.218076140E-1,-4.862603545E-1
2.284919167E1,4.672831893E-1,-1.798323750E0,1.999961138E0
2.294925531E1,-1.661840528E-1,6.891195178E-1,7.605156302E-1
2.304932126E1,-4.502363801E-1,2.572377920E-1,4.086572528E-1
2.314939020E1,-8.173664212E-1,-5.368870497E-1,1.007811576E-1
2.324945512E1,-9.450372458E-1,-4.758005142E-1,-8.186754584E-2
2.334953217E1,-7.211080939E-2,-2.510021031E-1,-2.895617485E-1
2.344959055E1,5.900671482E-1,-1.422680616E-1,-5.039754510E-1
2.354966566E1,9.284864664E-1,-3.566817641E-1,-2.078102529E-2
2.364973144E1,3.096799552E-1,2.865593135E-1,-4.948124588E-1
2.374979255E1,3.774860203E-1,3.164917231E-1,-5.277991891E-1
2.384986261E1,1.355833709E-1,1.436168700E-1,-5.094732642E-1
2.394993312E1,1.160356849E-1,-3.560709357E-1,4.190419614E-1
2.404999477E1,-3.555522859E-1,3.189351857E-1,3.151948452E-1
2.415006583E1,-5.809615254E-1,3.128265440E-1,5.601518154E-1
2.425012521E1,-1.826774180E-1,4.893274978E-2,3.781139851E-1
2.435019289E1,-8.576835394E-1,-3.517948687E-1,-1.258498430E-1
2.445027281E1,-3.964802623E-1,-5.723171830E-1,1.038354859E-1
2.455032179E1,4.440703094E-1,-6.529904902E-2,-8.370014280E-2
2.465039581E1,7.794353366E-1,-9.523144364E-2,-3.359874785E-1
2.475048142E1,6.474884748E-1,-1.343268305E-1,-5.094732642E-1
2.485053620E1,4.257443547E-1,-1.972459406E-1,-9.169203639E-1
2.495059901E1,6.533387303E-2,-1.887329295E-2,-6.188181043E-1
2.505066452E1,-2.914114296E-1,1.833231002E-1,7.189767957E-1
2.515073097E1,-1.338081956E-1,8.247316480E-1,8.069413900E-1
2.525080472E1,-3.286742270E-1,4.417191148E-1,5.448802114E-1
2.535086843E1,-6.304416656E-1,2.407444268E-1,1.979087442E-1
2.545093294E1,-8.705116510E-1,-4.959590435E-1,-3.353766203E-1
2.555099516E1,-3.720456660E-1,-4.037183821E-1,7.145962864E-2
2.565106824E1,-1.374733895E-1,2.633073553E-2,3.481815755E-1
2.575113436E1,6.462666988E-1,1.112410054E-1,-6.659591943E-2
2.585120064E1,3.567165732E-1,2.547943294E-1,-5.699488521E-1
2.595127558E1,2.644759417E-1,9.780196846E-2,-5.962160826E-1
2.605134036E1,2.669194043E-1,2.554051876E-1,-5.180253386E-1
2.615140738E1,6.166867912E-2,-8.240327239E-2,-2.022080123E-1
2.625158788E1,-4.905534983E-1,-3.725642562E-1,1.247986078E0
2.635165099E1,4.700791091E-2,-6.089690924E-1,9.065123796E-1
2.645171454E1,2.473717183E-1,-6.156886816E-1,6.175732017E-1
2.655177828E1,-4.752818644E-1,7.825428247E-2,8.540507406E-3
2.665184767E1,-2.846919298E-1,-2.247348726E-1,-1.814385802E-1
2.675191538E1,-2.132206857E-1,-1.954133511E-1,-2.913943231E-1
2.685198152E1,4.086401463E-1,-1.722004712E-1,-5.583424568E-1
2.695205154E1,4.440703094E-1,3.122156560E-1,2.938145697E-1
2.705211942E1,2.253805697E-1,-2.479477525E-1,-9.958264232E-2
2.715218393E1,2.485934496E-1,2.181424201E-1,-5.076406002E-1
2.725225148E1,1.820091307E-1,4.099150002E-2,-5.815553069E-1
2.735232613E1,6.438232660E-1,-3.181972802E-1,1.075006798E-1
2.745238588E1,-1.774380356E-2,5.931745842E-2,1.838588268E-1
2.755244616E1,-3.421132565E-1,3.042744100E-1,2.370041013E-1
2.765251900E1,-1.307538748E-1,5.131903291E-1,6.542251110E-1
2.775258848E1,-6.799217463E-1,1.411343087E-2,-2.907834649E-1
2.785265946E1,-7.516513765E-2,-3.719924763E-2,4.544721246E-1
2.795272374E1,4.165813923E-1,3.879629374E-1,6.633880734E-1
2.805278776E1,7.550007105E-1,-1.306616366E-1,-7.820235193E-2
2.815286754E1,7.470595241E-1,-1.795308590E-1,-2.840639353E-1
2.825292302E1,5.790715218E-1,-5.442174077E-1,-1.224185586E0
2.835299047E1,3.102908432E-1,-1.825851798E-1,-1.080021381E0
2.845306285E1,6.960992515E-2,5.113577247E-1,-1.313476413E-1
2.855311669E1,-2.187184691E-1,5.290728211E-1,7.996110320E-1
2.865319048E1,-3.512762189E-1,4.032346010E-1,7.953349352E-1
2.875325876E1,-4.587885141E-1,1.686623394E-1,5.289976597E-1
2.885333767E1,-7.465060353E-1,-2.442825586E-1,1.453743279E-1
2.895339475E1,-3.036287129E-1,-3.029256165E-1,-3.544178978E-2
2.905346763E1,6.438232660E-1,2.346357852E-1,4.274896160E-2
2.915352731E1,8.826715946E-1,2.712876797E-1,-3.097202778E-1
2.925360089E1,3.658795655E-1,-3.096451461E-1,-1.252389848E-1
2.935366171E1,3.540147468E-2,3.763565123E-1,-5.442925692E-1
2.945373276E1,1.972807646E-1,-2.210696936E-1,6.412924081E-2
2.955378587E1,2.840236127E-1,3.855195045E-1,-6.615786552E-1
2.965386725E1,-2.260488570E-1,-4.721353054E-1,1.302963972E0
2.975393013E1,-7.465060353E-1,-1.489875913E-1,2.528866231E-1
2.985399644E1,-5.510291457E-1,3.916281462E-1,2.174564153E-1
2.995406555E1,-6.829760671E-1,-3.670664728E-1,-3.561460674E-1
3.005413797E1,-5.107120872E-1,-4.073835611E-1,-5.865466967E-2
3.015420568E1,-4.398516715E-1,1.747709960E-1,5.894733071E-1
3.025426486E1,4.953829944E-1,-9.099449031E-3,-3.915762305E-1
3.035433237E1,8.661782146E-1,-7.262942940E-2,-3.353766203E-1
3.045439938E1,5.405870080E-1,-2.119067013E-1,-5.003102422E-1
3.055446130E1,-2.871066681E-5,1.039106250E-1,-1.224185586E0
3.065453235E1,3.377797604E-1,8.558466285E-2,-4.722104371E-1
3.075460009E1,-3.598283529E-1,6.603697687E-2,8.442041874E-1
3.085467277E1,-2.584246993E-1,4.759275615E-1,1.224773169E0
3.095473759E1,-7.715514898E-1,9.780196846E-2,6.432294846E-1
3.105480220E1,-6.267764568E-1,-7.629462332E-2,2.809864283E-1
3.115486934E1,-5.882919431E-1,-3.688990772E-1,-3.065932775E-3
3.125493583E1,-2.455965430E-1,-5.710954666E-1,1.160527915E-1
3.135500727E1,8.686216474E-1,6.542611122E-2,-2.987247109E-1
3.145507205E1,6.224430203E-1,1.228083484E-2,-4.019609392E-1
3.155513310E1,4.440703094E-1,2.205467783E-2,-5.051971674E-1
3.165520512E1,1.361942440E-1,1.417842656E-1,-6.456961632E-1
3.175527410E1,1.019857898E-1,2.541834712E-1,-4.141782522E-1
3.185534171E1,-2.724746168E-1,-5.552520603E-2,4.831827879E-1
3.195540572E1,-4.062540829E-1,4.014019966E-1,7.727329135E-1
3.205547537E1,-3.286742270E-1,-1.502093226E-1,6.957639456E-1
3.215554652E1,-6.414371729E-1,-6.835337728E-2,3.512358963E-1
3.225560826E1,-6.249438524E-1,-3.090342581E-1,9.161818027E-2
3.235567518E1,-4.156754538E-2,1.240691766E-1,2.736560404E-1
3.245574066E1,5.008807778E-1,2.260836661E-1,1.453743279E-1
3.255581007E1,5.302023292E-1,-9.099449031E-3,-3.910698369E-2
3.265587482E1,1.160356849E-1,1.161279306E-1,-4.471649826E-1
3.275594650E1,2.724171877E-1,-1.373811513E-1,-9.389114976E-1
3.285600938E1,3.744316697E-1,1.356756091E-1,-5.277991891E-1
3.295608729E1,-3.524979651E-1,1.332321465E-1,-2.639054060E-1
3.305614258E1,-2.339901030E-1,4.429408312E-1,3.958290815E-1
3.315621023E1,-2.229945213E-1,3.329850733E-1,1.177736521E0
3.325628048E1,-6.029527187E-1,-2.009111345E-1,3.762813807E-1
3.335635156E1,-9.688609838E-1,-4.910721183E-1,1.844696999E-1
3.345641451E1,5.372743309E-2,-2.644411325E-1,3.634532094E-1
3.355835599E1,6.945250630E-1,2.828941345E-1,-3.964631557E-1
3.365842897E1,6.884164214E-1,-1.227203831E-1,-4.447214901E-1
3.375850235E1,3.206755519E-1,-3.762294650E-1,-3.744720221E-1
3.385856429E1,1.215334684E-1,-1.111139432E-1,-4.923689961E-1
3.395863204E1,1.341032516E-2,-6.016387343E-1,-3.011681736E-1
3.405870905E1,1.331399083E-1,3.146591187E-1,-5.223013759E-1
3.415876546E1,1.062618420E-1,7.703646421E-1,9.107884765E-1
3.425883258E1,-1.112061813E-1,7.960209250E-1,1.039681077E0
3.435889976E1,-4.575667679E-1,4.313343763E-1,6.572794318E-1
3.445896500E1,-7.941535115E-1,-4.299855828E-1,2.101260424E-1
3.455902455E1,-4.209148586E-1,-3.151429296E-1,-7.759149373E-2
3.465910850E1,-4.767620191E-2,6.783047691E-3,3.872769475E-1
3.475916918E1,8.912236691E-1,2.059251219E-1,-4.954233170E-1
3.485923859E1,9.510884881E-1,-1.520810090E-2,-7.037283778E-1
3.495930561E1,3.280059099E-1,-5.680411458E-1,-6.744068861E-1
3.505937429E1,-2.761397958E-1,-3.988314867E-1,-4.905364215E-1
3.515943696E1,-1.020432040E-1,1.320104152E-1,-3.604220748E-1
3.525951258E1,5.149306655E-1,4.484386146E-1,7.910588980E-1
3.535957056E1,1.111487672E-1,6.188700199E-1,1.674370050E0
3.545964184E1,-2.645333409E-1,4.979186952E-1,7.092029452E-1
3.555970992E1,-3.567740321E-1,2.462422252E-1,-5.926553160E-2
3.565976991E1,-6.964151263E-1,-2.900974751E-1,3.512358963E-1
3.575984402E1,-4.245800376E-1,-8.057067543E-2,3.549011052E-1
3.585990943E1,6.908598542E-1,2.883919477E-1,-5.711705685E-1
3.595997205E1,8.930562735E-1,1.344538927E-1,-5.064188838E-1
3.606004660E1,6.383255124E-1,-1.434898078E-1,-4.465540946E-1
3.616011331E1,-6.661301851E-2,-4.244878292E-1,-6.334788799E-1
3.626017309E1,-1.594645381E-1,-1.520419121E-1,-3.304897249E-1
3.636025191E1,-7.394340634E-2,5.553400517E-1,6.847683191E-1
3.646030845E1,-1.612971276E-1,5.926028490E-1,1.033572435E0
3.656037167E1,-5.436987877E-1,2.437987626E-1,8.582540751E-1
3.666044601E1,-5.785181522E-1,1.625536829E-1,1.282700896E-1
3.676051136E1,-8.711225390E-1,-5.710954666E-1,3.053165600E-2
3.686057717E1,-2.950766385E-1,2.725094259E-1,2.027956545E-1
3.696064965E1,6.010626554E-1,4.893274978E-2,-2.461903095E-1
3.706071233E1,9.694144130E-1,1.166996919E-2,-3.402635455E-1
3.716077934E1,6.505427957E-1,-2.876539826E-1,-6.872349977E-1
3.726085496E1,1.288638562E-1,-1.911372989E-1,-1.000608921E0
3.736091631E1,2.440589853E-2,-5.674693733E-2,-3.940196931E-1
3.746098432E1,-1.386951208E-1,1.191822514E-1,5.864189863E-1
3.756104650E1,-3.641043901E-1,2.010381967E-1,7.812850475E-1
3.766111965E1,-5.149881244E-1,2.077577263E-1,7.434113622E-1
3.776118196E1,-6.261655688E-1,-4.855743349E-1,1.174071431E0
3.786125784E1,-5.986766219E-1,1.900035329E-2,1.691980660E-1
3.796131572E1,-3.274524808E-1,-5.356652737E-1,-1.570039690E-1
3.806138150E1,8.313589096E-1,-3.927228153E-1,-5.424599648E-1
3.816144976E1,9.290973544E-1,1.106301397E-1,-5.656728745E-1
3.826151683E1,5.570803881E-1,-5.796866864E-2,-8.503360152E-1
3.836159078E1,4.334272072E-2,-3.218624592E-1,-6.652438641E-1
3.846164986E1,-1.741252989E-1,-1.789199859E-1,-7.330499291E-1
3.856172268E1,-2.706420422E-1,-3.963879943E-1,1.003640056E0
3.866178959E1,-1.985599250E-1,2.670116127E-1,7.849502563E-1
3.876185294E1,-2.324159071E-2,3.867412508E-1,5.625952482E-1
3.886191865E1,-5.333141088E-1,1.607210785E-1,4.062137902E-1
3.896198787E1,-8.784529567E-1,-4.641940594E-1,1.887457520E-1
3.906205891E1,-3.647152781E-1,-3.493513763E-1,-4.582649842E-2
3.916212599E1,3.536622524E-1,-1.636483669E-1,-4.532736242E-1
3.926219474E1,7.256792188E-1,-1.184443310E-1,-7.269412279E-1
3.936225338E1,5.692976713E-1,-3.084234297E-1,-6.603569388E-1
3.946232367E1,2.644759417E-1,-2.528346777E-1,-7.556518912E-1
3.956238745E1,-7.333254069E-2,-3.462970555E-1,-3.934088051E-1
3.966245990E1,-1.020432040E-1,-3.041473627E-1,6.328448057E-1
3.976252321E1,-2.462074012E-1,4.502712190E-1,1.881348938E-1
3.986260049E1,-8.005205542E-2,4.331669807E-1,6.010797620E-1
3.996266294E1,-3.549413979E-1,9.841283411E-2,2.883168161E-1
4.006272512E1,-5.937897563E-1,-2.674954534E-1,2.046282440E-1
4.016279226E1,-3.335611224E-1,-4.825200140E-1,-2.156470269E-1
4.026285954E1,4.196357131E-1,-1.160008684E-1,-6.371440291E-1
4.036293426E1,5.931214690E-1,-3.420209885E-1,-2.535206676E-1
4.046299544E1,7.940961123E-1,3.733021915E-1,2.400584370E-1
4.056305808E1,-3.912408277E-2,-3.908902407E-1,-4.630474448E-1
4.066313180E1,9.709886461E-2,-1.544853747E-1,-7.538193464E-1
4.076320581E1,-3.280633688E-1,-1.416572183E-1,7.269180417E-1
4.086352308E1,-2.449856699E-1,6.573545337E-1,4.049920738E-1
4.096358929E1,-4.050323665E-1,6.390285492E-1,4.868479967E-1
4.106365594E1,-7.397865057E-1,-1.691461504E-1,1.276592314E-1
4.116372295E1,-7.825471163E-1,-3.401884139E-1,-7.087197155E-2
4.126379130E1,-2.229945213E-1,-4.049401283E-1,1.820989302E-3
4.136386351E1,8.020373583E-1,1.680514663E-1,-3.873001635E-1
4.146392452E1,7.116292715E-1,-8.488583378E-3,-7.257195711E-1
4.156398894E1,9.785773754E-1,1.350256521E-2,-1.301258951E-1
4.166405999E1,3.371689022E-1,-1.459332556E-1,-6.127094626E-1
4.176412770E1,-8.066292852E-2,-6.835337728E-2,-9.621244073E-1
4.186419178E1,-3.329502642E-1,-7.934895158E-2,6.322339773E-1
4.196426972E1,-3.616609573E-1,3.103830814E-1,7.360810041E-1
4.206432907E1,-3.256198764E-1,3.604740202E-1,6.346773505E-1
4.216439335E1,-6.762565374E-1,1.533516124E-2,2.534974813E-1
4.226446180E1,-6.848086715E-1,-3.053690791E-1,1.691980660E-1
4.236452778E1,-2.633116543E-1,-4.831309021E-1,-3.065932775E-3
4.246459769E1,4.904960990E-1,-4.330790415E-2,-4.117347598E-1
4.256466360E1,6.096147895E-1,-1.752547920E-1,-5.888856649E-1
4.266473442E1,5.637999177E-1,-1.844177693E-1,-6.078225374E-1
4.276479759E1,3.848164082E-1,-1.221095175E-1,-7.403802872E-1
4.286486894E1,-8.738243580E-2,-4.212526605E-3,-6.035464406E-1
4.296493456E1,-2.517051995E-1,2.890027761E-1,3.225252330E-1
4.306499813E1,3.811512291E-1,7.514277697E-1,9.584359527E-1
4.316506585E1,-1.118170470E-1,6.090961695E-1,7.898371816E-1
4.326513913E1,-2.107772231E-1,6.445263624E-1,8.734212816E-2
4.336520018E1,-7.165736556E-1,-3.591252565E-1,2.479996830E-1
4.346526735E1,-5.082685947E-1,-1.508201957E-1,-1.197411940E-1
4.356532970E1,-3.240456805E-2,-3.340797722E-1,-2.627881244E-2
4.366540559E1,7.806570530E-1,-1.386028677E-1,-3.598112464E-1
4.376547113E1,8.735086322E-1,-1.887329295E-2,-4.153999686E-1
4.386554438E1,4.514006972E-1,-4.758395627E-2,-1.060473680E0
4.396560583E1,-3.083036980E-3,-5.552129745E-1,-5.662837029E-1
4.406567257E1,-5.745004117E-2,2.462422252E-1,-2.486337572E-1
4.416574675E1,-9.410195798E-2,7.221062779E-1,5.051739216E-1
4.426580407E1,-3.702130318E-1,2.547943294E-1,9.633228779E-1
4.436587444E1,-2.486508638E-1,1.094084084E-1,4.721872211E-1
4.446593806E1,-5.320923328E-1,-5.434256978E-3,8.540507406E-3
4.456599787E1,-1.747361720E-1,-7.385116816E-2,1.728632450E-1
4.466607872E1,-1.460254937E-1,-3.359123468E-1,6.835466027E-1
4.476614284E1,5.821258426E-1,-2.864713594E-2,-5.027536750E-1
4.486621008E1,7.177379727E-1,-9.278798848E-2,-5.045862794E-1
4.496627376E1,6.352711320E-1,-2.803627215E-2,-6.707416177E-1
4.506634107E1,1.856743097E-1,-3.957771659E-1,-6.695199013E-1
4.516641926E1,-2.095554918E-1,-1.520810090E-2,6.657271087E-2
4.526648707E1,2.162175924E-1,5.040273666E-1,9.523273110E-1
4.536654335E1,-4.948295653E-1,-5.919039994E-2,6.004689336E-1
4.546662113E1,-3.140134513E-1,2.266945392E-1,8.484802246E-1
4.556668861E1,-5.785181522E-1,4.526755959E-2,1.459851861E-1
4.566674120E1,-5.919571519E-1,-2.204588205E-1,1.545373052E-1
4.576681447E1,-7.027821243E-2,-3.872250319E-1,3.274121583E-1
4.586688296E1,6.981902719E-1,1.344538927E-1,-5.376774818E-2
4.596694920E1,8.362457752E-1,-6.346645951E-2,-3.249919116E-1
4.606701328E1,4.764461815E-1,-1.850286424E-1,-7.978016138E-1
4.616707747E1,-1.861306373E-3,-4.257095456E-1,-7.758104801E-1
4.626714845E1,-8.738243580E-2,3.793717548E-2,-7.171674371E-1
4.636721480E1,-5.394227505E-1,-1.948415674E-2,1.409254551E0
4.646728005E1,-1.606862694E-1,1.454494596E-1,8.435932994E-1
4.656733990E1,-1.191474274E-1,4.374430478E-1,5.754234791E-1
4.666741492E1,-4.374082386E-1,-7.751635462E-2,4.666894674E-1
4.676748170E1,-6.359394789E-1,-1.966350824E-1,-8.736533672E-2
4.686755601E1,-9.593455493E-2,1.527798474E-1,3.090862036E-1
4.696762279E1,1.080944389E-1,3.060679324E-2,-8.362861276E-1
4.706768607E1,8.289154172E-1,4.417191148E-1,-2.566794679E-2
4.716776365E1,5.076003075E-1,4.032346010E-1,-6.334788799E-1
4.726781989E1,2.064437419E-1,-3.707316518E-1,-9.102008343E-1
4.736788738E1,6.350127608E-2,-1.158200554E-3,-7.764213085E-1
4.746795102E1,-5.186533332E-1,-2.235131562E-1,5.320519805E-1
4.756802053E1,-6.414371729E-1,2.755637467E-1,9.358339310E-1
4.766808591E1,-7.006911635E-1,7.098889351E-1,5.338846445E-1
4.776816673E1,-1.753470302E-1,-2.650519609E-1,1.637002826E-1
4.786821991E1,-5.827941298E-1,-5.649868250E-1,-1.392888725E-1
4.796830215E1,-4.905534983E-1,3.097722232E-1,2.381213754E-2
4.806835987E1,3.127342761E-1,1.686623394E-1,-1.588365585E-1
4.817033872E1,5.094329119E-1,2.657899261E-1,6.779443473E-2
4.827040387E1,4.953829944E-1,-7.140770555E-2,-6.597461104E-1
4.837047255E1,3.115125597E-1,-6.541731358E-1,-7.904712558E-1
4.847053996E1,-3.083036980E-3,3.482567072E-1,-5.766683817E-1
4.857061601E1,-4.337430298E-1,6.390285492E-1,8.209912777E-1
4.867067292E1,-1.075409949E-1,3.329850733E-1,1.261425138E0
4.877074150E1,-2.877462506E-1,9.847783446E-1,5.802059174E-2
4.887081105E1,-2.761397958E-1,-8.912279457E-2,-5.033645630E-1
4.897087529E1,-4.893317819E-1,-9.052387476E-1,-3.689742088E-1
4.907094170E1,-6.905648112E-2,-3.860032856E-1,-5.620076060E-1
4.917101805E1,5.332566500E-1,1.527798474E-1,1.142201945E-1
4.927107513E1,5.076003075E-1,-2.308435291E-1,-7.820235193E-2
4.937114241E1,4.452920556E-1,-1.306616366E-1,-8.540012240E-1
4.947121136E1,6.047279239E-1,-5.478825569E-1,-9.926676154E-1
4.957127698E1,3.090690970E-1,-7.385116816E-2,-1.142329574E0
4.967135099E1,9.099020809E-2,-1.037835628E-1,6.718356907E-2
4.977142108E1,-3.518870771E-1,9.389634132E-1,1.287692428E0
4.987148019E1,1.233660653E-1,4.301126599E-1,1.110541344E0
4.997155224E1,-1.533558816E-1,2.181424201E-1,1.178853810E-1
5.007161365E1,-2.352118194E-1,2.071468532E-1,-5.094732642E-1
5.017168036E1,-3.457784355E-1,-5.845344663E-1,-2.150361836E-1
5.027174694E1,-4.490146935E-1,-2.479477525E-1,2.479996830E-1
5.037182305E1,3.371689022E-1,-3.261385262E-1,-6.383658051E-1
5.047188227E1,6.737557054E-1,2.156989574E-1,-2.694031596E-1
5.057194118E1,7.721049786E-1,-1.324942261E-1,-9.181420803E-1
5.067201500E1,3.200646639E-1,-1.441006660E-1,-1.067804098E0
5.077208421E1,-3.714347780E-1,-5.784258246E-1,9.772682935E-2
5.087215022E1,-4.508472681E-1,2.871702015E-1,2.699908316E-1
5.097221737E1,-5.351466537E-1,3.164917231E-1,8.979603052E-1
5.107228668E1,-4.099192917E-1,-1.135574058E-1,2.760994732E-1
5.117235963E1,-6.661301851E-2,-6.352363229E-1,3.725117445E-2
5.127241894E1,-3.891498744E-1,-1.813634485E-1,-1.521170437E-1
5.137248713E1,-2.568505146E-2,1.896125730E-3,5.106717348E-1
5.147255224E1,3.005169928E-1,-1.282181740E-1,-2.944486737E-1
5.157262055E1,9.578079581E-1,-7.690549642E-2,5.985318869E-2
5.167269200E1,7.244574428E-1,4.771101847E-2,-7.654258013E-1
5.177275934E1,5.210393667E-1,1.142953336E-1,-7.477107048E-1
5.187282196E1,-1.680166423E-1,4.802035987E-1,-2.077057958E-1
5.197288870E1,-9.841326475E-1,4.789818823E-1,7.403570414E-1
5.207296455E1,-7.599450946E-1,1.411734074E-1,9.840922952E-1
5.217302206E1,-2.327683717E-1,-1.868612319E-1,4.715763628E-1
5.227309664E1,-2.816376090E-1,-2.803235948E-1,-3.280462325E-1
5.237316219E1,-2.263072319E-2,-4.764113426E-1,-2.785661519E-1
5.247322921E1,-5.180424452E-1,-1.158200554E-3,-1.679995358E-1
5.257328402E1,1.276421249E-1,-5.118415356E-1,-1.166868657E-1
5.267336967E1,4.092510045E-1,7.947601378E-2,-1.014152393E-1
5.277342582E1,6.988011599E-1,3.287090361E-1,-3.799697757E-1
5.287350227E1,7.140727639E-1,2.449814044E-2,-8.949291706E-1
5.297356778E1,4.953829944E-1,2.138663679E-1,-4.489975572E-1
5.307363609E1,-5.137663484E-1,-4.434246421E-1,6.132971048E-1
5.317369361E1,-8.234750628E-1,2.175315619E-1,3.561228216E-1
5.327376565E1,-3.867064118E-1,-3.188081384E-1,7.061486244E-1
5.337385283E1,-6.542654037E-1,-3.120886087E-1,2.136867680E-2
5.347389448E1,-8.246967793E-1,-1.722004712E-1,-1.166868657E-1
5.357396753E1,-1.209800243E-1,-2.833779156E-1,-6.163746119E-1
5.367402828E1,4.526224434E-1,3.500893116E-1,5.479345322E-1
5.377409545E1,4.471246302E-1,2.572377920E-1,1.875240207E-1
5.387416673E1,2.846345007E-1,3.555870950E-1,4.875315819E-3
5.397423771E1,-1.075762510E0,-2.051872015E-1,-8.515577316E-1
5.407431309E1,1.545201987E-1,-1.524045229E0,-1.053143263E0
5.417436474E1,6.105781719E-2,2.682333589E-1,-9.120334387E-1
5.427443839E1,-1.147233605E0,5.302945375E-1,-6.170899421E-2
5.437449970E1,-1.020784497E0,1.464918375E0,4.379787743E-1
5.447456858E1,2.388195992E-1,-1.337550581E-2,5.687038898E-1
5.457463546E1,-5.357574821E-1,5.284619927E-1,4.495851994E-1
5.467470208E1,-1.203691661E-1,3.653609455E-1,7.098137736E-1
5.477478102E1,-1.250441186E-3,9.597328305E-1,9.608793855E-1
5.487483370E1,7.128509879E-1,5.919919610E-1,1.747063041E0
5.497490072E1,-2.871353626E-1,4.893665910E-1,4.618025124E-1
5.507496823E1,-4.422951341E-1,5.620595813E-1,1.539264321E-1
5.517504842E1,6.627600789E-1,-8.038351536E-1,-3.573677540E-1
5.527510553E1,4.269661009E-1,4.386647642E-1,-8.797620237E-2
5.537517514E1,-8.356924057E-1,-3.725642562E-1,-1.128279686E0
5.547568669E1,2.198827863E-1,-1.693254828E0,-9.865589738E-1
5.557575337E1,-1.264519811E0,-4.012749195E-1,-1.268167853E0
5.567581752E1,3.335037231E-1,-1.469678164E0,-1.062917113E0
5.577589087E1,1.186882496E0,4.533255398E-1,2.101260424E-1
5.587595505E1,1.025966480E-1,1.637754142E-1,4.049920738E-1
5.597601893E1,-1.854615569E0,1.113060117E0,1.169184446E0
5.607608714E1,-8.497422338E-1,-7.769570947E-1,1.576631546E0
5.617616525E1,-5.730203390E-1,-4.886286557E-1,-1.094071269E0
5.627623693E1,-5.003273487E-1,-4.550310671E-1,2.925928235E-1
5.637628808E1,1.575745195E-1,3.720804751E-1,-3.982957602E-1
5.647635652E1,5.436413288E-1,1.221183062E0,-6.598505378E-2
5.657641940E1,1.771222055E-1,-1.636483669E-1,2.686646394E-2
5.667649221E1,1.463205554E-2,-2.259566039E-1,4.946848005E-2
5.677655699E1,5.006223917E-2,-3.548491895E-1,-8.204036355E-1
5.687662827E1,2.760823667E-1,-1.288290471E-1,-3.879110515E-1
5.697669235E1,6.004518270E-1,5.614486933E-1,-3.109420240E-1
5.707676463E1,-7.373430729E-1,9.719110280E-2,7.941132188E-1
5.717682501E1,-6.927498579E-1,4.643211067E-1,9.340013266E-1
5.727689059E1,-2.358226925E-1,4.759275615E-1,7.605156302E-1
5.737695994E1,2.272131592E-1,-5.008459687E-1,2.846516073E-1
5.747702716E1,-1.515232921E-1,8.375206590E-2,-1.289041787E-1
5.757710164E1,-2.394878864E-1,3.305025399E-2,1.178853810E-1
5.767716042E1,7.091858387E-1,-1.263855696E-1,-4.288390279E-1
5.777723050E1,1.154248193E-1,-2.009502240E-2,-3.335440457E-1
5.787729681E1,2.534803748E-1,2.865593135E-1,-5.149710178E-1
5.797736132E1,1.710135639E-1,2.108120471E-1,-7.751995921E-1
5.807743320E1,4.092510045E-1,3.409263194E-1,-5.071341991E-2
5.817749655E1,-5.039924979E-1,-1.158200554E-3,2.974797785E-1
5.827756326E1,-4.874991775E-1,1.020780280E-1,7.415788174E-1
5.837764220E1,-2.071120292E-1,-4.758395627E-2,6.230708957E-1
5.847769958E1,-2.633116543E-1,-1.508201957E-1,3.170274794E-1
5.857776713E1,-1.496906877E-1,-1.544853747E-1,-1.233336981E-3
5.867783131E1,-4.905534983E-1,5.504140258E-2,-2.376381904E-1
5.877789903E1,3.842055500E-1,-4.422029257E-1,2.070717216E-1
5.887797114E1,5.411978960E-1,-4.575136304E-2,-1.942667514E-1
5.897804212E1,8.735086322E-1,1.362864822E-1,-2.547424138E-1
5.907810187E1,7.531681657E-1,2.633073553E-2,-7.409911752E-1
5.917816888E1,4.678940773E-1,2.529617548E-1,-6.994523406E-1
5.927824463E1,-5.217076540E-1,3.073287308E-1,-2.767335474E-1
5.937830387E1,-5.834050179E-1,-1.093204413E-2,4.630242586E-1
5.947837589E1,-3.665478528E-1,-2.589433193E-1,7.953349352E-1
5.957843033E1,-1.423602998E-1,-7.280878425E-1,2.461670786E-1
5.967850115E1,-9.676392674E-1,-2.858214080E-1,-3.231593370E-1
5.977857086E1,-2.309357822E-1,-3.725642562E-1,3.640640974E-1
5.987864325E1,6.206103563E-1,-1.642983221E-2,2.027956545E-1
5.997870603E1,8.948888779E-1,3.836869001E-1,-3.384309411E-1
6.007877007E1,8.240284920E-1,1.838948764E-2,-4.001283646E-1
6.017883949E1,5.302023292E-1,2.211967409E-1,-6.487504840E-1
6.027891010E1,5.308131576E-1,1.301778257E-1,-4.007391930E-1
6.037897152E1,6.350127608E-2,6.811782718E-1,1.111658737E-1
6.047904290E1,-3.140134513E-1,-1.825851798E-1,9.358339310E-1
6.057910824E1,-8.772311807E-1,-5.240588188E-1,4.624134004E-1
6.067917399E1,-8.637921810E-1,-3.389666677E-1,5.351063013E-1
6.077925477E1,-7.611668110E-1,-5.216154456E-1,1.441525817E-1
6.087931202E1,3.295801207E-2,2.315814495E-1,-3.824132383E-1
6.097937640E1,8.790063262E-1,7.013368607E-1,-6.004921198E-1
6.107944438E1,6.859729886E-1,3.488675952E-1,8.612038940E-2
6.117951559E1,3.463318646E-1,1.228474453E-1,1.001702994E-1
6.127957954E1,1.080944389E-1,1.533907056E-1,-7.025066614E-1
6.137965135E1,6.859729886E-1,3.726913035E-1,-1.036649942E0
6.147971833E1,4.239117801E-1,4.569907188E-1,1.972978711E-1
6.157977681E1,-7.190170884E-1,-4.861852229E-1,6.872118115E-1
6.167984593E1,-6.151700020E-1,-1.502093226E-1,1.186288714E0
6.177991257E1,-4.129736125E-1,-8.606846631E-2,3.151948452E-1
6.187998919E1,-3.072939217E-1,-3.658447564E-1,1.661437452E-1
6.198004813E1,-5.308706164E-1,-3.322471678E-1,-2.101492435E-1
6.208011245E1,-2.437639534E-1,-7.140770555E-2,8.540507406E-3
6.218018157E1,6.737557054E-1,2.230293453E-1,-3.359874785E-1
6.228025271E1,5.790715218E-1,1.655689254E-2,-1.985428184E-1
6.238031483E1,5.442522168E-1,1.570558995E-1,8.550953120E-2
6.248038271E1,4.202465713E-1,1.821013838E-1,-1.050089002E0
6.258044938E1,3.267842233E-1,2.169206887E-1,-5.131384134E-1
6.268051650E1,-4.410734177E-1,-2.516129315E-1,6.059667468E-1
6.278052048E1,-7.306235433E-1,1.057432145E-1,9.407209158E-1
6.288059182E1,-2.156641334E-1,-4.250986874E-1,8.234347701E-1
6.298065670E1,-5.498074293E-1,2.407444268E-1,2.541083395E-1
6.308072705E1,-5.449205041E-1,4.508820772E-1,-4.618257582E-1
6.318079046E1,3.784493729E-2,-8.606846631E-2,-1.313476413E-1
6.328085657E1,3.921467960E-1,-1.233312562E-1,-3.262136579E-1
6.338092375E1,5.387544632E-1,5.809573084E-2,-5.198578835E-1
6.348099103E1,5.961757898E-1,-1.605940312E-1,-5.827770233E-1
6.358105198E1,4.843874276E-1,-2.577216327E-1,-5.907183290E-1
6.368112483E1,2.974626720E-1,-2.681454085E-2,-3.555351794E-1
6.378119597E1,-7.025237679E-1,-6.468818337E-2,5.735908747E-1
6.388126512E1,-4.917752445E-1,1.527798474E-1,4.422548115E-1
6.398132996E1,-1.521341503E-1,2.437987626E-1,3.249686956E-1
6.408140011E1,-1.997816414E-1,3.910172582E-1,2.852624655E-1
6.418146652E1,-2.455965430E-1,1.130736023E-1,1.667546034E-1
6.428152794E1,-2.926331460E-1,-3.047582507E-1,-2.333621383E-1
6.438159435E1,2.974626720E-1,-4.941655323E-2,-2.871182859E-1
6.448166116E1,5.424196124E-1,1.161279306E-1,-6.670764685E-1
6.458173094E1,4.691157937E-1,8.558466285E-2,-2.101492435E-1
6.468179916E1,5.497499704E-1,2.047033906E-1,-5.949943662E-1
6.478186287E1,1.649049073E-1,2.248619348E-1,-5.992704034E-1
6.488193135E1,-2.559812367E-1,2.688442469E-1,4.410331249E-1
6.508754842E1,-1.774380356E-2,-9.095539153E-2,-8.563719690E-3
6.518762586E1,4.306312799E-1,3.409263194E-1,-3.420961201E-1
6.528768984E1,-8.161446452E-1,-2.009502240E-2,-6.854023933E-1
6.538775229E1,-1.576319486E-1,-5.434256978E-3,-4.544953704E-1
6.548782377E1,2.479825765E-1,2.810615599E-1,-1.073912740E0
6.558789295E1,5.167633295E-1,5.223533511E-1,-4.593822658E-1
6.568795316E1,-3.433350027E-1,7.275649160E-2,-4.898528568E-3
6.578802414E1,1.768638194E-2,-2.559280954E-2,7.030943036E-1
6.588809209E1,-2.385245450E-2,-2.271783501E-1,2.156238258E-1
6.598815314E1,4.831657112E-1,-5.503260493E-1,6.426186562E-1
6.608823362E1,-4.856666028E-1,-4.391876608E-2,2.925928235E-1
6.618828917E1,-2.394878864E-1,2.505182922E-1,7.695741206E-2
6.628836115E1,2.003350854E-1,1.094084084E-1,8.978558332E-2
6.638842293E1,-5.928263813E-2,2.059251219E-1,-3.989066184E-1
6.648849014E1,5.130980611E-1,-1.838069111E-1,3.602944314E-2
6.658856235E1,5.644107461E-1,2.755246498E-2,-4.715995789E-1
6.668863090E1,5.216501951E-1,1.442277282E-1,-5.015319586E-1
6.678869951E1,3.041822016E-1,1.857665777E-1,2.828190029E-1
6.688875886E1,-5.553052425E-1,-3.841707110E-1,5.234999657E-1
6.698882220E1,-6.878629923E-1,-1.074487567E-1,6.798813939E-1
6.708889548E1,-1.484689564E-1,-1.080596149E-1,5.796995163E-1
6.718896617E1,-4.031997621E-1,4.105649590E-1,8.917471766E-2
6.728903748E1,-3.970911205E-1,3.458132744E-1,-6.842850894E-2
6.738909913E1,-3.912408277E-2,-3.340797722E-1,-5.082514882E-1
6.748916115E1,3.243407309E-1,-2.437108010E-2,-4.599931240E-1
6.758923206E1,1.679592282E-1,3.728721291E-3,-1.050804257E-1
6.768929584E1,4.342964888E-1,1.533907056E-1,-5.161927342E-1
6.778936246E1,3.866489828E-1,-9.767491370E-2,-3.201049864E-1
6.788944014E1,4.226900339E-1,2.071468532E-1,-3.084985614E-1
6.798949385E1,-6.316633821E-1,-1.569288373E-1,5.486181006E-3
6.809023394E1,-8.552400470E-1,3.873520792E-1,4.520286918E-1
6.819030695E1,-3.201220930E-1,-1.117248088E-1,4.593590796E-1
6.829037226E1,-4.462187365E-2,-2.955952585E-1,3.530685008E-1
6.839043538E1,-4.447386265E-1,1.668297350E-1,-1.918232888E-1
6.849051159E1,-1.038758010E-1,-9.400971979E-2,2.681582272E-1
6.859057178E1,-3.693902167E-3,3.671544790E-2,2.363932431E-1
6.869063929E1,5.106546283E-1,1.723275334E-1,3.078644574E-1
6.879071267E1,6.328276992E-1,2.389118373E-1,-2.694031596E-1
6.889076968E1,4.678940773E-1,3.922390044E-1,-6.383658051E-1
6.899083043E1,3.353362978E-1,2.523508668E-1,-4.966450632E-1
6.909090685E1,4.746135771E-1,1.576667577E-1,5.130107328E-2
6.919097396E1,-2.297140509E-1,-3.774512112E-1,3.268013000E-1
6.929104011E1,-3.366154432E-1,-4.641940594E-1,6.261252165E-1
6.939111252E1,-3.561631441E-1,-2.192370892E-1,3.365751207E-1
6.949117890E1,-8.369141221E-1,-6.407732517E-2,-5.865466967E-2
6.959124048E1,-2.834701836E-1,3.067179024E-1,3.744488060E-1
6.969131083E1,3.725990951E-1,3.488285094E-2,1.136093289E-1
6.979137181E1,4.257443547E-1,6.481524557E-2,1.210123999E-3
6.989144132E1,3.579383194E-1,-9.095539153E-2,-3.488156796E-1
6.999149993E1,6.199995279E-1,-2.314543873E-1,-6.609677672E-1
7.009157578E1,3.903141916E-1,5.846615434E-1,-6.982305646E-1
7.019164156E1,-8.310638368E-2,3.219895065E-1,-2.187013775E-1
7.029170927E1,-4.325213134E-1,1.875991672E-1,5.699256659E-1
7.039177865E1,-2.022251189E-1,-2.088523805E-1,9.120101929E-1
7.049184337E1,-2.895788252E-1,8.741725981E-2,2.791537941E-1
7.059191008E1,-3.897607327E-1,-1.465441287E-1,-3.201049864E-1
7.069198476E1,-4.523273930E-2,-7.018597424E-2,-1.380671561E-1
7.079204737E1,-1.075409949E-1,-2.192761749E-2,2.565518022E-1
7.089211245E1,-1.955055892E-1,2.664007843E-1,-2.920051813E-1
7.099217330E1,1.569636464E-1,-3.781011701E-2,1.075006798E-1
7.109224601E1,8.386892676E-1,-4.330790415E-2,4.355353117E-1
7.119231233E1,6.432123780E-1,1.436168700E-1,-4.155044258E-2
7.129238291E1,1.905612499E-1,2.028707862E-1,-4.453323781E-1
7.139244885E1,-3.280633688E-1,1.759927273E-1,1.203288510E-1
7.149251440E1,-2.724746168E-1,-1.489875913E-1,5.326629281E-1
7.159258674E1,7.449685037E-2,-5.320001245E-1,3.713944554E-1
7.169265062E1,-4.789470434E-1,-4.971807897E-1,1.831435040E-2
7.179272310E1,-1.005512834E0,-5.320001245E-1,-2.113709897E-1
7.189278268E1,-6.811434031E-1,9.780196846E-2,1.679763347E-1
7.199284653E1,6.053387523E-1,6.408611536E-1,4.397069290E-2
7.209291611E1,8.680108190E-1,1.845448315E-1,1.337678879E-1
7.219299219E1,5.900671482E-1,-1.080596149E-1,-6.890676022E-1
7.229305481E1,1.875069141E-1,4.050672054E-1,-9.767851830E-1
7.239312882E1,4.273185879E-2,1.704949290E-1,-2.413033694E-1
7.249319183E1,-2.144424170E-1,-6.712774038E-1,1.180790901E0
7.259326745E1,-2.156641334E-1,-1.095217943E0,7.318049073E-1
7.269331976E1,-1.368625164E-1,-4.189900160E-1,6.475055814E-1
7.279338768E1,5.983608216E-2,-1.043294311E0,2.455562353E-1
7.289346003E1,-5.033816695E-1,-7.531332970E-1,-5.193515494E-2
7.299351550E1,-3.512762189E-1,8.191946894E-2,-2.681814432E-1
7.309358919E1,7.537789941E-1,4.453842938E-1,-1.478409916E-1
7.319365904E1,8.105894923E-1,2.822832763E-1,-9.041966498E-2
7.329372435E1,5.583021045E-1,3.641392291E-1,-3.494265079E-1
7.339378993E1,3.023495674E-1,-6.285559386E-2,-7.825299501E-1
7.349386394E1,2.272131592E-1,5.626313388E-2,-7.073935270E-1
7.359392452E1,-4.306887090E-1,-1.856395155E-1,5.540431738E-1
7.369399847E1,-5.498074293E-1,1.796579063E-1,9.761510491E-1
7.379405859E1,-3.427241147E-1,2.089794427E-1,9.040689468E-1
7.389412663E1,-5.351466537E-1,-4.116596282E-1,2.583844066E-1
7.399418315E1,-5.711877346E-1,-4.562528133E-1,-4.099021852E-1
7.409426370E1,2.876888216E-1,-2.595542073E-1,-2.736792266E-1
7.419432801E1,4.892743528E-1,-2.192761749E-2,-4.386128485E-1
7.429439919E1,5.021024942E-1,6.316981912E-1,5.326629281E-1
7.439446490E1,2.485934496E-1,6.628522873E-1,-3.561460674E-1
7.449454315E1,3.616035283E-1,1.896125730E-3,-2.987247109E-1
7.459460486E1,4.733918309E-1,8.863899112E-2,9.151372127E-3
7.469467497E1,-1.881752014E-1,8.558466285E-2,-1.252389848E-1
7.479473962E1,-5.296488404E-1,4.710015655E-2,5.833646655E-1
7.489480127E1,-3.072939217E-1,-4.758395627E-2,4.098789692E-1
7.499486402E1,-5.742420554E-1,-2.559280954E-2,-2.303078026E-1
7.509493830E1,-5.870701671E-1,-1.886938363E-1,3.114252165E-2
7.519499981E1,-6.909173131E-1,-1.007292345E-1,-8.125668019E-2
7.529506549E1,4.776678979E-1,3.629174829E-1,-1.276824474E-1
7.539513337E1,9.382603168E-1,1.032997593E-1,4.885761440E-2
7.549695980E1,7.360638976E-1,1.680514663E-1,-4.416671693E-1
7.559702682E1,2.742497921E-1,8.314120770E-2,-1.208303094E0
7.569709436E1,5.800348520E-2,4.166736007E-1,-2.296969444E-1
7.579716051E1,-3.457784355E-1,7.947601378E-2,6.572794318E-1
7.589723056E1,-9.288022667E-2,8.314120770E-2,7.311940789E-1
7.599728967E1,-1.124279201E-1,2.254728079E-1,3.335207999E-1
7.609735979E1,-3.641043901E-1,-2.418391109E-1,1.783610433E-1
7.619742988E1,-6.835868955E-1,-4.849634767E-1,1.831435040E-2
7.629750359E1,-5.614138842E-1,-3.713425398E-1,5.699256659E-1
7.639756947E1,4.214683175E-1,1.087975428E-1,-4.300607443E-1
7.649763041E1,7.659962773E-1,1.472820640E-1,-2.382490486E-1
7.659769602E1,7.843222618E-1,3.995693922E-1,-5.186361670E-1
7.669776491E1,3.579383194E-1,2.511291504E-1,-8.301774859E-1
7.679783276E1,-3.995345831E-1,2.254728079E-1,-9.713917971E-2
7.689789870E1,-3.897607327E-1,1.130736023E-1,7.342483997E-1
7.699797125E1,-4.673406482E-1,-3.353405744E-2,4.868479967E-1
7.709803309E1,-2.510943413E-1,-9.950751066E-2,7.171441913E-1
7.719810561E1,-8.717334270E-1,-4.672483802E-1,1.588133574E-1
7.729816785E1,-5.968440771E-1,7.642168552E-2,5.399932861E-1
7.739823624E1,3.719882071E-1,1.558341682E-1,-3.329331577E-1
7.749830545E1,8.276937008E-1,-4.823391791E-3,1.398765445E-1
7.759837223E1,4.373508096E-1,7.153476775E-2,-1.881580949E-1
7.769843617E1,1.441354901E-1,3.390937448E-1,-7.342715859E-1
7.779850925E1,2.266023010E-1,-1.697570086E-1,-5.076406002E-1
7.789857363E1,6.472300738E-2,-6.652078032E-2,-1.075238883E-1
7.799863972E1,-1.661840528E-1,4.411082566E-1,3.695618510E-1
7.809870366E1,-3.836520910E-1,4.154519141E-1,6.273469925E-1
7.819877148E1,-9.261003733E-1,5.718333721E-1,2.437236309E-1
7.829884523E1,-3.952585161E-1,-6.443992853E-1,-1.844929010E-1
7.839890764E1,-1.264778078E-1,-4.941655323E-2,4.129332900E-1
7.849897275E1,2.608107626E-1,2.571986988E-2,-1.612800360E-1
7.859903997E1,4.623962641E-1,-2.253848501E-2,6.290750951E-2
7.869911751E1,7.574442029E-1,-2.271783501E-1,-1.832711846E-1
7.879917363E1,8.405218720E-1,-5.473352503E-4,-7.122804523E-1
7.889924171E1,4.220791757E-1,-3.109059669E-2,-3.103311360E-1
7.899930838E1,1.783439517E-1,4.472168982E-1,9.406163543E-2
7.909937973E1,-5.901244879E-1,2.205858827E-1,4.697437882E-1
7.919944548E1,-5.314814448E-1,-1.263855696E-1,5.693148375E-1
7.929951689E1,-3.372263312E-1,-4.843525887E-1,5.406041145E-1
7.939959204E1,-7.477278113E-1,-3.774512112E-1,-3.225484490E-1
7.949964468E1,-3.030178845E-1,-3.377449512E-1,6.535097212E-2
7.959971149E1,3.768751621E-1,5.626313388E-2,-1.539496481E-1
7.969978817E1,4.355182052E-1,1.821013838E-1,-2.632945180E-1
7.979984489E1,4.953829944E-1,4.197279811E-1,-1.221846566E-1
7.989991201E1,1.728461683E-1,1.497255117E-1,-4.587714076E-1
7.999997916E1,4.153596461E-1,3.604740202E-1,-4.153999686E-1
8.010004581E1,2.681411505E-1,2.474639565E-1,-6.720678508E-2
8.020011955E1,-2.260488570E-1,3.665826619E-1,3.494033217E-1
8.030018053E1,-2.382661551E-1,2.499074042E-1,7.727329135E-1
8.040025568E1,-2.840810418E-1,8.497379720E-2,4.691329002E-1
8.050031546E1,-7.611668110E-1,-2.992604375E-1,1.282700896E-1
8.060038378E1,-4.264126718E-1,-2.821562290E-1,-3.727438673E-2
8.070045080E1,2.394304723E-1,-7.079683989E-2,2.901493907E-1
8.080051645E1,9.205452204E-1,-3.414492309E-2,-5.785009861E-1
8.090060366E1,8.551825881E-1,-3.249167800E-1,5.486181006E-3
8.100064454E1,3.671012819E-1,3.305025399E-2,-7.532084584E-1
8.110072039E1,3.090690970E-1,-2.393956482E-1,-6.377549171E-1
8.120079111E1,-1.594645381E-1,5.205206871E-1,2.516648769E-1
8.130086229E1,-5.656899214E-1,2.144772410E-1,7.379136086E-1
8.140092183E1,-6.817543507E-1,4.771101847E-2,6.578902602E-1
8.150098761E1,-8.344706297E-1,-5.191719532E-1,5.949711204E-1
8.160105729E1,-9.334307909E-1,-5.258914232E-1,-2.872227319E-2
8.170112691E1,1.111487672E-1,-4.514049739E-2,-2.199230939E-1
8.180119119E1,8.026481867E-1,2.981657684E-1,-8.492187411E-2
8.190126034E1,5.363109708E-1,-1.086704880E-1,-1.594474316E-1
8.200131615E1,4.477355182E-1,3.592522740E-1,-3.738611341E-1
8.210139433E1,5.589129925E-1,-3.249167800E-1,-5.626184940E-1
8.220145998E1,4.526224434E-1,1.075758114E-1,-6.218724251E-1
8.230152770E1,4.334272072E-2,4.869231284E-1,5.302194357E-1
8.240160087E1,-3.207329810E-1,-5.863671303E-1,1.560138226E0
8.250165896E1,-5.003273487E-1,1.320104152E-1,9.046798348E-1
8.260172434E1,-7.477278113E-1,1.777862199E-2,6.487272978E-1
8.270179112E1,-3.928150535E-1,-1.245529801E-1,3.805574477E-1
8.280203104E1,-4.887209237E-1,1.619428247E-1,-2.505708113E-2
8.290209982E1,7.128509879E-1,2.847267389E-1,-6.609677672E-1
8.300216210E1,7.867657542E-1,-2.393956482E-1,-2.797878981E-1
8.310224565E1,4.391834140E-1,-2.448934317E-1,-7.128913403E-1
8.320229879E1,4.233008921E-1,-3.640121520E-1,-7.880277634E-1
8.330236664E1,3.548839986E-1,-2.009502240E-2,-6.890676022E-1
8.340243689E1,-2.119989544E-1,6.172182504E-3,6.847683191E-1
8.350250584E1,-2.736963630E-1,4.704297781E-1,9.315578938E-1
8.360257615E1,-3.970911205E-1,6.054309607E-1,8.203804493E-1
8.370263610E1,-5.192641616E-1,-2.064089179E-1,1.362113506E-1
8.380270285E1,-6.848086715E-1,-4.764113426E-1,-1.747190654E-1
8.390277089E1,-3.415023685E-1,-6.712774038E-1,2.070717216E-1
8.400283918E1,5.387544632E-1,2.211967409E-1,-2.382490486E-1
8.410290460E1,6.169452071E-1,-6.010279059E-1,5.851973295E-1
8.420297548E1,2.501676418E-2,1.741601229E-1,-9.199746847E-1
8.430303845E1,5.314240456E-1,-3.609578311E-1,-1.290769935E0
8.440310520E1,-1.246452183E-1,2.761746347E-1,-5.455142856E-1
8.450318341E1,-6.139482856E-1,1.778253168E-1,1.227723062E-1
8.460324932E1,-3.433350027E-1,4.307235479E-1,9.303361773E-1
8.470330864E1,-3.958693743E-1,3.959042132E-1,5.748125315E-1
8.480337532E1,-3.347828686E-1,5.730550885E-1,5.717582107E-1
8.490344113E1,-3.812086284E-1,-7.018597424E-2,-9.591744840E-2
8.500350254E1,6.878055334E-1,6.481524557E-2,-5.766683817E-1
8.510357706E1,7.061315179E-1,-1.917481571E-1,-5.314643383E-1
8.520365050E1,5.754063725E-1,-5.093980432E-1,-4.734321535E-1
8.530370965E1,5.363109708E-1,9.596937895E-2,-1.276824474E-1
8.540377783E1,6.028952599E-1,-4.177682996E-1,-5.571207404E-1
8.550384444E1,3.652687073E-1,2.480748147E-1,-2.040406018E-1
8.560391096E1,-1.460254937E-1,8.845963478E-1,5.173912644E-1
8.570397951E1,-6.377720237E-1,-4.697309434E-2,6.707184315E-1
8.580404422E1,-7.733840942E-1,-1.013401002E-1,3.744488060E-1
8.590412457E1,-6.964151263E-1,-2.577216327E-1,1.954652667E-1
8.600417369E1,-5.082685947E-1,-3.933336735E-1,-8.370014280E-2
8.610424657E1,8.732502162E-2,-3.511839807E-1,-1.508953273E-1
8.620431312E1,9.394820333E-1,2.260836661E-1,1.911892146E-1
8.630438296E1,5.668542385E-1,-2.222914100E-1,-6.072116494E-1
8.640445551E1,3.732099533E-1,-2.174044997E-1,-2.596293390E-1
8.650451559E1,3.787077367E-1,1.344538927E-1,-5.003102422E-1
8.660458533E1,4.770570397E-1,-6.041212752E-2,-3.396526873E-1
8.670465185E1,1.319181770E-1,8.393924236E-1,1.417091340E-1
8.680472566E1,-8.332489133E-1,6.408611536E-1,5.900842547E-1
8.690478341E1,-6.756457090E-1,3.635283411E-1,7.654025555E-1
8.700484619E1,-4.838339984E-1,4.679862857E-1,5.729799867E-1
8.710492218E1,-3.121808469E-1,-3.096451461E-1,-4.642691910E-1
8.720499579E1,-4.917752445E-1,9.426286221E-1,-6.945653558E-1
8.730505573E1,-5.785181522E-1,1.954832315E0,-1.183257580E0
8.740511895E1,5.381435752E-1,-4.636222869E-2,4.519242048E-2
8.750518976E1,6.444341540E-1,-1.728113443E-1,2.046282440E-1
8.760526028E1,6.749773622E-1,-6.529904902E-2,-4.178434312E-1
8.770533073E1,5.424196124E-1,-4.122705162E-1,-4.123456478E-1
8.780538622E1,-6.359394789E-1,-2.003002763E-1,1.594242305E-1
8.790545953E1,-6.603740454E-1,6.053918973E-2,8.399280906E-1
8.800551985E1,-4.374082386E-1,-7.507289946E-2,3.811683059E-1
8.810559710E1,-4.007563293E-1,-4.898504019E-1,-1.833756454E-2
8.820565732E1,-8.173664212E-1,-6.682230234E-1,-3.127745986E-1
8.830572286E1,-5.901244879E-1,3.152699769E-1,1.966869980E-1
8.840579424E1,8.747303486E-1,3.665826619E-1,-6.151528955E-1
8.850586242E1,9.071062207E-1,4.435516894E-1,-1.576148421E-1
8.860593587E1,7.574442029E-1,2.688442469E-1,-1.075238883E-1
8.870599726E1,7.617202997E-1,3.097722232E-1,-7.690909505E-1
8.880606687E1,1.563528031E-1,2.163098305E-1,3.847290576E-2
8.890612682E1,-7.367321849E-1,-1.722004712E-1,5.454910398E-1
8.900618940E1,-8.179773092E-1,-4.098270535E-1,8.716931343E-1
8.910626602E1,-5.540834665E-1,-2.888757288E-1,1.960761398E-1
8.920633283E1,-5.803506970E-1,-3.994423449E-1,-1.345064119E-2
8.930639537E1,-4.520690143E-1,-1.850286424E-1,-3.695850968E-1
8.940646242E1,3.805403411E-1,4.734840989E-1,-3.971784562E-2
8.950653400E1,5.424196124E-1,3.781891167E-1,-6.720678508E-2
8.960660438E1,1.881177872E-1,3.366502821E-1,1.417091340E-1
8.970667469E1,5.576912761E-1,8.619552851E-2,-1.313476413E-1
8.980673583E1,6.914707422E-1,6.542611122E-2,-6.695199013E-1
8.990679961E1,3.713773489E-1,4.624885321E-1,-3.372092247E-1
9.000685566E1,-6.365503073E-1,-4.611397386E-1,6.615554690E-1
9.010694377E1,-7.605559826E-1,-3.719533980E-1,6.597228646E-1
9.020699692E1,-8.778420687E-1,-5.100089312E-1,1.337678879E-1
9.030707413E1,-8.204207420E-1,-4.733570218E-1,-1.826603115E-1
9.040713201E1,-5.351466537E-1,2.633073553E-2,-2.187013775E-1
9.050720189E1,2.760823667E-1,-3.658838570E-2,-2.956703901E-1
9.060727037E1,8.240284920E-1,-1.111139432E-1,1.887457520E-1
9.070733328E1,6.535971165E-1,1.271235049E-1,3.787248433E-1
9.080739996E1,5.045459867E-1,1.069649532E-1,-6.359223127E-1
9.090746894E1,6.309950948E-1,2.034816593E-1,-3.689742088E-1
9.100753436E1,1.734570116E-1,-1.416572183E-1,-2.406925261E-1
9.110761041E1,-5.046033859E-1,-7.983373404E-1,1.341448545E0
9.120766746E1,-5.858485103E-1,-5.063437223E-1,4.227071404E-1
9.130773411E1,-1.936729848E-1,-8.722519875E-1,6.646097898E-1
9.140780765E1,-2.174967378E-1,-9.828186631E-1,-3.298788369E-1
9.150786977E1,-6.420481205E-1,-5.185610056E-1,3.891095519E-1
9.160793922E1,-1.179257035E-1,1.869882941E-1,-6.731124129E-3
9.170800596E1,8.753411770E-1,3.390937448E-1,-1.386780292E-1
9.180808091E1,7.036880255E-1,-5.063828826E-2,1.765284389E-1
9.190813779E1,5.772389770E-1,-2.619976401E-1,-3.011681736E-1
9.200819853E1,6.230538487E-1,8.615643717E-3,-3.830240965E-1
9.210827111E1,2.211045027E-1,8.485553861E-1,1.142201945E-1
9.220833933E1,-6.115047932E-1,-1.605940312E-1,1.136808634E0
9.230841101E1,-6.677044034E-1,-4.513658881E-1,-2.078102529E-2
9.240847762E1,6.346603036E-1,-4.165465832E-1,6.352882981E-1
9.250853983E1,-8.503531218E-1,1.014671624E-1,-4.178434312E-1
9.260861341E1,-6.334959865E-1,-1.880829632E-1,1.832479686E-1
9.270867392E1,3.420558274E-1,3.728721291E-3,-1.154651418E-1
9.280875257E1,7.543898821E-1,-6.102299318E-2,-3.299833089E-2
9.290881448E1,9.101605415E-1,-1.392137408E-1,5.625952482E-1
9.300887290E1,4.526224434E-1,1.485037804E-1,-4.563279450E-1
9.310894501E1,6.838820130E-2,2.156989574E-1,-8.307883143E-1
9.320901073E1,3.845579922E-2,6.231460571E-1,-5.491794348E-1
9.330907658E1,-2.217727900E-1,4.001802802E-1,5.766451955E-1
9.340914556E1,-6.756457090E-1,5.931745842E-2,3.817791641E-1
9.350921127E1,-4.691732228E-1,-3.181972802E-1,6.432294846E-1
9.360927748E1,-9.737479091E-1,2.633073553E-2,9.528337419E-2
9.370935080E1,-2.572029829E-1,-1.996894032E-1,4.685220420E-1
9.380941998E1,6.774208546E-1,1.711058021E-1,-1.844202168E-3
9.390948262E1,8.490739465E-1,1.149061993E-1,-4.312824607E-1
9.400954080E1,5.357001424E-1,-2.057980597E-1,-4.459432364E-1
9.410962126E1,1.215334684E-1,2.437987626E-1,-9.958264232E-2
9.420968147E1,1.972807646E-1,-1.502093226E-1,-4.386128485E-1
9.430974688E1,-3.989236951E-1,1.790470481E-1,3.994942605E-1
9.440981786E1,-3.775434196E-1,3.769673705E-1,4.746306837E-1
9.450989088E1,-9.471282363E-2,-2.186262161E-1,4.123224616E-1
9.460995086E1,-4.154170752E-1,-4.806874096E-1,3.823900521E-1
9.471002281E1,-7.953752279E-1,-5.271131396E-1,-1.502844542E-1
9.481008575E1,-1.619080007E-1,-2.381739169E-1,7.940088212E-2
9.491015146E1,6.700904369E-1,2.383009791E-1,-4.789299667E-1
9.501021021E1,8.197524548E-1,9.474764019E-2,-8.797620237E-2
9.511029199E1,4.538441896E-1,2.560160756E-1,-3.573677540E-1
9.521035547E1,2.760823667E-1,-2.131675370E-2,-8.992052674E-1
9.531042518E1,1.331399083E-1,6.249787211E-1,-3.946305513E-1
9.541049783E1,-3.213438392E-1,-3.010930419E-1,9.694315195E-1
9.551055428E1,-7.049672008E-1,-3.151429296E-1,4.330918491E-1
9.561062826E1,-2.926331460E-1,1.039106250E-1,4.911240637E-1
9.571068695E1,-5.724094510E-1,-1.001183689E-1,1.343787611E-1
9.581076017E1,-5.736311674E-1,-4.049401283E-1,-1.283977740E-2
9.591082701E1,-3.518870771E-1,1.631645560E-1,-4.949169233E-2
9.601088320E1,5.821258426E-1,5.590052605E-1,1.459851861E-1
9.611095858E1,9.700252414E-1,1.039106250E-1,6.707911380E-3
9.621103029E1,8.008156419E-1,1.882100254E-1,-7.080044746E-1
9.631109014E1,2.718063295E-1,-3.353405744E-2,-5.174145103E-1
9.641115605E1,-1.570210755E-1,4.215605557E-1,-3.298788369E-1
9.651123193E1,-1.774380356E-2,-7.877717726E-3,6.267361641E-1
9.661129962E1,-5.210967660E-1,-5.613607541E-2,5.735908747E-1
9.671135917E1,-2.431530803E-1,4.099541008E-1,6.371208429E-1
9.681143315E1,-8.882268071E-1,-2.619976401E-1,8.795298636E-2
9.691151360E1,-7.953752279E-1,-3.340797722E-1,-1.930450350E-1
9.701155765E1,3.860381246E-1,8.314120770E-2,5.919167995E-1
9.711162654E1,7.782136202E-1,4.954361171E-2,-2.180905044E-1
9.721170018E1,7.562224865E-1,8.802812546E-2,-9.469571710E-2
9.731214709E1,2.730280459E-1,1.002454311E-1,-8.784358501E-1
9.741220977E1,4.575093687E-1,-3.456861973E-1,-6.475287676E-1
9.751227552E1,2.012984268E-2,2.993875146E-1,-1.368454248E-1
9.761234943E1,-5.711877346E-1,-2.149610221E-1,6.071884632E-1
9.771241974E1,-5.125446916E-1,-1.679244041E-1,9.767618775E-1
9.781247576E1,-2.107772231E-1,-6.981554627E-1,6.920986772E-1
9.791254694E1,-6.964151263E-1,-3.627904356E-1,-6.120258942E-3
9.801260716E1,-2.614790201E-1,-3.065908253E-1,1.154419258E-1
9.811267957E1,6.603165865E-1,1.814905107E-1,7.329221815E-2
9.821274589E1,8.600695729E-1,3.238221109E-1,-1.083686471E0
9.831281290E1,5.864019394E-1,-1.624266207E-1,-3.268245161E-1
9.841288621E1,3.353362978E-1,-3.255276382E-1,-3.225484490E-1
9.851294706E1,1.905612499E-1,1.631645560E-1,-1.826603115E-1
9.861301450E1,-2.083337605E-1,4.099150002E-2,8.881864548E-1
9.871308212E1,-4.801687896E-1,5.394575000E-1,5.723691583E-1
9.881314780E1,-7.715514898E-1,-1.349376887E-1,3.060318828E-1
9.891322247E1,-3.158460259E-1,1.607210785E-1,6.615554690E-1
9.901327512E1,-5.406444669E-1,-3.896684945E-1,1.210123999E-3
9.911335007E1,-4.304767586E-3,-1.129465401E-1,-3.971784562E-2
9.921342336E1,7.281226516E-1,3.854804114E-2,-4.746538997E-1
9.931348860E1,7.684397697E-1,-2.009502240E-2,-5.803335905E-1
9.941355805E1,4.495681226E-1,-1.502093226E-1,-4.001283646E-1
9.951361906E1,1.184791476E-1,-4.941655323E-2,-3.787480593E-1
9.961368491E1,2.162175924E-1,9.230418503E-2,-5.956052542E-1
9.971376429E1,1.294747144E-1,4.075106382E-1,2.608278394E-1
9.981382324E1,-4.471820593E-1,3.476458490E-1,9.926444292E-1
9.991388632E1,-1.591120660E-2,4.044563174E-1,7.507417798E-1
1.000139532E2,-5.754637718E-1,1.594602689E-2,2.718234360E-1
1.001140207E2,-6.744239330E-1,-2.833779156E-1,-6.293072551E-2
1.002140878E2,-4.716166556E-1,-1.046959519E0,-2.529098094E-1
1.003141618E2,3.921467960E-1,-4.623614550E-1,-7.739778161E-1
1.004142246E2,6.364928484E-1,-1.569288373E-1,-2.034297287E-1
1.005142891E2,6.487101912E-1,3.213786483E-1,-2.883400023E-1
1.006143586E2,1.484115422E-1,2.951114476E-1,-3.115528822E-1
1.007144234E2,2.467608452E-1,7.208845019E-1,-2.687923312E-1
1.008144924E2,-4.881100357E-1,-2.082415223E-1,6.358991265E-1
1.009145712E2,-1.631297320E-1,-3.181972802E-1,8.489866555E-2
1.010146268E2,-4.740601480E-1,-8.301414549E-2,3.671184182E-1
1.011146965E2,-7.471168637E-1,-2.754366994E-1,1.545373052E-1
1.012147580E2,-9.474807382E-1,-1.752547920E-1,-5.534555316E-1
1.013148357E2,-5.149881244E-1,-6.700556874E-1,-1.789951175E-1
1.014148953E2,4.208574593E-1,5.657247305E-1,2.040173858E-1
1.015149603E2,8.063133955E-1,1.191822514E-1,-2.327512652E-1
1.016150312E2,9.388711452E-1,-4.666375220E-1,-8.631641865E-1
1.017150975E2,4.275769591E-1,-2.057980597E-1,-6.096551418E-1
1.018151666E2,3.356887773E-2,3.415372074E-1,-4.856494665E-1
1.019152387E2,-2.608681619E-1,2.047033906E-1,6.823248863E-1
1.020152997E2,-7.000802755E-1,7.037802935E-1,1.034794092E0
1.021153679E2,-3.909824491E-1,6.152048111E-1,9.327796102E-1
1.022154509E2,-9.114396572E-1,-6.382906437E-1,-4.263955355E-1
1.023155091E2,-7.629994154E-1,-6.236298680E-1,3.322990835E-1
1.024155728E2,5.469076801E-3,6.158156991E-1,-4.160108268E-1
1.025156360E2,7.580550313E-1,3.219895065E-1,-3.329331577E-1
1.026157010E2,9.193235040E-1,-3.053690791E-1,-9.408485144E-2
1.027157684E2,3.567165732E-1,5.443053693E-2,-6.603569388E-1
1.028158382E2,3.051455133E-2,-3.701208234E-1,-1.131944895E0
1.029159089E2,4.373508096E-1,1.668297350E-1,-4.832060337E-1
1.030159713E2,-2.944657505E-1,2.609029710E-1,5.253325105E-1
1.031160338E2,-5.296488404E-1,1.888208985E-1,9.297252893E-1
1.032161010E2,-6.469349861E-1,1.142953336E-1,6.658315063E-1
1.033161673E2,-9.523676038E-1,-8.136089444E-1,1.698089242E-1
1.034162357E2,-3.164569139E-1,2.506990917E-3,1.417091340E-1
1.035163085E2,7.391182184E-1,3.592522740E-1,-3.152180910E-1
1.036163700E2,6.780317426E-1,-2.314934880E-2,-3.103311360E-1
1.037164406E2,1.111487672E-1,9.352590889E-2,2.596061230E-1
1.038165061E2,1.740678847E-1,-5.020676851E-1,4.213809595E-2
1.039165884E2,1.062618420E-1,-3.133103251E-1,-4.972559214E-1
1.040166464E2,3.237298727E-1,1.399516761E-1,-1.254117966E0
1.041167053E2,-4.435168803E-1,-2.265674770E-1,5.589300990E-1
1.042167884E2,-8.931137323E-1,-2.864322960E-1,8.167151809E-1
1.043168414E2,-1.345764875E0,-1.032117940E-2,9.847031832E-1
1.044169121E2,-5.644682050E-1,-2.803627215E-2,1.478177756E-1
1.045169790E2,-1.875643432E-1,5.809573084E-2,1.167351961E0
1.046170847E2,2.192719132E-1,2.975549102E-1,2.431854373E-3
1.047171527E2,7.794353366E-1,3.464241326E-1,-3.451504707E-1
1.048172227E2,8.228067756E-1,1.448385864E-1,-4.514410198E-1
1.049172973E2,5.375326872E-1,2.449814044E-2,-3.439287543E-1
1.050173510E2,1.325290501E-1,2.450204939E-1,-6.725742221E-1
1.051174200E2,-2.629591525E-2,9.731718898E-1,-1.125836253E0
1.052174929E2,-2.419313490E-1,1.387299299E-1,6.737727523E-1
1.053175544E2,-1.845100075E-1,2.572377920E-1,1.105043530E0
1.054176241E2,-1.545776278E-1,-1.068378910E-1,5.369389653E-1
1.055176942E2,-5.247619748E-1,-5.002741888E-2,-1.954884827E-1
1.056177591E2,-1.429711729E-1,-2.369521856E-1,5.607627034E-1
1.057178309E2,6.933033466E-1,2.725094259E-1,-2.681814432E-1
1.058179002E2,5.515825748E-1,4.142301679E-1,-4.287662916E-3
1.059179691E2,4.837765396E-1,-1.379920244E-1,-4.667126536E-1
1.060180254E2,5.485282540E-1,-2.742149532E-1,-9.718981981E-1
1.061180955E2,2.479825765E-1,-1.966350824E-1,-3.921870887E-1
1.062181641E2,-4.166387916E-1,-6.407732517E-2,1.068898067E-1
1.063182264E2,-8.466879129E-1,-1.050052941E-1,-6.598505378E-2
1.064182952E2,-1.522915721E0,2.246215105E0,2.278411239E-1
1.065183626E2,-8.931137323E-1,1.081295013E0,1.722524017E-1
1.066184353E2,-6.377720237E-1,1.735492498E-1,9.100731462E-2
1.067184940E2,9.832059592E-2,-1.355485469E-1,-8.326209188E-1
1.068185618E2,3.897033036E-1,5.419009924E-1,-7.403802872E-1
1.069186303E2,3.988662958E-1,-2.216805518E-1,8.734212816E-2
1.070186898E2,7.519463897E-1,2.364683896E-1,-4.905364215E-1
1.071187636E2,9.743013382E-1,-4.721353054E-1,-7.379368544E-1
1.072188415E2,3.151777685E-1,3.036635518E-1,-7.477107048E-1
1.073188971E2,-5.021599531E-1,-8.789715767E-1,4.147658944E-1
1.074189705E2,-4.374082386E-1,-9.889663756E-2,6.175732017E-1
1.075190310E2,-7.617776394E-1,-4.470898509E-1,5.955820084E-1
1.076191022E2,-7.813253999E-1,-7.861200571E-1,1.313244104E-1
1.077191716E2,-7.715514898E-1,-1.740330607E-1,-2.107601166E-1
1.078192319E2,2.870779335E-1,-2.510021031E-1,-9.175311923E-1
1.079193045E2,7.220140100E-1,8.558466285E-2,1.403829362E-2
1.080193645E2,6.071712971E-1,-3.536665440E-2,1.001702994E-1
1.081194391E2,3.151777685E-1,6.659066677E-1,-3.176615238E-1
1.082195054E2,4.575093687E-1,3.189351857E-1,-7.049500942E-1
1.083195726E2,4.275769591E-1,1.289560944E-1,-1.490627229E-1
1.084196421E2,-5.571378469E-1,-1.031077027E0,3.481815755E-1
1.085197045E2,-6.512110829E-1,-2.229022831E-1,3.164165914E-1
1.086197818E2,-3.158460259E-1,-1.697570086E-1,3.848334849E-1
1.087198353E2,-4.728384018E-1,-4.739679098E-1,1.905783564E-1
1.088199058E2,-5.809615254E-1,-4.525876045E-1,2.425018847E-1
1.089199748E2,3.151777685E-1,-1.636483669E-1,3.231361210E-1
1.090200308E2,5.210393667E-1,3.781891167E-1,-4.679343998E-1
1.091201070E2,3.023495674E-1,5.125794411E-1,-1.435649395E-1
1.092201713E2,4.550658762E-1,4.692080319E-1,-3.298788369E-1
1.093202428E2,5.369217992E-1,2.083685696E-1,-1.001935080E-1
1.094203101E2,3.444992900E-1,1.417842656E-1,-9.181420803E-1
1.095203783E2,-4.429059923E-1,5.492314100E-1,5.632061958E-1
1.096204397E2,-3.946476579E-1,9.596937895E-2,1.015857339E0
1.097205141E2,-6.646500826E-1,-2.864322960E-1,2.596061230E-1
1.098205771E2,-8.179773092E-1,-5.998061299E-1,-1.386780292E-1
1.099206450E2,-2.529269159E-1,-2.833779156E-1,-9.530659020E-2
1.100207026E2,5.955649018E-1,3.458132744E-1,4.104898274E-1
1.101207824E2,7.024663091E-1,2.083685696E-1,-2.529098094E-1
1.102208431E2,7.091858387E-1,3.915890679E-2,-1.252389848E-1
1.103209190E2,7.867657542E-1,3.305416405E-1,-5.467360020E-1
1.104209891E2,3.732099533E-1,2.725094259E-1,-4.471649826E-1
1.105210476E2,-3.335611224E-1,1.637754142E-1,-4.888082668E-2
1.106211118E2,-4.826122522E-1,5.553400517E-1,1.154419258E-1
1.107211915E2,-7.471168637E-1,-4.599179924E-1,3.762813807E-1
1.108212527E2,-9.138830900E-1,-1.373811513E-1,2.895385027E-1
1.109213184E2,-9.322090745E-1,-3.664556146E-1,3.500141799E-1
1.110213831E2,-2.400987595E-1,-9.099449031E-3,-4.643736780E-2
1.111214498E2,4.953829944E-1,4.893665910E-1,7.695741206E-2
1.112215185E2,7.843222618E-1,2.273053974E-1,-1.374562830E-1
1.113215867E2,8.722868562E-1,-5.186001584E-2,-3.201049864E-1
1.114216557E2,6.407689452E-1,9.841283411E-2,-5.925508738E-1
1.115217215E2,5.106546283E-1,-4.025357589E-2,-5.168035626E-1
1.116217895E2,-2.327683717E-1,-1.361594200E-1,2.119586319E-1
1.117218498E2,-6.426589489E-1,4.795927405E-1,-1.833756454E-2
1.118219271E2,-6.970259547E-1,-4.312073290E-1,3.994942605E-1
1.119220757E2,-7.898774743E-1,-4.678592384E-1,4.446983039E-1
1.120221383E2,-8.472988009E-1,-9.052387476E-1,-2.199230939E-1
1.121222120E2,-1.041341946E-2,-4.611397386E-1,-4.752647579E-1
1.122222795E2,9.016084075E-1,4.539363980E-1,-4.300607443E-1
1.123223541E2,7.397291064E-1,-1.147791371E-1,1.942435503E-1
1.124224144E2,3.353362978E-1,6.805673838E-1,-1.985428184E-1
1.125224841E2,2.742497921E-1,3.806325793E-1,-5.821661949E-1
1.126225466E2,1.985024810E-1,4.136192799E-1,-4.190651476E-1
1.127226153E2,-1.698492467E-1,-5.839236379E-1,7.147007585E-1
1.128226810E2,-7.159627676E-1,-1.709787399E-1,3.261904418E-1
1.129227513E2,-4.673406482E-1,2.859484553E-1,6.890443563E-1
1.130228140E2,-8.839507699E-1,-5.020676851E-1,-1.772669703E-2
1.131228824E2,-5.406444669E-1,-2.723823488E-1,1.801936328E-1
1.132229571E2,-1.124279201E-1,-3.963879943E-1,-4.074587226E-1
1.133230200E2,6.328276992E-1,2.664007843E-1,3.419684619E-2
1.134230869E2,6.132799387E-1,1.717166603E-1,1.526002493E-2
1.135231558E2,8.973323107E-1,8.680639416E-2,-6.340897083E-1
1.136232179E2,5.637999177E-1,5.748486146E-2,-7.391585708E-1
1.137232907E2,-4.936078191E-1,-1.874721050E-1,2.564473264E-2
1.138233604E2,-1.918403953E-1,5.638921261E-1,3.298556209E-1
1.139234242E2,-2.315466404E-1,4.343496263E-2,6.682749391E-1
1.140234876E2,2.321000844E-1,-9.357820153E-1,1.627944231E0
1.141235570E2,-8.778420687E-1,-5.026785731E-1,2.320127375E-2
1.142236318E2,-5.265945196E-1,-6.987662911E-1,8.087739944E-1
1.143236898E2,6.731447577E-1,-1.769065741E-3,-6.731851101E-1
1.144237565E2,6.743665338E-1,-3.536665440E-2,-1.417323500E-1
1.145238224E2,6.786425710E-1,-1.373811513E-1,-2.926160693E-1
1.146238890E2,4.788896441E-1,-2.379931044E-3,-8.283448219E-1
1.147239611E2,2.583672702E-1,1.136844605E-1,-1.625017524E-1
1.148240223E2,-2.382661551E-1,5.351814628E-1,-4.521563277E-2
1.149240940E2,-1.350299269E-1,2.993875146E-1,1.229049325E0
1.150241549E2,-6.945825219E-1,-8.801932931E-1,8.222129941E-1
1.151242290E2,-6.707587242E-1,-4.043292403E-1,8.723039627E-1
1.152243005E2,-8.246967793E-1,-6.236298680E-1,-2.260317504E-1
1.153243610E2,-2.690678276E-2,-1.624266207E-1,5.679886416E-2
1.154244266E2,8.050916791E-1,5.302945375E-1,-5.204688311E-1
1.155245005E2,5.589129925E-1,-2.455043048E-1,-5.010255799E-2
1.156245620E2,3.591600657E-1,3.623066247E-1,-4.294498563E-1
1.157246280E2,5.137090087E-1,-4.819482565E-2,-5.748358369E-1
1.158246940E2,4.562876225E-1,3.665826619E-1,-4.850386083E-1
1.159247657E2,-1.704601198E-1,2.236402184E-1,6.548359394E-1
1.160248240E2,-5.638573766E-1,3.323742449E-1,5.387715697E-1
1.161248962E2,-3.579957485E-1,1.326212883E-1,7.440222502E-1
1.162249792E2,-4.282452464E-1,-2.803627215E-2,3.035884202E-1
1.163250315E2,-7.336778641E-1,-5.820910931E-1,-2.895617485E-1
1.164250976E2,-1.826774180E-1,-5.704846382E-1,-6.322571635E-1
1.165251663E2,6.132799387E-1,-1.050052941E-1,-4.715995789E-1
1.166252323E2,6.083930731E-1,-4.635832012E-1,-1.087456197E-1
1.167252974E2,7.275117636E-1,1.686623394E-1,3.799465597E-1
1.168253736E2,3.945902288E-1,-1.526527852E-1,-8.142949939E-1
1.169254337E2,4.550658762E-1,-9.706404060E-2,-6.676872969E-1
1.170254936E2,-4.270235300E-1,-2.284000665E-1,3.579554260E-1
1.171255716E2,-4.215257168E-1,5.168555379E-1,1.364661336E0
1.172256447E2,-5.601921678E-1,3.018309772E-1,6.517816186E-1
1.173257026E2,-8.717334270E-1,-3.841707110E-1,3.701727390E-1
1.174257735E2,-8.265293837E-1,-6.340146065E-1,-1.075238883E-1
1.175258412E2,-2.278814614E-1,6.176092103E-2,8.123347163E-2
1.176259072E2,8.606804013E-1,1.735492498E-1,-4.709887207E-1
1.177259774E2,8.099786043E-1,3.915890679E-2,-1.698321402E-1
1.178260385E2,9.681926966E-1,-2.559280954E-2,-8.393404484E-1
1.179261055E2,2.528695166E-1,-3.469079137E-1,-6.713525653E-1
1.180261692E2,1.771222055E-1,5.816072226E-1,-1.844929010E-1
1.181262415E2,-2.553703785E-1,-3.640121520E-1,1.319457293E0
1.182263059E2,-6.279981732E-1,1.466711909E-1,7.434113622E-1
1.183263731E2,-5.864593387E-1,2.199750245E-1,5.363280773E-1
1.184264444E2,-8.155338168E-1,-3.542383015E-1,6.962703168E-2
1.185265097E2,-5.272054672E-1,-4.061618745E-1,-2.596293390E-1
1.186265833E2,4.281878471E-1,-2.742540464E-2,2.565518022E-1
1.187266438E2,7.336204052E-1,2.609029710E-1,-6.786829233E-1
1.188267079E2,7.611093521E-1,-1.318833679E-1,-3.133854568E-1
1.189267801E2,6.254973412E-1,4.526755959E-2,-6.566917896E-1
1.190268383E2,2.333218008E-1,-3.023147583E-1,-6.267593503E-1
1.191269093E2,1.056509763E-1,5.626704097E-1,-2.248100191E-1
1.192272545E2,-4.294669926E-1,-1.459723525E-2,1.090382814E0
1.193273254E2,-6.542654037E-1,-8.973366022E-2,8.961277008E-1
1.194273866E2,-7.654428482E-1,-8.851192892E-2,5.241107941E-1
1.195274599E2,-5.210967660E-1,2.260836661E-1,5.033413768E-1
1.196275210E2,-2.199402004E-1,-2.674954534E-1,1.044463515E-1
1.197275919E2,3.512188196E-1,-2.437108010E-2,-2.872227319E-2
1.198276524E2,5.063785911E-1,-2.797127366E-1,-3.653090298E-1
1.199277256E2,6.725339293E-1,-1.269964427E-1,-5.894965529E-1
1.200277818E2,3.945902288E-1,1.839339733E-1,-5.882748365E-1
1.201278548E2,4.395358637E-2,-2.986495793E-1,-3.146072030E-1
1.202279269E2,-4.217841476E-2,9.059767127E-1,-2.694031596E-1
1.203279992E2,-4.038106501E-1,4.099150002E-2,8.154934645E-1
1.204280598E2,-6.426589489E-1,-3.591252565E-1,6.609445810E-1
1.205281219E2,-7.581124902E-1,-4.965699017E-1,3.084753454E-1
1.206281964E2,-2.474291325E-1,2.712876797E-1,-1.973210722E-1
1.207282576E2,-5.561744794E-2,3.243938833E-2,5.143369436E-1
1.208283243E2,3.078473806E-1,-1.911372989E-1,5.644278526E-1
1.209283898E2,5.637999177E-1,7.519996166E-2,5.191193894E-2
1.210284603E2,6.975793839E-1,9.226509370E-3,-1.005495787E0
1.211285253E2,6.383255124E-1,1.228083484E-2,-8.631641865E-1
1.212285946E2,1.624614447E-1,1.704949290E-1,-3.408744335E-1
1.213286614E2,9.037934989E-2,-4.837417305E-1,1.007811576E-1
1.214287267E2,-5.540834665E-1,-3.670664728E-1,6.016906500E-1
1.215287958E2,-3.958693743E-1,1.582776308E-1,3.439055085E-1
1.216288601E2,-5.864593387E-1,1.411734074E-1,2.168455571E-1
1.217289272E2,-9.945173264E-1,-9.290624857E-1,-3.177659959E-2
1.218289944E2,-2.248271108E-1,4.648928717E-2,9.100731462E-2
1.219290616E2,4.391834140E-1,2.285271287E-1,2.315063179E-1
1.220291243E2,9.138256907E-1,2.163098305E-1,5.679886416E-2
1.221291955E2,9.260430336E-1,4.893274978E-2,-5.210796595E-1
1.222292702E2,7.519463897E-1,1.808796376E-1,-6.970088482E-1
1.223293314E2,2.162175924E-1,2.156989574E-1,-1.679995358E-1
1.224294000E2,-2.859136462E-1,8.741725981E-2,5.424367189E-1
1.225294719E2,-5.919571519E-1,2.877419628E-2,4.495851994E-1
1.226295311E2,-6.799217463E-1,2.938506193E-2,8.112174869E-1
1.227296016E2,-4.771144688E-1,-9.950751066E-2,7.287505865E-1
1.228296674E2,-3.524979651E-1,1.307886988E-1,4.049920738E-1
1.229297384E2,2.135157213E-2,-2.497803569E-1,-3.427070081E-1
1.230297949E2,9.144365788E-1,1.472820640E-1,-5.913291574E-1
1.231298665E2,4.599528313E-1,-6.211863756E-1,-6.175963879E-1
1.232299367E2,4.104727507E-1,-2.772692740E-1,-8.411730528E-1
1.233300070E2,2.858562171E-1,-2.797127366E-1,-3.701959550E-1
1.234300721E2,5.021024942E-1,5.724442601E-1,-1.331802309E-1
1.235301471E2,1.313073188E-1,9.976064563E-1,9.162862301E-1
1.236302063E2,-5.094903111E-1,6.488023996E-1,9.431642890E-1
1.237302686E2,-7.019128799E-1,-9.099449031E-3,3.781139851E-1
1.238303392E2,-8.161446452E-1,-3.548491895E-1,-8.563719690E-3
1.239304023E2,-7.153519392E-1,-4.654158056E-1,6.657271087E-2
1.240304683E2,2.241588235E-1,-3.939445615E-1,-2.419142425E-1
1.241305381E2,7.556115985E-1,2.401335686E-1,-5.833879113E-1
1.242306086E2,5.320349336E-1,-3.627904356E-1,-5.027536750E-1
1.243306832E2,1.899503767E-1,-4.024966657E-1,-5.821661949E-1
1.244307571E2,1.441354901E-1,2.083685696E-1,-5.687271953E-1
1.245308139E2,1.923938394E-1,5.198707432E-2,-4.160108268E-1
1.246308772E2,-4.135844707E-1,-1.178334653E-1,3.408511877E-1
1.247309457E2,-6.279981732E-1,1.857665777E-1,6.273469925E-1
1.248310202E2,-6.915282011E-1,8.615643717E-3,8.649735451E-1
1.249310755E2,-7.074106336E-1,2.224184722E-1,3.384077549E-1
1.250311488E2,-6.823651791E-1,-3.994423449E-1,1.380439401E-1
1.251312156E2,6.227954477E-2,3.458132744E-1,1.098396815E-2
1.252312781E2,7.739375830E-1,2.022208273E-2,-8.064582199E-2
1.253313510E2,9.162691832E-1,-1.257747114E-1,-3.585895002E-1
1.254314112E2,6.969684958E-1,-1.813634485E-1,-1.108732104E0
1.255314839E2,-3.179370239E-2,-8.930214643E-1,-1.468531609E0
1.256315460E2,4.884050786E-2,1.228474453E-1,-2.950595021E-1
1.257316200E2,-2.950766385E-1,2.334140539E-1,8.869647384E-1
1.258316805E2,-6.670935750E-1,-4.147530720E-2,2.223433405E-1
1.259317542E2,-4.447386265E-1,6.762914062E-1,8.130500317E-1
1.260318085E2,-6.041744351E-1,-1.190551892E-1,7.354701757E-1
1.261318805E2,-5.265945196E-1,1.008562893E-1,1.814153790E-1
1.262319539E2,-2.584246993E-1,2.370792329E-1,-4.582649842E-2
1.263320151E2,8.130329847E-1,-1.905264258E-1,-4.966450632E-1
1.264338783E2,8.619021773E-1,-2.326761335E-1,-5.100840926E-1
1.265339461E2,5.576912761E-1,-2.418391109E-1,-8.576663733E-1
1.266340135E2,2.192719132E-1,-2.558889985E-1,-4.404454231E-1
1.267340734E2,1.221443415E-1,3.574196994E-1,-2.351947278E-1
1.268341411E2,-3.042396009E-1,3.280981779E-1,1.026852846E0
1.269342077E2,-7.782710791E-1,-6.163386256E-2,8.228238821E-1
1.270342773E2,-5.174315572E-1,2.273053974E-1,7.415788174E-1
1.271343514E2,-7.739949822E-1,-1.868612319E-1,4.335982352E-2
1.272344143E2,-2.724746168E-1,-2.039654702E-1,3.671184182E-1
1.273344774E2,6.517645121E-1,5.687790513E-1,-1.650496945E-2
1.274345422E2,8.527392149E-1,2.682333589E-1,-3.317114115E-1
1.275346105E2,5.876236558E-1,-2.437108010E-2,-1.490627229E-1
1.276346804E2,4.617854059E-1,1.222365797E-1,-6.951762438E-1
1.277347529E2,1.142030880E-1,-4.092161953E-1,-6.444744468E-1
1.278348141E2,1.868960559E-1,8.461118937E-1,-3.769154549E-1
1.279348786E2,-4.343539178E-1,4.490495026E-1,6.823248863E-1
1.280349407E2,-8.534074426E-1,4.288909435E-1,9.358339310E-1
1.281350148E2,-7.086324096E-1,4.240039885E-1,5.961928964E-1
1.282350792E2,-7.727732658E-1,-6.651687026E-1,-1.472301334E-1
1.283351466E2,-4.523273930E-2,1.491146535E-1,1.569807529E-1
1.284352258E2,4.831657112E-1,4.001802802E-1,4.098789692E-1
1.285352883E2,3.835946620E-1,1.759927273E-1,-3.849611804E-2
1.286353532E2,6.041169763E-1,-3.414492309E-2,-5.149710178E-1
1.287354145E2,6.829186678E-1,-4.269312620E-1,-8.692728281E-1
1.288354826E2,2.834127545E-1,-3.456861973E-1,-4.673235118E-1
1.289355488E2,2.559238374E-1,7.098889351E-1,1.386547983E-1
1.290356208E2,-1.692383885E-1,6.145939827E-1,7.177550793E-1
1.291356891E2,-5.052142739E-1,-1.563179791E-1,6.420077682E-1
1.292357586E2,-6.903064847E-1,-4.269703850E-2,1.832479686E-1
1.293358183E2,-8.118686080E-1,-5.381087661E-1,2.075781301E-2
1.294358843E2,-1.209800243E-1,-1.752547920E-1,1.887457520E-1
1.295359622E2,7.647746205E-1,5.553400517E-1,5.679886416E-2
1.296360245E2,5.851801634E-1,-2.650519609E-1,-3.280462325E-1
1.297360859E2,4.373508096E-1,-5.087872148E-1,-1.344019622E-1
