"Time (s)","Linear Acceleration x (m/s^2)","Linear Acceleration y (m/s^2)","Linear Acceleration z (m/s^2)"
0.000000000E0,-2.018395662E0,-9.108368158E-1,1.283588409E-1
1.000669630E-1,-2.506487370E0,-1.372592330E0,3.000020981E-1
2.001331830E-1,-1.939085126E0,-2.076843262E0,4.951353073E-1
3.002052810E-1,-1.169051826E-1,4.753875732E-1,-4.686431885E-1
4.002722790E-1,1.604700565E0,3.208814621E0,-3.876043320E0
5.003392440E-1,-1.092918873E0,2.466756344E0,-4.114000797E0
6.004016760E-1,-1.518971086E0,3.071673393E0,-3.840982914E0
7.004787070E-1,-3.303650379E0,5.658874512E0,-6.191281319E0
8.005481360E-1,7.310258746E-1,8.630132675E-2,-2.048700094E0
9.006178670E-1,1.040701509E0,-2.879867554E-1,3.152465820E-2
1.000674831E0,1.014250517E-1,-1.142055988E0,4.789600372E-1
1.100743795E0,1.602422476E0,-1.292109013E0,-1.430940628E-2
1.200806293E0,1.350253463E0,-2.739466667E0,2.969723225E0
1.300875458E0,5.112718105E0,-5.492434502E0,6.058865547E0
1.400939190E0,6.679660797E0,-3.224670172E0,1.967366219E0
1.501008420E0,5.290265083E-1,-1.728551388E0,1.984193802E0
1.601073652E0,-1.763392925E0,2.930068970E-1,-2.217984676E0
1.701140651E0,-1.702149868E0,2.129511356E0,-4.204258919E0
1.801207649E0,-2.921494007E0,3.093012810E0,-4.046891212E0
1.901280413E0,-4.468233109E0,3.392881393E0,-4.377638340E0
2.001347578E0,-1.878728122E-1,4.677228928E-1,-1.290424109E0
2.101416443E0,2.309679985E-2,-1.033175468E0,5.525932312E-1
2.201477974E0,1.417811275E0,-8.817615509E-1,-1.335887909E-1
2.301548906E0,7.135114670E-1,-2.252038479E0,1.745399475E0
2.401617170E0,5.818041801E0,4.089040756E-1,6.960722446E0
2.501687668E0,4.268165112E0,-4.651581287E0,9.517239571E0
2.601752466E0,6.676472187E0,-1.792569160E0,-6.780929565E-1
2.701817264E0,-1.260082722E-1,-9.908294678E-1,1.791417599E0
2.801880729E0,-6.021910906E-1,-2.634510994E-1,-1.121917248E0
2.901946661E0,-6.712921858E-1,9.439706802E-1,-2.114411831E0
3.002013127E0,-4.479187012E0,2.347818851E0,-3.168756485E0
3.102080526E0,-4.344399929E0,6.534914017E0,-7.021151543E0
3.202146391E0,-1.174652338E0,1.695653915E0,-3.980354071E0
3.302214556E0,6.754641533E-1,-1.026735306E-1,-1.691009521E0
3.402283620E0,1.292184711E0,-1.434495926E0,-3.898375034E-1
3.502351685E0,3.026680946E-1,-3.524266243E0,-3.102288246E-1
3.602421884E0,2.740127563E0,-4.538275719E0,6.697839737E0
3.702489415E0,9.247768402E0,-4.570425034E0,3.825292110E0
3.802565312E0,3.155302525E0,-3.720656633E0,4.027768135E0
3.902628643E0,-6.259372234E-1,-1.944022179E0,5.640473366E-1
4.002693674E0,-6.490585804E-1,7.446827888E-1,-2.791812658E0
4.102756104E0,-3.690038681E0,1.975817204E0,-2.655808687E0
4.202823136E0,-4.817316055E0,4.257539749E0,-4.414522648E0
4.302892800E0,-7.148259878E-1,3.078244209E0,-4.180476189E0
4.405695447E0,-2.942044497E0,2.050138474E0,-9.837098122E-1
4.505762311E0,1.851438284E0,2.846679688E-1,-2.939965725E0
4.605827141E0,8.894016743E-1,-2.263332367E0,2.375556469E0
4.705894671E0,1.781508446E0,-4.943390846E0,4.131165028E0
4.805962235E0,2.390578032E0,-4.833407879E0,8.126842499E0
4.906029266E0,4.967871666E0,-3.308085918E0,2.135561466E0
5.006096130E0,1.737252474E0,-1.980718136E0,2.238693714E0
5.106163095E0,-1.052476406E0,-7.115650177E-1,3.075265884E-1
5.206228625E0,-3.165228844E0,-9.030957222E-1,-1.231315136E0
5.306295790E0,-2.546430111E0,2.075912476E0,-3.070148468E0
5.406368821E0,-7.611756802E0,4.825534821E0,-2.418185472E0
5.506438651E0,-7.178115845E-2,3.391514778E0,-4.865458488E0
5.606505616E0,-3.497681379E0,1.635031700E0,-6.712357998E-1
5.706567014E0,-1.868565559E0,-1.054165840E0,4.834980965E-1
5.806639313E0,5.229227066E0,-3.947823524E0,1.018648148E-1
5.906706611E0,2.539925337E0,-3.220739365E0,2.680663586E0
6.006773641E0,3.622819185E0,-3.195134401E0,5.280233383E0
6.106834306E0,4.270128250E0,-3.762158871E0,4.159751892E0
6.206903005E0,5.699653625E-1,-3.378454208E0,4.201275826E0
6.306969604E0,2.774043083E-1,-5.667161942E-1,-2.550342798E0
6.407039535E0,-1.852806091E0,3.983035088E-1,-1.075409889E0
6.507105066E0,-2.201179266E0,1.962365627E0,-3.457548141E0
6.607172497E0,-5.233258247E0,4.435989380E0,-4.117285728E0
6.707237029E0,-3.559202194E0,4.212310791E0,-4.909079552E0
6.807304194E0,-2.316090584E0,1.009979248E-1,4.757325649E-1
6.907371726E0,1.071806431E0,-1.751476765E0,-2.564024925E-1
7.007438891E0,2.379248142E-1,-3.443772316E0,2.714762688E0
7.107505423E0,1.608895779E0,-3.781259537E0,2.500947952E0
7.207570921E0,3.171215057E0,-4.180313110E0,6.020915508E0
7.307637753E0,8.303983688E0,-5.994904041E0,3.948154449E0
7.407706185E0,4.028642654E0,-3.120308638E0,8.455152512E-1
7.507774850E0,-2.300205231E0,-3.503794670E-1,3.718953133E-1
7.607842282E0,-1.762314558E0,1.751892090E0,-3.911552906E0
7.707908747E0,-4.027129650E0,2.763065338E0,-2.054866552E0
7.807975645E0,-3.397237778E0,3.111754417E0,-3.022698164E0
7.908044910E0,-4.980059624E0,4.303065300E0,-3.589244843E0
8.008111675E0,-3.254616022E0,1.252364159E0,-6.514451504E-1
8.108178207E0,2.548520327E0,-2.203068733E0,-2.669427395E0
8.208242004E0,5.890555382E-1,-2.527690411E0,2.077210188E0
8.308309202E0,2.206591606E0,-4.038941383E0,5.139595509E0
8.408377267E0,5.560548782E0,-4.956851959E0,4.394398689E0
8.508445564E0,5.192223549E0,-5.273815155E0,4.665919781E0
8.608512996E0,1.550903797E0,-2.626999617E0,2.410890579E0
8.708516694E0,-1.534860611E0,-2.368783951E-1,-9.190926552E-1
8.808583892E0,-1.415735722E0,1.172968864E0,-2.788124323E0
8.908651924E0,-3.113227367E0,2.194808483E0,-2.516166449E0
9.008786855E0,-2.177381039E0,2.845512390E0,-4.366240978E0
9.108855853E0,-4.266492367E0,4.465776443E0,-3.974466324E0
9.208927983E0,-7.002058029E-1,1.597099304E0,-2.907792330E0
9.308990379E0,5.739235878E-2,-2.120273590E0,4.805188179E-1
9.409055344E0,1.154460430E0,-1.893445015E0,5.317747593E-1
9.509116308E0,3.041800499E0,-4.175623894E0,4.335951805E0
9.609184172E0,5.750282288E0,-5.687016964E0,7.843040466E0
9.709251269E0,8.380025864E0,-6.014457703E0,-2.661615372E0
9.809318434E0,-1.269632816E0,-1.904670715E0,3.246495724E0
9.909386499E0,-1.230386257E0,-8.235263824E-2,-1.344703674E0
1.000945846E1,-2.603854656E0,1.621837139E0,-2.428452730E0
1.010952493E1,-4.599620342E0,4.172063351E0,-3.046970606E0
1.020959029E1,-3.056628704E-1,3.724804878E0,-6.132975578E0
1.030965292E1,-1.329824448E0,7.367839813E-1,1.085951567E0
1.040972065E1,-4.273366928E-1,-2.424535751E-1,-7.851368189E-1
1.050978862E1,5.081825256E-1,-1.603291035E0,7.408313751E-1
1.060985522E1,1.654922009E0,-2.679535866E0,5.619597435E-1
1.070992298E1,2.079241753E0,-3.674255371E0,5.933268547E0
1.080998915E1,5.911907196E0,-5.039938450E0,6.061345577E0
1.091005655E1,5.037793159E0,-3.770554781E0,2.105505466E0
1.101012444E1,-2.492771149E-1,-1.696320057E0,1.411000729E0
1.111019197E1,-1.889743567E0,4.864792824E-1,-2.348900557E0
1.121025721E1,-4.338204861E0,2.728093147E0,-2.962552071E0
1.131032724E1,-4.336789131E0,4.595136642E0,-4.430687428E0
1.141039437E1,-4.241852760E0,3.639294624E0,-3.916589499E0
1.151046350E1,-1.074474096E0,1.283165932E0,-2.559898376E0
1.161052530E1,-3.351922035E-1,-1.573578835E0,8.326210976E-1
1.171088095E1,9.178552628E-1,-2.657288074E0,1.156080008E0
1.181094825E1,1.514003754E0,-3.980158329E0,5.605682373E0
1.191101678E1,6.783844948E0,-5.098153114E0,4.353886127E0
1.201108464E1,3.437116623E0,-3.235976696E0,3.657397270E0
1.211115328E1,3.968818188E0,-3.429545164E0,1.008039474E0
1.221122041E1,-3.294397593E0,-6.074905396E-3,-1.392264366E-1
1.231128967E1,-3.805853128E0,2.373475552E0,-4.009718418E0
1.241135537E1,-4.128000736E0,4.276112080E0,-4.818191051E0
1.251142170E1,-4.918963432E0,6.694404602E0,-6.529793739E0
1.261148403E1,-2.079909086E0,-1.782722473E-1,-1.201481819E0
1.271155020E1,-1.028045416E0,-5.399379730E-1,3.193714619E-1
1.281162173E1,-8.923008442E-1,-1.996830940E0,2.471092224E0
1.291168993E1,4.498617649E-1,-2.953139782E0,3.280962706E0
1.301175772E1,5.044056416E0,-3.436779022E0,3.941951275E0
1.311182126E1,7.107368946E0,-5.023920059E0,3.920437813E0
1.321188859E1,4.092984676E0,-4.031182289E0,2.756771088E0
1.331195622E1,-2.622317314E0,-6.925539970E-1,1.886410236E0
1.341202482E1,-2.383056879E0,1.682320595E0,-3.405503273E0
1.351209532E1,-4.811333656E0,5.625034332E0,-2.600773811E0
1.361216098E1,-5.548511505E0,5.592602730E0,-5.017442226E0
1.371222738E1,-2.003735065E0,1.247836113E0,-1.663106918E0
1.381229114E1,-5.314700603E-1,-6.597967148E-1,-4.052343369E-1
1.391235914E1,-6.845121384E-1,-2.347269058E0,2.751056194E0
1.401242747E1,1.601148605E0,-2.785321236E0,1.831109762E0
1.411249487E1,2.993979454E0,-3.044566154E0,4.337499619E0
1.421256210E1,6.999444962E0,-6.792460918E0,7.256361961E0
1.431262734E1,4.422651291E0,-4.092014313E0,1.321974277E0
1.441269503E1,-3.262238741E0,-1.946878433E-1,1.765888691E0
1.451276130E1,-2.648229837E0,2.231974125E0,-3.993080616E0
1.461283110E1,-2.046218634E0,3.318976402E0,-5.474653244E0
1.471289820E1,-3.967920780E0,3.243485451E0,-4.292722225E0
1.481296653E1,-1.281668305E0,3.495912552E0,2.813825607E-1
1.491303096E1,2.599384785E0,9.309701920E-1,-2.835391521E0
1.501309732E1,2.970016003E-1,-2.641897678E0,6.546573639E-1
1.511316382E1,2.257169008E0,-2.419635296E0,-4.026246071E-1
1.521323102E1,1.221409559E0,-4.123830318E0,3.802083969E0
1.531329815E1,3.632816076E0,-4.357202053E0,3.776888847E0
1.541337095E1,1.151117086E0,-4.348409176E0,5.261535645E0
1.551343985E1,-1.543545723E-2,-9.349186420E-1,6.653661728E-1
1.561350708E1,-2.466334343E0,-3.498601913E-2,-1.461683273E0
1.571356991E1,-1.124547243E0,3.078869343E0,-2.477486610E0
1.581363528E1,-3.185853958E0,2.089893341E0,-9.196877480E-1
1.591370301E1,-1.315172315E0,3.948165894E0,-3.083807230E0
1.601376934E1,-1.897732973E0,2.978796959E0,-2.624056578E0
1.611384227E1,-2.678939104E-1,1.182690620E0,-2.182006836E0
1.621391220E1,-1.376766324E0,-1.950120449E0,1.611032009E0
1.631397880E1,5.007348061E-1,-1.812757492E0,2.144269943E0
1.641403970E1,2.841286182E0,-4.639577389E0,3.611346722E0
1.651410239E1,6.331513405E0,-6.374610424E0,6.739761353E0
1.661416849E1,4.631214142E0,-5.306826115E0,7.261419296E-1
1.671423679E1,-3.565852642E-1,-2.083232880E0,1.425352097E0
1.681430455E1,-1.760008335E-1,1.175597191E0,-4.321260929E0
1.691437318E1,-3.985383987E0,2.646887779E0,-3.424803734E0
1.701443958E1,-2.875449181E0,5.103448391E0,-4.989191055E0
1.711450685E1,-4.149500847E0,4.355957985E0,-3.306014061E0
1.721457721E1,1.678705215E-3,-2.402753830E-1,-9.823243618E-1
1.731464864E1,-2.770221233E0,-2.244296551E0,6.200346947E-1
1.741471584E1,3.967795372E-1,-3.235246181E0,-1.797235012E-1
1.751477867E1,2.293878794E0,-3.129333973E0,3.711184502E0
1.761484070E1,3.509846210E0,-4.519819736E0,7.138638496E0
1.771490766E1,4.936488152E0,-3.338965416E0,3.794109821E0
1.781497676E1,4.681729317E0,-3.310745239E0,4.072628021E0
1.791504443E1,-1.041401148E0,-1.047653675E0,1.254272461E-2
1.801512266E1,-2.101014137E0,1.048073769E0,-3.242420197E0
1.811519305E1,-5.202011108E0,2.815450191E0,-3.499706745E0
1.821526019E1,-3.348427534E0,3.636846542E0,-4.060905933E0
1.831531662E1,-3.890006542E0,3.715383530E0,-4.411723614E0
1.841537978E1,5.269811153E-1,1.113600731E0,-4.253792763E0
1.851544595E1,-1.637196898E0,-1.660584450E0,1.979282379E0
1.861551178E1,2.084700584E0,-1.704093933E0,1.659697533E0
1.871557971E1,6.102715969E0,-3.313332081E0,1.843989849E0
1.881564847E1,3.887034893E0,-5.214367390E0,8.284925461E0
1.891571614E1,7.184517384E0,-2.675015926E0,4.915575981E-1
1.901582408E1,3.527293205E-1,-1.605103493E0,1.509266853E0
1.911589551E1,-1.941749692E0,-7.181167603E-2,-1.242415905E0
1.921596311E1,-2.277746916E0,1.605268002E0,-3.070126772E0
1.931603534E1,-2.437897205E0,3.270414352E0,-4.425352097E0
1.941609784E1,-5.048906803E0,7.088240623E0,-7.714930534E0
1.951616396E1,-1.522903919E0,2.302656174E-1,-3.056192398E0
1.961622473E1,2.207317352E-1,-8.485937119E-1,-5.823378563E-1
1.971629806E1,7.961051464E-1,-2.721766949E0,3.226237297E-1
1.981636686E1,3.010248184E0,-2.591905594E0,1.789320946E0
1.991643302E1,3.170582533E0,-4.040170670E0,6.718242168E0
2.001649395E1,5.307803154E0,-2.745405197E0,2.929387093E0
2.011656005E1,1.837806940E0,-2.951243162E0,3.628657818E0
2.021662838E1,-1.462267637E0,-3.131666183E-1,-8.098373413E-1
2.031669555E1,-1.950369000E0,1.164580345E0,-3.136522055E0
2.041676411E1,-3.410804272E0,2.612034798E0,-3.782981396E0
2.051682891E1,-7.812203884E0,7.025535583E0,-6.706347466E0
2.061689484E1,-1.488639355E0,1.050817490E0,-2.038924456E0
2.071696147E1,-8.874931931E-1,3.671665192E-1,-2.249711990E0
2.081702984E1,-5.497963428E-1,-3.422493458E0,4.022057533E0
2.091709814E1,2.898469687E0,-3.495012760E0,1.898258686E0
2.101717054E1,1.729442120E0,-4.155082226E0,7.183657646E0
2.111724423E1,6.851888657E0,-5.043765068E0,7.370576859E0
2.121731226E1,2.880077124E0,-1.859727383E0,1.223066330E0
2.131737396E1,-2.235043764E0,1.204099655E-1,-7.996797562E-2
2.141743456E1,-1.676262975E0,9.949998856E-1,-2.001256466E0
2.151749953E1,-1.490527511E0,2.157852173E0,-3.506433964E0
2.161756496E1,-5.625034332E0,3.833041191E0,-4.838771343E0
2.171763379E1,-1.550356388E0,2.682065010E0,-1.945721269E0
2.181770222E1,-1.077022552E-1,2.334470749E-1,-1.129811525E0
2.191777165E1,-1.736016273E-1,-1.328386784E0,1.165504694E0
2.201783708E1,-1.109552383E-2,-1.347532272E0,2.214875221E-1
2.211790425E1,1.232899427E0,-2.492617130E0,3.326726913E0
2.221797068E1,4.125802517E0,-4.860049248E0,9.608642578E0
2.231803781E1,6.899099350E0,-4.149325371E0,3.107152939E0
2.241810494E1,1.571065187E0,-1.848163605E0,8.082375526E-1
2.251817061E1,-2.640597820E0,9.959201813E-1,-3.069596052E0
2.261823664E1,-3.619664669E0,2.246217728E0,-3.185054064E0
2.271831084E1,-4.666082382E0,3.436902046E0,-3.543105602E0
2.281837947E1,-5.347556114E0,4.337314606E0,-2.692445278E0
2.291844773E1,-1.278606653E0,1.888087273E0,-2.998572111E0
2.301850780E1,1.917665005E-1,-1.139284134E0,-9.979724884E-1
2.311857583E1,5.683259964E-1,-1.489514351E0,6.742608547E-1
2.321864413E1,3.807540178E0,-2.846693993E0,3.997322559E0
2.331871119E1,6.307773113E0,-6.549452782E0,7.894028664E0
2.341878066E1,6.089758873E0,-3.464790821E0,2.303268433E0
2.351884513E1,-1.080158710E0,-1.666468143E0,2.397591591E0
2.361891536E1,-1.506035805E0,3.176269531E-1,-2.136694193E0
2.371898245E1,-2.794916153E0,1.661333561E0,-3.043958664E0
2.381905052E1,-2.880987406E0,3.499138832E0,-4.761395454E0
2.391911401E1,-2.085802078E0,4.463004112E0,-4.895288944E0
2.401917768E1,-8.896452188E-1,1.228802681E0,-2.600668430E0
2.411925371E1,-5.686504841E-1,-1.173233986E0,7.601742744E-1
2.421932197E1,3.616600037E-1,-3.069418430E0,2.000407219E0
2.431938910E1,3.052295208E0,-1.990490437E0,1.186624765E0
2.441944817E1,1.324011087E0,-5.371600151E0,1.097191620E1
2.451951356E1,4.649209976E0,-3.109487057E0,1.448725700E0
2.461958316E1,1.610210419E0,-1.933495522E0,1.647213459E0
2.471965332E1,-1.240011215E0,-7.556247711E-2,-6.304531097E-1
2.481972976E1,-1.977306366E0,8.175911903E-1,-2.320944309E0
2.491979595E1,-2.950902462E0,2.120512962E0,-3.466038704E0
2.501986038E1,-7.188875198E0,6.275534630E0,-8.677912712E0
2.511991945E1,-9.984555244E-1,-1.062361717E0,-2.803307056E0
2.521998568E1,-1.432816029E0,-5.500383377E-1,2.548131943E-1
2.532005224E1,2.786805630E-1,-8.399152756E-1,1.575047970E0
2.542011938E1,3.423285723E0,-2.300829411E0,1.022454977E0
2.552018504E1,1.960132837E0,-3.718530178E0,6.880315781E0
2.562025097E1,6.938361168E0,-3.171160221E0,2.067200661E0
2.572031780E1,3.504841805E0,-3.590954304E0,4.076219559E0
2.582038717E1,1.327087879E0,-1.100556374E0,-1.859088659E0
2.592045577E1,-2.834675789E0,1.198291779E0,-2.176137209E0
2.602052540E1,-3.707697868E0,2.554316521E0,-2.990693331E0
2.612059126E1,-4.085862160E0,5.286854744E0,-5.698667526E0
2.622066286E1,-3.324405432E0,3.542386055E0,-3.359799385E0
2.632084155E1,-1.186268926E0,1.113995552E0,-2.226973534E0
2.642090888E1,-2.628989220E-1,-1.434219837E0,1.107491493E0
2.652097004E1,1.645217419E0,-1.694125175E0,1.524991274E0
2.662103641E1,1.733153582E0,-2.929657936E0,3.701137543E0
2.672110317E1,2.726692200E0,-5.191545010E0,9.650459290E0
2.682117147E1,4.825277805E0,-3.134813786E0,2.327536106E0
2.692123984E1,-1.291005850E0,-1.270250797E0,1.968719006E0
2.702131273E1,-8.211009502E-1,6.483998299E-1,-3.261957884E0
2.712137983E1,-1.794683456E0,1.399710178E0,-2.400780678E0
2.722144776E1,-1.537264585E0,2.975868225E0,-4.294141293E0
2.732151463E1,-5.318172455E0,5.906726837E0,-4.549810410E0
2.742158186E1,-1.043215036E0,7.318572998E-1,-1.540228009E0
2.752164653E1,-1.714851856E0,-6.071462631E-1,7.859776020E-1
2.762170796E1,-1.238058805E0,-1.894267082E0,3.100058317E0
2.772177462E1,3.837790489E0,-4.152751446E0,2.274765015E0
2.782184342E1,1.591835499E0,-3.856391907E0,7.726128578E0
2.792191155E1,4.498434544E0,-3.891943216E0,6.127331257E0
2.802198718E1,2.543505192E0,-2.426985741E0,1.649605751E0
2.812205425E1,-1.237373352E0,-4.247908592E-1,-4.656171799E-2
2.822212608E1,-2.066437244E0,6.134772301E-1,-1.423554182E0
2.832218528E1,-3.725352764E0,2.107555389E0,-3.083806515E0
2.842225207E1,-2.995559931E0,4.619394302E0,-6.619350433E0
2.852231527E1,-2.122759342E0,9.623899460E-1,-1.445672274E0
2.862238077E1,-1.177274942E0,-9.490013123E-3,-5.148510933E-1
2.872244923E1,-7.433538437E-1,-1.967951775E0,1.871372223E0
2.882252163E1,2.295571327E0,-2.667643547E0,2.135545969E0
2.892258986E1,4.111731529E0,-4.339880943E0,6.414315701E0
2.902265596E1,6.454398155E0,-5.587078094E0,6.654071808E0
2.912271663E1,1.680241585E0,-3.693509579E0,3.300461769E0
2.922278396E1,-2.637792587E0,4.019646645E-1,-1.469705343E0
2.932285762E1,-2.089981079E0,1.366504669E0,-3.169574261E0
2.942292542E1,-1.329929829E0,2.156064034E0,-3.806409836E0
2.952299192E1,-3.513043880E0,3.243500710E0,-2.853891611E0
2.962305095E1,-2.379684687E0,4.287264824E0,-5.479697227E0
2.972311815E1,-1.889657974E-2,9.373617172E-1,-2.561769962E0
2.982318815E1,-2.539091110E-1,-1.571744919E0,1.581161261E0
2.992325658E1,2.375236750E0,-2.356056213E0,4.782359600E-1
3.002332317E1,1.946370125E0,-2.672314167E0,3.823648691E0
3.012338837E1,4.610454559E0,-4.549896240E0,9.360733032E0
3.022345574E1,6.561010838E0,-4.558566570E0,5.475664139E-2
3.032352267E1,5.904817581E-1,-2.192909241E0,2.524089813E0
3.042359050E1,-2.304823399E0,7.223234177E-1,-1.970983982E0
3.052365963E1,-4.409194469E0,2.356212616E0,-2.368552685E0
3.062372550E1,-3.251670361E0,3.656312943E0,-6.235097885E0
3.072379160E1,-4.175797462E0,3.009431839E0,-4.204746246E0
3.082385633E1,-2.912311554E0,1.113815308E0,-1.004594326E0
3.092392546E1,2.134106159E-1,-9.271345139E-1,-2.435612679E-2
3.102399356E1,1.204443216E0,-2.219038010E0,1.923830509E0
3.112406116E1,3.023099184E0,-3.431458950E0,4.623663902E0
3.122412739E1,6.210530758E0,-3.711792231E0,7.092812061E0
3.132419372E1,5.747093678E0,-4.203456879E0,2.491087437E0
3.142426002E1,8.266630173E-1,-2.200011730E0,1.417160511E0
3.152432608E1,-2.371724606E0,5.959925652E-1,-2.006156921E0
3.162439248E1,-4.219561577E0,2.114394665E0,-2.571764469E0
3.172446314E1,-2.857350826E0,3.495395660E0,-5.233410835E0
3.182453184E1,-2.991647720E0,3.208048820E0,-3.186478615E0
3.192459961E1,-1.324174166E0,5.094051361E-1,-1.426328778E0
3.202466407E1,-1.026459932E0,-1.652987957E0,1.728141785E0
3.212473084E1,1.249167919E-1,-2.228203297E0,4.608645439E-1
3.222479724E1,3.633261681E0,-3.340456009E0,3.854308128E0
3.232486443E1,5.910177708E0,-3.859949112E0,6.338071346E0
3.242493183E1,4.140179634E0,-4.067001343E0,5.232585430E0
3.252499930E1,-8.586406708E-2,-1.706302166E0,2.255015850E0
3.262506556E1,-9.988226891E-1,2.620835304E-1,-2.870994091E0
3.272513196E1,-1.301568508E0,1.294895172E0,-2.802698135E0
3.282520132E1,-2.140452385E0,1.186665535E0,-8.040013313E-1
3.292526942E1,-2.788950682E0,5.478124619E0,-6.276291847E0
3.302534238E1,-3.124410868E0,2.712534904E0,-3.498542547E0
3.312540718E1,-3.074907303E0,2.847919464E-1,7.539279461E-1
3.322547391E1,1.835566998E0,-2.793394089E0,5.358457565E-3
3.332553591E1,2.878045082E0,-3.424496651E0,3.717409849E0
3.342560360E1,4.076080322E0,-5.149382591E0,7.285007000E0
3.352566970E1,6.096514225E0,-5.218529701E0,5.823639393E0
3.363560896E1,1.869396210E0,-2.261269093E0,2.690931797E0
3.373567642E1,-1.591799736E0,-2.344179153E-1,-1.818968058E0
3.383574575E1,-3.390707970E0,1.428624153E0,-1.634221792E0
3.393581412E1,-4.209551811E0,4.017786026E0,-3.844489098E0
3.403588138E1,-3.659725904E0,7.614906311E0,-6.193769455E0
3.413594831E1,-1.169038773E0,1.131831169E0,-1.200756073E0
3.423602015E1,-1.525112867E0,-3.782310486E-1,6.601548195E-1
3.433608714E1,-4.991576672E-1,-2.430067062E0,2.367511034E0
3.443615348E1,1.832818508E0,-3.822801113E0,3.643727064E0
3.453621354E1,3.437874317E0,-4.178218842E0,4.846659184E0
3.463628000E1,5.970393658E0,-4.934086800E0,5.663320065E0
3.473634734E1,6.245685101E0,-5.221179485E0,3.762175560E0
3.483641813E1,-1.797841311E0,-1.960913658E0,2.288419724E0
3.493648667E1,-2.354759693E0,8.295626640E-1,-4.217268944E0
3.503655363E1,-3.082795620E0,2.925493240E0,-3.893776655E0
3.513661993E1,-6.233499527E0,5.655378342E0,-2.984884262E0
3.523668636E1,-1.262430787E0,2.325618744E0,-2.145116091E0
3.533675382E1,-2.381581068E0,9.962406158E-1,-4.139448404E-1
3.543682646E1,1.537253857E-1,-6.781873703E-1,3.936735392E-1
3.553689235E1,4.977304935E-1,-3.170143604E0,1.099870205E0
3.563695802E1,3.562346935E0,-4.474195480E0,6.340839863E0
3.573702328E1,7.242908001E0,-4.453529358E0,5.969528198E0
3.583709168E1,6.788681030E0,-4.448334694E0,2.559026241E0
3.593716028E1,1.982164383E-2,-1.969286919E0,1.853669167E0
3.603722377E1,-3.507755756E0,7.558674812E-1,-1.980921865E0
3.613729344E1,-3.912319660E0,2.414216995E0,-4.062481403E0
3.623735980E1,-5.878752708E0,5.228008270E0,-5.917143822E0
3.633742584E1,-3.379102230E0,2.591259956E0,-2.473734856E0
3.643750167E1,-1.845479369E0,5.608148575E-1,-1.348606944E0
3.653756773E1,-4.496212006E-1,-5.090646744E-1,5.124480724E-1
3.663763436E1,1.519016981E0,-2.654189587E0,2.493393421E-1
3.673769029E1,2.435114861E0,-3.921968460E0,4.991022110E0
3.683776172E1,7.526545048E0,-6.577500820E0,8.897293091E0
3.693782982E1,5.818902016E0,-5.221037388E0,2.055403709E0
3.703789692E1,9.377675056E-1,-2.310771942E0,1.716246128E0
3.713796159E1,-2.499793768E0,3.192968369E-1,-8.845455647E-1
3.723802862E1,-3.906985044E0,2.535562515E0,-3.326713085E0
3.733809715E1,-4.073413372E0,4.289888382E0,-5.908876896E0
3.743816435E1,-3.244510174E0,3.535284042E0,-3.707489967E0
3.753822975E1,-2.744908333E0,1.243802071E0,-9.236497879E-1
3.763829458E1,-4.466161728E-1,-9.636144638E-1,4.770511389E-1
3.773836434E1,1.967676401E0,-3.212742805E0,-3.836035728E-2
3.783843324E1,1.437983990E0,-3.589093208E0,4.548913956E0
3.793850097E1,7.674066067E0,-7.704843998E0,7.956358433E0
3.803856544E1,6.383449078E0,-5.465757370E0,2.167922020E0
3.813863227E1,3.672904968E-1,-2.439374924E0,2.249269962E0
3.823869940E1,-2.490210056E0,6.397981644E-1,-1.617760897E0
3.833876623E1,-2.951767206E0,2.274560928E0,-3.946177006E0
3.843883716E1,-2.528405666E0,2.513668060E0,-3.179514647E0
3.853890946E1,-4.020723343E0,4.106243134E0,-3.330943346E0
3.863898639E1,-2.037020206E0,2.152766228E0,-2.707182407E0
3.873905012E1,1.212601662E-1,-2.073796272E0,-3.847703934E-1
3.883911209E1,1.978545189E-1,-2.393986225E0,1.744556546E0
3.893916942E1,2.439777851E0,-3.299475670E0,3.016712666E0
3.903924282E1,6.066261292E0,-6.112684250E0,8.558422089E0
3.913931005E1,7.486582279E0,-5.781094074E0,5.388884544E-1
3.923937718E1,7.143826485E-1,-3.089529753E0,3.197442293E0
3.933943784E1,-3.079953909E0,4.919118881E-1,-8.809134960E-1
3.943950674E1,-3.017293453E0,2.131364346E0,-4.234751701E0
3.953957384E1,-2.168514729E0,3.064453125E0,-5.260105133E0
3.963964370E1,-3.284057617E0,2.793231010E0,-4.320394516E0
3.973970873E1,-8.933806419E-2,1.122385979E0,-2.316048622E0
3.983977693E1,-8.860139847E-1,-1.288169861E0,1.714941621E0
3.993984156E1,8.112001419E-1,-1.768256187E0,1.043220997E0
4.003990899E1,2.802448273E0,-3.838359833E0,3.932502985E0
4.013997573E1,5.677795410E0,-4.796081543E0,7.486371040E0
4.024004833E1,6.393943310E0,-4.590186119E0,1.716016293E0
4.034011572E1,-5.502510071E-2,-1.633265495E0,1.379680395E0
4.044018312E1,-2.855418444E0,5.009055138E-1,-6.653544903E-1
4.054024259E1,-1.790167332E0,2.536006451E0,-5.351307392E0
4.064031285E1,-3.272187233E0,4.013094425E0,-3.772518635E0
4.074037912E1,-5.197926998E0,5.530560493E0,-6.439468384E0
4.084075536E1,-1.871399403E0,7.624273300E-1,-5.553612709E-1
4.094081939E1,-4.184124470E-1,-1.002574921E0,5.820782185E-1
4.104088652E1,1.341225147E0,-2.668980122E0,-4.159736633E-2
4.114094595E1,2.323474407E0,-3.618373871E0,4.590704918E0
4.124101748E1,6.312896252E0,-5.527479172E0,7.345119476E0
4.134108631E1,5.270887852E0,-6.462288380E0,3.259481430E0
4.144115384E1,6.549363136E-1,-2.029279709E0,5.780982971E-1
4.154121508E1,-3.203331470E0,1.027788639E0,-1.816793561E0
4.164128031E1,-3.518804550E0,2.329227448E0,-1.820446849E0
4.174134777E1,-3.132959604E0,3.217717171E0,-4.155800819E0
4.184141614E1,-3.323647499E0,2.895872116E0,-3.707729101E0
4.194148350E1,-1.499782085E0,1.599672318E0,-2.567609787E0
4.204155027E1,-4.423642159E-2,-1.524149895E0,9.437468052E-1
4.214161737E1,9.678206444E-1,-2.658388138E0,1.413990498E0
4.224168816E1,2.569462299E0,-3.601060390E0,3.349838257E0
4.234175480E1,4.197677135E0,-4.464237213E0,7.047087669E0
4.244182233E1,4.608371258E0,-4.463802338E0,2.975140572E0
4.254188666E1,1.138412952E0,-2.521922827E0,1.660184860E0
4.264195309E1,-1.839015961E0,-1.293258667E-1,-7.317371368E-1
4.274201986E1,-2.699028969E0,1.215208054E0,-2.449196100E0
4.284208672E1,-5.095783234E0,4.452412605E0,-2.588493824E0
4.294215438E1,-6.226740360E0,6.105252266E0,-5.886013508E0
4.304222172E1,-1.350459576E0,-3.361768723E-1,-7.275149822E-1
4.314228928E1,-9.775691032E-1,-1.956968307E-1,9.302401543E-1
4.324235728E1,6.950392723E-1,-1.818276405E0,6.197932959E-1
4.334242448E1,1.463623524E0,-2.658680916E0,1.535593271E0
4.344249444E1,3.907883167E0,-4.523613930E0,8.011586189E0
4.354255950E1,6.762370110E0,-4.685716152E0,1.616734982E0
4.364263184E1,1.797552586E0,-3.357497931E0,3.292352438E0
4.374269537E1,-1.659809589E0,-4.575219154E-1,6.822338104E-1
4.384276690E1,-2.817571640E0,8.188409805E-1,-3.627008200E0
4.394283556E1,-3.792670727E0,3.411656380E0,-4.375546455E0
4.404290276E1,-4.649704456E0,4.872970581E0,-5.632996559E0
4.414296709E1,-1.334025145E0,1.005566597E0,-1.419365168E0
4.424302752E1,-4.629971981E-1,-4.963216782E-1,1.533687115E-1
4.434309466E1,4.912137985E-2,-2.890444756E0,6.914491653E-1
4.444316172E1,1.915443897E0,-1.908924103E0,1.185768604E0
4.454322802E1,2.175738335E0,-3.203602791E0,4.546749115E0
4.464329458E1,3.447018623E0,-2.916815519E0,5.566236496E0
4.474336215E1,5.127173901E0,-4.383528233E0,-6.518211365E-1
4.484343015E1,-1.617574692E0,-4.016857147E-1,1.430757523E0
4.494350041E1,-3.013658047E0,1.410313129E0,-1.477064133E0
4.504356715E1,-2.747919321E0,2.420275688E0,-4.390078068E0
4.514363424E1,-4.206851959E0,4.172986984E0,-6.824715614E0
4.524369801E1,-2.043391228E0,1.261809349E0,-9.812976718E-1
4.534376501E1,-1.766886234E0,7.178440094E-1,-1.545194387E0
4.544383187E1,-8.323862553E-1,-1.227315426E0,1.664317369E0
4.554390107E1,1.559090137E0,-2.747006893E0,-4.465242624E-1
4.564396796E1,2.063438892E0,-4.397530556E0,7.777323246E0
4.574403513E1,7.232054710E0,-5.803881645E0,1.736936331E0
4.584410073E1,3.608249664E0,-3.523217440E0,2.213544607E0
4.594416792E1,-9.298872948E-1,-6.173601151E-1,1.622519493E0
4.604423969E1,-2.047296047E0,8.936171532E-1,-1.396843433E0
4.614430602E1,-3.798767567E0,2.918206215E0,-2.417693138E0
4.624437472E1,-4.413994312E0,3.378765106E0,-5.966996193E0
4.634443718E1,-3.044310570E0,4.481249809E0,-2.104270220E0
4.644450668E1,-1.072887182E0,3.772325516E-1,-7.723645568E-1
4.654457074E1,-3.905491829E-1,-1.506577015E0,1.543513775E0
4.664463724E1,2.839679718E-1,-2.695951462E0,2.308125973E0
4.674470314E1,3.307526112E0,-3.480470896E0,1.334579706E0
4.684477270E1,5.450319290E0,-6.288341999E0,1.007702160E1
4.694485150E1,6.767070770E0,-4.644237518E0,-1.901675940E0
4.704491973E1,-7.703204155E-1,-1.450389385E0,2.755355120E0
4.714498630E1,-1.982248306E0,5.502619743E-1,-1.262502670E0
4.724504553E1,-2.980762482E0,2.907029152E0,-3.309310198E0
4.734511219E1,-3.282499313E0,3.578714371E0,-3.395791292E0
4.744517929E1,-3.619633913E0,3.583077431E0,-4.032532215E0
4.754525026E1,-2.001523256E0,1.693388939E0,-1.677296638E0
4.764531639E1,1.629300117E0,-1.078136444E0,-7.927597761E-1
4.774538805E1,3.944149017E-1,-2.505047321E0,2.026650190E0
4.784544822E1,2.248493671E0,-3.122951984E0,2.886436224E0
4.794551718E1,4.206535339E0,-5.761179447E0,7.562882423E0
4.804558081E1,4.239299297E0,-3.624735355E0,1.422604561E0
4.815553194E1,-1.779991627E0,-3.599958420E-1,1.291173935E0
4.825559760E1,-1.344678402E0,1.463757992E0,-2.120031834E0
4.835566403E1,-2.638000250E0,1.732215405E0,-1.059507847E0
4.845573170E1,-1.835503101E0,3.528855801E0,-4.117801189E0
4.855580856E1,-1.151140213E0,1.611811638E0,-2.319995403E0
4.865587986E1,-2.830233574E0,1.408309937E0,-4.506583214E-1
4.875594636E1,-9.177021980E-1,-8.099017143E-1,-1.494841576E-1
4.885600379E1,8.689031601E-1,-3.478628159E0,9.953331947E-1
4.895606702E1,1.269013166E0,-4.086874008E0,6.167544365E0
4.905613386E1,7.410478115E0,-5.774228096E0,5.946815491E0
4.915620442E1,2.892956257E0,-2.660165787E0,2.142148018E0
4.925627132E1,-1.386189222E0,-7.481069565E-1,1.016072750E0
4.935633845E1,-2.781662941E-1,3.047676086E-1,-2.073933363E0
4.945640305E1,-1.636238337E0,1.079884052E0,-2.148411989E0
4.955646918E1,-3.717517376E0,2.362870216E0,-3.578273535E0
4.965653551E1,-5.551100731E0,4.709880829E0,-6.453583717E0
4.975660178E1,-1.960338116E0,6.746149063E-1,-1.189337492E0
4.985667671E1,-9.880661964E-2,-2.022457600E0,1.696227074E0
4.995674480E1,-8.551833630E-1,-3.297246456E0,2.130465031E0
5.005681207E1,1.417311668E0,-2.090277672E0,2.321187019E0
5.015687240E1,-7.087703943E-1,-2.831727028E0,6.623686790E0
5.025693950E1,1.807472229E0,-3.313040733E-1,4.624248505E0
5.035700650E1,2.346742153E0,-9.232034683E-1,1.161783695E0
5.045707366E1,-5.363174677E-1,-5.029187202E-1,1.863222122E-1
5.055714449E1,-5.755282640E-1,4.480381012E-1,-1.296741962E0
5.065721089E1,-2.137816668E0,1.562623024E0,-2.792217493E0
5.075727799E1,-6.477983475E0,5.623888016E0,-6.383936882E0
5.085734162E1,-1.275529623E0,2.586062431E0,-3.928768635E0
5.095740945E1,-5.954335332E-1,-1.005350590E0,2.796263695E-1
5.105747968E1,1.206897736E0,-1.895709515E0,1.210735798E0
5.115754672E1,4.584322572E-1,-2.650739193E0,3.407199383E0
5.125761471E1,2.418394089E0,-3.354379177E0,4.163964272E0
5.135768608E1,1.972803950E0,-2.526785851E0,5.463195324E0
5.145775334E1,2.319113255E0,-1.214694500E0,1.734300613E0
5.155782057E1,-8.906815052E-1,-7.026915550E-1,2.351269722E-1
5.165788187E1,-1.375740051E0,1.087691307E0,-2.679074764E0
5.175794927E1,-3.538757324E0,2.466112137E0,-3.787498713E0
5.185801547E1,-4.398887634E0,5.044388771E0,-6.536917686E0
5.195808250E1,-8.003602028E-1,-5.731916428E-1,-4.756746292E-1
5.205815630E1,3.929271698E-1,-6.665897369E-1,1.718568802E-2
5.215822969E1,8.730283976E-1,-1.993628025E0,2.110058784E0
5.225829666E1,1.223441362E0,-9.184255600E-1,7.796630859E-1
5.235835732E1,1.330426574E0,-1.453611851E0,3.605470657E-1
5.245841909E1,3.195727348E0,-1.766193390E0,7.953502178E0
5.255848258E1,5.355884552E0,-3.510318518E0,1.604706764E0
5.265855178E1,2.640869617E-1,-1.182371140E0,1.161382675E0
5.275861898E1,-1.645466208E0,6.394019127E-1,-1.311728954E0
5.285868858E1,-1.430241823E0,1.890811920E0,-3.141421795E0
5.295875441E1,-3.309331179E0,2.032296181E0,-3.329238415E0
5.305882051E1,-3.827805519E0,2.243917465E0,-2.454817295E0
5.315888884E1,-4.164597988E-1,1.739212036E0,-3.167821646E0
5.325895444E1,-3.801169991E-1,-8.335909843E-1,-6.526231766E-2
5.335902284E1,1.700614452E0,-1.500761509E0,4.694938660E-3
5.345909420E1,2.516189814E0,-3.722299099E0,4.663465500E0
5.355916037E1,5.643865585E0,-2.830046892E0,6.569183350E0
5.365922563E1,2.513368130E0,-1.350634575E0,3.245734692E0
5.375928733E1,1.982882023E-1,-1.186565876E0,1.915371418E0
5.385935939E1,-6.738983393E-1,8.615713120E-1,-2.423079967E0
5.395942799E1,-3.253390312E0,1.343567848E0,-4.172851086E0
5.405950002E1,-1.691520929E0,1.318733215E0,1.485395432E-1
5.415956352E1,-2.565799713E0,4.793801308E-1,2.028348446E0
5.425963575E1,-1.818697214E0,2.236764431E0,-1.653762341E0
5.435969798E1,-1.696161628E-1,-6.189298630E-2,-8.616447449E-4
5.445976502E1,2.996993065E-1,-4.683532715E-1,4.598097801E-1
5.455982885E1,3.576490283E-1,-7.359528542E-1,2.639389038E-1
5.465989591E1,-8.447197676E-1,3.064637184E-1,-2.150621414E-1
5.475996284E1,-5.078842640E-1,7.471361160E-1,-3.246514320E0
5.486002694E1,1.271241426E0,-1.238756657E0,-5.022954941E-1
5.496009457E1,2.349301815E0,-1.892780781E0,-1.026464939E0
5.506016240E1,1.959278464E0,-2.497456551E0,4.863224030E-1
5.516022987E1,1.218319893E0,-2.408680201E0,9.283798218E0
5.526029853E1,3.697160184E-1,-1.332443714E0,6.870003700E0
5.536036506E1,2.056679964E0,1.418533325E-1,-3.264789581E0
5.546086801E1,-2.343763411E-1,-4.635090828E-1,-2.786084175E0
5.556093111E1,-1.407327414E0,-1.706973553E0,-5.238203049E0
5.566099781E1,-3.634696960E0,8.485784531E-1,-2.163472176E0
5.576106520E1,-4.287112236E0,4.746502876E0,-2.685630798E0
5.586113437E1,1.407963753E0,3.129038811E0,9.180831909E-2
5.596120153E1,-1.833300114E0,-5.355428219E0,-1.054752922E1
5.606126787E1,8.952236176E-1,-1.183529377E0,1.598435879E0
5.616133506E1,3.287254810E0,-1.464645863E0,-4.239196777E-1
5.626141073E1,-3.631904125E-1,-3.589905977E0,4.657314777E0
5.636147856E1,6.630250931E0,-4.728456497E0,3.389520645E0
5.646154772E1,3.750634193E0,-2.804396391E0,6.235434055E0
5.656160889E1,1.429848671E-1,-5.095324516E-1,1.375865936E-1
5.666167659E1,-1.822993994E0,-6.027483940E-1,-1.030637741E0
5.676174115E1,-6.593072414E-2,2.289142132E0,-3.196996212E0
5.686180628E1,-1.678236485E0,1.750487804E0,-1.831084251E0
5.696187275E1,-7.859888077E-1,2.447628021E0,-3.060655117E0
5.706194011E1,-4.287684441E0,4.095289230E0,-3.642823458E0
5.716200748E1,8.201844692E-1,6.624555588E-1,-2.120261431E0
5.726207441E1,1.954118013E-1,-9.906487465E-1,-2.958803177E-1
5.736214188E1,1.361095428E0,-1.272390366E0,1.720550060E0
5.746220887E1,1.925294518E0,-2.904941559E0,1.861378193E0
5.756227404E1,2.748291492E0,-6.076305389E0,7.714899063E0
5.766234697E1,4.885656357E0,-2.757406473E0,1.440044880E0
5.776241467E1,-9.202519655E-1,-6.594409943E-1,7.853970528E-1
5.786248373E1,3.481109142E-1,1.657874584E0,-3.096545219E0
5.796254510E1,-2.323007584E0,1.497966766E0,-2.167236328E0
5.806262043E1,-3.443301916E0,2.382952213E0,-2.261670589E0
5.816269093E1,-7.048036456E-1,3.046810627E0,-3.770610332E0
5.826275789E1,-1.699155807E0,5.937881470E-1,-2.029132843E-1
5.836281666E1,-1.747106910E-1,-4.198389053E-1,-2.927112579E-2
5.846288222E1,9.332132339E-2,-1.214986801E0,4.963493347E-1
5.856295115E1,2.129053354E0,-1.972058773E0,9.324126244E-1
5.866301732E1,1.898436666E0,-5.785352230E0,7.459962845E0
5.876308255E1,3.753223181E0,-2.873624325E0,2.437907219E0
5.886314871E1,6.263167858E-1,-1.304255724E0,1.257642746E0
5.896321911E1,-1.170908689E0,9.051871300E-1,-1.413436413E0
5.906328658E1,-1.163356543E0,1.322885513E0,-2.070520401E0
5.916335524E1,-2.274832487E0,1.398155212E0,-1.771362782E0
5.926341971E1,-2.639647722E0,6.192282200E0,-7.072665691E0
5.936348757E1,-2.068358421E0,1.478277206E0,-2.158067226E0
5.946355850E1,-1.243494511E0,-2.436928749E-1,-5.677084923E-1
5.956362344E1,5.399394631E-1,-1.617015362E0,4.573106766E-2
5.966368923E1,2.929861546E0,-2.986689091E0,1.735402584E0
5.976375060E1,2.588123322E0,-5.117560387E0,8.496010780E0
5.986381996E1,4.594920635E0,-3.693771601E0,3.594099045E0
5.996388766E1,1.698150635E0,-2.690510511E0,2.627676964E0
6.006395479E1,-1.557590961E0,-1.513295174E-1,-1.173188686E0
6.016402322E1,-2.601087809E0,1.994354725E0,-3.567864895E0
6.026409042E1,-3.957461357E0,3.257913589E0,-4.195320606E0
6.036415645E1,-2.608061075E0,5.043724060E0,-4.759865761E0
6.046422228E1,-4.133437157E0,3.344440460E-1,-5.789947510E-2
6.056429525E1,1.458768606E0,-4.159526825E-1,-1.630497217E0
6.066436298E1,1.774719238E0,-2.618982792E0,1.446547508E0
6.076443014E1,2.740944862E0,-4.147670746E0,3.954310417E0
6.086449107E1,3.185248375E0,-4.603812218E0,5.265773773E0
6.096456241E1,4.629285812E0,-3.861737967E0,4.973716259E0
6.106462927E1,1.548609018E0,-1.441224098E0,1.800768375E0
6.116469647E1,-1.534621000E0,1.232700348E-1,-1.446272373E0
6.126476347E1,-2.003969193E0,1.567223549E0,-3.319605827E0
6.136483083E1,-2.956706047E0,1.333106041E0,-2.845768213E0
6.146489793E1,-9.630287886E-1,3.793678284E0,-5.480982780E0
6.156496326E1,-4.106562614E0,3.638926506E0,-4.034791946E0
6.166502973E1,-9.961691499E-1,-2.530479431E-2,-8.134069443E-1
6.176509859E1,7.575165629E-1,-1.139400005E0,-1.574172974E-1
6.186516502E1,1.121278048E0,-2.433912277E0,1.211624622E0
6.196523469E1,3.184879541E0,-3.651706934E0,3.974709988E0
6.206529968E1,4.479775429E0,-4.866451263E0,6.807234764E0
6.216536578E1,6.357499123E0,-1.776369095E0,1.534798622E0
6.226543078E1,-1.193005681E0,-1.268653870E-1,-2.775979042E-1
6.236549811E1,-2.657459974E0,1.025161743E0,-1.668342113E0
6.246556437E1,-5.945837498E-1,1.767940044E0,-3.209537029E0
6.256562967E1,-2.886977196E0,3.032299995E0,-3.996207952E0
6.266569817E1,-3.977303743E0,4.325800896E0,-5.119281769E0
6.276571190E1,-1.722211838E0,1.976079941E-1,-1.033756733E0
6.286578186E1,1.705498695E-1,-2.409681320E0,1.223111629E0
6.296584822E1,6.301323891E0,-8.979835510E-1,-5.699048042E-1
6.306591472E1,1.945863008E0,-3.677684307E0,4.098034859E0
6.316598112E1,5.429780006E0,-4.320004463E0,5.719899178E0
6.326604825E1,3.425805330E0,-2.684331179E0,1.261137009E0
6.336611535E1,-6.382541656E-1,-8.999714851E-1,4.540619850E-1
6.346618242E1,-1.235067844E0,9.441571236E-1,-2.280651569E0
6.356624805E1,-2.564655066E0,2.147003174E0,-2.057547092E0
6.366631431E1,-4.450192451E0,4.016561508E0,-4.535941601E0
6.376638478E1,-2.361458778E0,3.704913139E0,-4.858640194E0
6.386645298E1,-8.721549511E-1,1.327569008E0,-1.933790445E0
6.396652201E1,6.762466431E-1,-1.396424294E0,3.610324860E-1
6.406658967E1,1.071350098E0,-1.977772236E0,1.025370598E0
6.416665727E1,1.072171211E0,-2.906797886E0,2.667758942E0
6.426672364E1,8.854486942E-1,-6.316575050E0,9.007873535E0
6.436678667E1,5.705991268E0,-3.337010622E0,2.418680668E0
6.446685343E1,4.787828922E-1,-1.461532593E0,7.098832130E-1
6.456691816E1,-3.472348690E0,6.823811531E-1,-1.189552784E0
6.466698533E1,-7.392760515E-1,1.634114742E0,-3.108184576E0
6.476705486E1,-1.648785591E0,3.779812336E0,-5.537411690E0
6.486712746E1,-4.291259766E0,4.499279976E0,-4.393813610E0
6.485227012E1,-1.218505621E0,-2.147140503E-1,-9.304647446E-1
6.495235356E1,4.816830158E-1,-1.454719067E0,1.110473633E0
6.505241888E1,7.397198677E-2,-4.417284489E0,7.302880764E0
6.515248494E1,2.926170111E0,-3.031045198E0,2.150013447E0
6.525254364E1,-8.806935549E-1,8.932027817E-1,-8.370242119E-1
6.535261274E1,-1.433344126E0,1.084759712E0,-1.683886051E0
6.545268017E1,4.862452745E-1,1.588707447E0,-2.647264957E0
6.555274733E1,-2.215015411E0,2.410449028E0,-2.989348412E0
6.565281780E1,-3.563441992E0,5.019813538E0,-5.027309895E0
6.575288586E1,-1.955181718E0,4.238438606E-1,-9.040822983E-1
6.585295376E1,-5.243707895E-1,3.837637901E-1,-4.211244583E-1
6.595301683E1,-1.459874392E0,-2.036105633E0,1.225435257E0
6.605308302E1,1.287932158E0,-1.656964779E0,2.278055668E0
6.615315026E1,3.076878548E0,-4.210406780E0,4.127631664E0
6.625321899E1,3.333370686E0,-3.968351841E0,5.017771244E0
6.635328645E1,3.573224545E0,-7.381057739E-1,2.661705017E-1
6.645335318E1,-2.366304398E0,-2.551875114E-1,3.941383362E-1
6.655341921E1,-1.200556517E0,1.696685314E0,-1.858466148E0
6.665348665E1,-2.052640915E0,2.111282825E0,-3.049587727E0
6.675355368E1,-3.513285875E0,3.794427395E0,-3.702079535E0
6.685362428E1,-2.788111210E0,2.543556213E0,-1.852580070E0
6.695369021E1,6.974176764E-1,7.242188454E-1,-1.832224846E0
6.705375647E1,7.189165950E-1,-6.517834663E-1,-7.903461456E-1
6.715382040E1,2.040521145E0,-4.458980560E-1,7.245950699E-1
6.725389947E1,2.114711761E0,-3.898979664E0,4.286750317E0
6.735397200E1,3.476527452E0,-5.040543079E0,5.975613594E0
6.745403853E1,4.082245350E0,-1.545619011E0,2.130001545E0
6.755409646E1,-5.684878826E-1,-4.339051247E-1,1.765117645E-1
6.765416029E1,-5.634201765E-1,1.370026588E0,-2.637401581E0
6.775422802E1,-2.955566883E0,2.185057163E0,-2.785199165E0
6.785429332E1,-1.939765811E0,3.383169174E0,-3.611709356E0
6.795436342E1,-2.158190012E0,3.437026024E0,-1.535873890E0
6.805741515E1,-1.240631342E0,5.287542343E-1,-6.163473129E-1
6.815748418E1,7.675373554E-2,-7.128720284E-1,-5.827207565E-1
6.825754808E1,-1.220258474E-1,-1.961605072E0,6.355109215E-1
6.835761694E1,1.885495067E0,-2.289948940E0,1.635979176E0
6.845768364E1,8.883320093E-1,-3.868360758E0,5.487838745E0
6.855774937E1,3.742377758E0,-2.695410252E0,3.916293144E0
6.865782050E1,9.304847717E-1,-2.202315331E0,2.132064342E0
6.875788677E1,-1.316905022E-1,6.366682053E-2,-1.146536827E0
6.885795747E1,-1.726634741E0,1.591672897E0,-2.505354404E0
6.895801940E1,-2.504361391E0,3.691866398E0,-4.469682693E0
6.905808623E1,-3.726247072E0,5.603209019E0,-4.101652145E0
6.915814993E1,-2.803431511E0,1.139698029E0,-5.032496452E-1
6.925822166E1,-7.912864685E-1,-3.848109245E-1,-1.173257828E-2
6.935829499E1,2.347344160E-1,-1.858373165E0,1.072108269E0
6.945836329E1,3.399696827E0,-2.659094810E0,2.578400612E0
6.955842772E1,9.755525589E-1,-5.014530182E0,7.048370361E0
6.965848842E1,5.908940315E0,-1.886644363E0,2.158821583E0
6.975855441E1,3.862183094E-1,-1.906323910E0,1.397440434E0
6.985862158E1,-1.242981195E0,7.424197197E-1,-1.399260044E0
6.995868891E1,-1.346545935E0,1.721303940E0,-2.506842136E0
7.005875434E1,-1.949725986E0,2.137457848E0,-2.853571415E0
7.015882108E1,-3.169591904E0,4.965790272E0,-5.935740948E0
7.025888797E1,-2.293472052E0,1.276219368E0,-1.581206799E0
7.035895707E1,1.473605633E-2,-8.569655418E-1,7.247433662E-1
7.045902394E1,1.150331736E0,-1.619974613E0,7.849798203E-1
7.055909097E1,1.784232140E0,-1.621802330E0,1.045227051E0
7.065915883E1,1.592391610E0,-3.949668884E0,4.389899254E0
7.075922593E1,2.686012745E0,-2.497947216E0,4.266327858E0
7.085929356E1,3.357928991E0,-7.201309204E-1,8.857154846E-2
7.095936243E1,-2.003574610E0,-3.995513916E-2,-3.615064621E-1
7.105942889E1,-2.023056746E0,1.312888145E0,-1.176665783E0
7.115949526E1,-1.496989489E0,1.523492336E0,-1.605088234E0
7.125956029E1,-3.011923552E0,2.641542435E0,-4.165911674E0
7.135962812E1,-1.607728720E0,2.019769669E0,-1.917790890E0
7.145969648E1,-1.441780210E0,4.023265839E-2,-2.795639038E-1
7.155976328E1,-2.361357212E-2,-6.054635048E-1,3.088760376E-2
7.165983041E1,9.007083178E-1,9.465217590E-3,-9.835801125E-1
7.175989675E1,1.453720093E0,-3.662382603E0,3.576607227E0
7.185996484E1,5.484849930E0,-6.118521214E0,8.310173988E0
7.196003074E1,5.283524513E0,-4.767249107E0,3.899416924E0
7.206009644E1,1.240198612E-1,-2.823271990E0,2.141575813E0
7.216016494E1,-5.426123142E-1,5.226802826E-1,-2.357914448E0
7.226023297E1,-3.960600853E0,2.461128712E0,-2.885821342E0
7.236031116E1,-2.146147251E0,6.449301720E0,-6.924973965E0
7.246798630E1,-3.821487665E0,3.566829681E0,-3.828300714E0
7.257438732E1,-1.459080100E0,1.414978981E0,-1.299491405E0
7.268078735E1,1.195777655E-1,-8.906612396E-1,7.056188583E-2
7.279058882E1,2.919145584E0,-3.374771118E0,6.743731499E-1
7.289066105E1,9.211215973E-1,-5.483267784E0,8.596164703E0
7.299072514E1,7.641328812E0,-4.046792984E0,2.029505253E0
7.309079184E1,3.151672602E0,-3.366286278E0,2.966465473E0
7.319085511E1,-1.113496304E0,-6.591110229E-1,-1.915097237E-1
7.329092384E1,-2.121791840E0,1.816787243E0,-3.329552174E0
7.339099137E1,-3.065530539E0,3.155325890E0,-3.923497200E0
7.349105747E1,-3.909607410E0,3.887351990E0,-5.911019325E0
7.359112503E1,-2.347414494E0,2.071582794E0,-3.226907015E0
7.369119793E1,-1.469092607E0,4.258060455E-2,-8.698868752E-1
7.379126506E1,-3.176844120E-2,-1.986716747E0,1.137959003E0
7.389133319E1,1.978726864E0,-2.668027878E0,2.056406975E0
7.399139279E1,3.323760509E0,-5.033794880E0,6.263087273E0
7.409146478E1,3.835312843E0,-5.581072330E0,8.610139847E0
7.419153032E1,4.445937634E0,-2.493708134E0,7.029452324E-1
7.429160515E1,-2.436911106E0,-7.575440407E-1,5.105233192E-1
7.439166775E1,-5.258369446E-1,2.056083202E0,-4.217129230E0
7.449174065E1,-3.906547546E0,3.475927353E0,-3.160514116E0
7.459180214E1,-1.413964748E0,5.241351128E0,-5.169124126E0
7.469186881E1,-1.222281456E0,1.492377281E0,-1.099081516E0
7.479193051E1,-1.623662949E0,-4.344739914E-1,6.447458267E-1
7.489199727E1,1.225559235E0,-1.929114342E0,-2.653200626E-1
7.499206533E1,1.936523438E0,-2.265691757E0,1.494175911E0
7.509213693E1,2.254537821E0,-4.232192993E0,5.798836231E0
7.519220453E1,3.805101156E0,-3.754494667E0,6.151154041E0
7.529227123E1,5.926822662E0,-2.102795601E0,-2.891755104E-1
7.539233332E1,-1.340636253E0,-1.300260544E0,1.627891541E0
7.550217475E1,-1.505505562E0,6.156749725E-1,-1.720586300E0
7.560224521E1,-1.730039239E0,2.122725487E0,-3.816498280E0
7.570231484E1,-5.177124500E0,4.960945129E0,-6.729403496E0
7.580238198E1,-6.289280653E-1,2.840518951E0,-3.965833664E0
7.590244637E1,-1.724101067E0,5.780601501E-2,-2.902722359E-1
7.600251014E1,6.536209583E-1,-1.572631836E0,4.502227306E-1
7.610257650E1,1.805977345E0,-2.228224754E0,1.489151955E0
7.620264417E1,2.491697550E0,-3.635120869E0,6.817381382E0
7.630271733E1,1.820237637E0,-2.596832275E0,6.142363548E0
7.640278523E1,4.407990456E0,-2.128972530E0,3.612003326E-1
7.650285093E1,-1.442085028E0,-3.375377655E-1,3.541440964E-1
7.660291312E1,-2.000294685E0,8.531398773E-1,-1.615499973E0
7.670298002E1,-3.099824905E0,3.065904617E0,-4.734532833E0
7.680304746E1,-4.772334099E0,5.862156868E0,-8.309263229E0
7.690311442E1,-2.966322899E-1,9.820728302E-1,-4.270729065E0
7.700318382E1,-9.006497860E-1,-3.456344604E-1,-6.317932606E-1
7.710325265E1,2.380948067E-1,-1.405985832E0,7.159121037E-1
7.720332018E1,2.389809847E0,-3.602669716E0,3.497364521E0
7.730338551E1,3.374051809E0,-5.757391453E0,8.760238647E0
7.740345211E1,6.044691563E0,-4.032196045E0,2.776398182E0
7.750351921E1,6.130223274E-1,-2.736237049E0,2.118149281E0
7.760358611E1,-1.479726791E0,-2.833380699E-1,-1.133155346E0
7.770365210E1,-2.953226089E0,1.886008263E0,-3.097985506E0
7.780371930E1,-2.681419849E0,3.483810425E0,-4.642940521E0
7.790378637E1,-6.704111099E0,6.359319687E0,-2.687910557E0
7.800385123E1,1.380917788E0,4.315977097E-1,-2.581938744E0
7.810391807E1,-9.019275904E-1,-2.060044765E0,9.254548550E-1
7.820398500E1,1.682064295E0,-3.249946117E0,2.616390705E0
7.830405503E1,3.039127350E0,-2.526346207E0,3.614431858E0
7.840412469E1,3.917222977E0,-5.594902515E0,7.408398151E0
7.850419212E1,3.769507647E0,-2.882514000E0,2.960406303E0
7.860425835E1,4.055881500E-1,-1.719615459E0,1.269160271E0
7.870432315E1,-8.157162666E-1,1.613731384E-1,-1.521588802E0
7.880439029E1,-2.822446108E0,2.487008572E0,-3.771731377E0
7.890445772E1,-4.022044659E0,3.966585159E0,-4.747877121E0
7.900452255E1,-4.329072475E0,4.766199112E0,-5.454575539E0
7.910459368E1,5.779528618E-2,2.099008560E-1,-1.949390411E0
7.920466191E1,-6.432918310E-1,-1.617673397E0,1.210196257E0
7.930474271E1,2.574628592E0,-2.161053658E0,8.016443253E-1
7.940481034E1,2.411966801E0,-3.467816353E0,3.764090061E0
7.950487637E1,3.545076370E0,-5.577377319E0,8.537611961E0
7.960493210E1,4.755743980E0,-3.387229443E0,2.702302933E0
7.970499447E1,-1.664633751E-1,-1.498704910E0,1.072461128E0
7.980506083E1,-1.821867943E0,1.042176723E0,-2.672272444E0
7.990513183E1,-1.773495078E0,2.818066597E0,-4.070518494E0
8.000520126E1,-2.694053173E0,3.406922340E0,-4.047886372E0
8.010526882E1,-3.281433105E0,3.554109573E0,-4.671832085E0
8.020533296E1,-2.166200161E0,1.017704010E0,-1.151493073E0
8.030541062E1,-2.554317713E-1,-1.295456409E0,2.938482761E-1
8.040547922E1,1.607005119E0,-1.635310173E0,5.423772335E-1
8.050554525E1,2.505180120E0,-3.225503922E0,3.138117790E0
8.060559881E1,4.288528442E0,-5.535041332E0,7.637545586E0
8.070566434E1,7.955674648E0,-5.093007088E0,2.784313202E0
8.080573164E1,7.317624092E-1,-2.690149784E0,1.785676956E0
8.090580904E1,-3.617653847E0,1.091999054E0,-1.535506248E0
8.100587630E1,-2.493945122E0,2.599868774E0,-4.226800919E0
8.110594310E1,-2.535121679E0,3.917845726E0,-5.391771793E0
8.120600076E1,-3.391297817E0,3.958876610E0,-4.595049858E0
8.130607166E1,-1.385870457E0,-2.516508102E-1,-2.551057339E-1
8.140613939E1,2.055473328E-1,-1.857442379E0,5.771257877E-1
8.150620676E1,2.948577404E0,-2.817227364E0,1.320319176E0
8.160627035E1,3.056879759E0,-4.773412704E0,5.235035896E0
8.170633735E1,6.729627609E0,-5.656636238E0,4.836397171E0
8.180640692E1,4.582604885E0,-4.984699726E0,3.760139942E0
8.190647381E1,-1.819999218E0,-8.853950500E-1,5.302915573E-1
8.200653918E1,-9.494299889E-1,1.116387367E0,-3.496545553E0
8.210660301E1,-2.922619343E0,2.060392857E0,-2.353483438E0
8.220667047E1,-3.920055389E0,3.856340408E0,-3.884002209E0
8.230673890E1,-1.455390692E0,3.268085480E0,-4.702459335E0
8.240680764E1,-1.925305724E0,-3.454828262E-1,-2.333827019E0
8.250687417E1,-9.646449089E-1,-1.380955219E0,1.798931599E0
8.260694193E1,2.105525970E0,-3.474193096E0,1.600747108E0
8.270700810E1,2.146258354E0,-5.208420277E0,6.740801811E0
8.280723869E1,5.786883831E0,-7.362785816E0,4.846199036E0
8.290730579E1,2.852735043E0,-4.235805511E0,3.364467621E0
8.300737275E1,-1.406582355E0,-2.354683876E-1,2.173709869E-2
8.310743942E1,-1.659733534E0,1.592262745E0,-2.820164919E0
8.320751118E1,-2.427454233E0,2.683816433E0,-2.938716650E0
8.330757861E1,-2.901855946E0,3.861780167E0,-4.077180862E0
8.340764541E1,-2.346268654E0,3.012336731E0,-3.269314051E0
8.350771111E1,-5.982332230E-1,9.642505646E-2,-7.786941528E-1
8.360777837E1,-6.623451710E-1,-1.973355770E0,2.494308472E0
8.370784667E1,1.728540421E0,-2.599783897E0,1.914956808E0
8.380791063E1,2.359671593E0,-3.656068087E0,4.244963169E0
8.390797803E1,4.574073315E0,-5.624276161E0,8.272468567E0
8.400804453E1,2.765201092E0,-3.497009039E0,1.382673740E0
8.410811136E1,-2.265525341E0,1.184638500E0,-2.377295494E-1
8.420817919E1,-4.064064026E-1,7.581977844E-1,-2.849348307E0
8.430824626E1,-2.769873142E0,2.923037529E0,-2.173594952E0
8.440831915E1,-3.882675886E0,5.083243370E0,-5.460839748E0
8.450838502E1,-1.925785303E0,1.952689171E0,-2.418662548E0
8.460845248E1,3.830490112E-1,-3.446512222E-1,-1.831805706E0
8.470851542E1,6.317234039E-2,-2.603976727E0,2.229800463E0
8.480858451E1,1.724824905E0,-3.601006031E0,3.000801563E0
8.490865138E1,3.055658817E0,-4.372124195E0,5.483139992E0
8.500871554E1,5.921893120E0,-5.360476494E0,5.611866474E0
8.510878087E1,3.141176224E0,-2.091339588E0,1.670594215E-1
8.520884804E1,-2.926841259E0,-2.014813423E-1,6.660623550E-1
8.530891690E1,-1.718672752E0,1.722043037E0,-3.697827101E0
8.540898533E1,-2.382673264E0,2.413847446E0,-3.890122890E0
8.550905213E1,-4.685149670E0,3.280506134E0,-2.907344818E0
8.560911930E1,-2.576679707E0,3.088544846E0,-4.299748421E0
8.570918533E1,1.076065302E0,-5.014533997E-1,-1.539200306E0
8.580925256E1,-1.748454571E-1,-2.285718441E0,2.797312021E0
8.590932346E1,4.619884491E-1,-2.295276165E0,2.679224491E0
8.600938869E1,2.679610014E0,-3.351935387E0,3.832201958E0
8.610945659E1,4.020421028E0,-5.502936840E0,8.368563652E0
8.620952102E1,1.799173355E0,-2.675802708E0,2.703695297E0
8.630958981E1,-1.338472843E0,1.468229294E-1,-1.521902800E0
8.640965638E1,-6.664133072E-1,5.522584915E-1,-2.937698603E0
8.650972265E1,-1.290192127E0,1.953421116E0,-3.334823608E0
8.660979258E1,-4.131978512E0,3.477771759E0,-3.246941566E0
8.670986408E1,-3.329896450E0,3.697753906E0,-6.465603828E0
8.680993087E1,1.537297010E0,-1.737300873E0,-1.797031999E0
8.690999547E1,-1.347589135E0,-2.497111797E0,3.483240843E0
8.701999613E1,8.804059029E-2,-2.732679367E0,3.510629177E0
8.712006340E1,2.602357388E0,-2.890629292E0,2.993148804E0
8.722013110E1,5.059696198E0,-4.006486893E0,4.623980999E0
8.732026706E1,2.776663303E0,-2.707821369E0,2.772655964E0
8.742033359E1,-2.206811190E0,-8.909740448E-1,1.244440079E-1
8.752040036E1,-1.402221680E0,1.967079639E0,-3.820048809E0
8.762047192E1,-1.898887038E0,2.909025669E0,-3.990383863E0
8.772054639E1,-2.812667847E0,4.114059448E0,-6.041088104E0
8.782061312E1,-1.615340233E0,1.399018288E0,-1.827260256E0
8.792067578E1,-7.104433179E-1,-7.733654976E-1,1.004657745E-1
8.802073428E1,1.562016606E-1,-1.389205933E0,5.476307869E-1
8.812080151E1,1.193383217E0,-2.110650539E0,1.155147076E0
8.822086877E1,2.499658108E0,-4.468161583E0,5.903367996E0
8.832093730E1,4.944509029E0,-4.625850677E0,5.609482288E0
8.842100453E1,5.134761333E0,-3.320679188E0,3.182033539E0
8.852107223E1,-2.270743370E0,-1.242356300E0,4.833235741E-1
8.862113929E1,-9.100719094E-1,5.607247353E-1,-2.791722059E0
8.872121106E1,-3.250658512E0,3.700589180E0,-6.135942936E0
8.882127756E1,-5.092968941E0,4.739399910E0,-7.188189507E0
8.892134472E1,-1.878967047E0,1.162118912E0,-2.096290350E0
8.902140552E1,1.510279298E0,-1.331586361E0,3.993606567E-2
8.912147235E1,2.471557260E-1,-2.436984062E0,1.938742161E0
8.922154008E1,2.128818512E0,-3.579138279E0,3.736392021E0
8.932160918E1,4.241885185E0,-3.975090027E0,7.972316265E0
8.942167734E1,3.322235584E0,-2.775131226E0,4.436788559E0
8.952174518E1,8.659366369E-1,-7.405419350E-1,5.737829208E-1
8.962181238E1,-1.822244525E0,2.070903778E-2,-8.056144714E-1
8.972187951E1,-8.975923061E-1,1.151114941E0,-2.646317959E0
8.982194644E1,-2.053320885E0,2.315092087E0,-3.382059336E0
8.992201297E1,-3.587617397E0,4.704217911E0,-6.684327602E0
9.002205710E1,-2.887167931E-1,1.109040260E0,-1.764281034E0
9.012212960E1,-7.102565169E-1,-8.124828339E-1,-5.052397251E-1
9.022219773E1,2.270212173E0,-2.300356388E0,4.865946770E-1
9.032227309E1,1.722121716E0,-3.871920347E0,3.850474358E0
9.042233432E1,3.736691475E0,-4.631641388E0,6.085768223E0
9.052240106E1,4.486069202E0,-4.609880447E0,6.118371964E0
9.062246715E1,1.747533441E0,-2.086594582E0,1.791031837E0
9.072253622E1,4.574048519E-2,-9.810018539E-2,-1.602729797E0
9.082260375E1,-1.887147546E0,8.774518967E-1,-2.022772312E0
9.092267015E1,-2.563511848E0,2.596422195E0,-3.979067564E0
9.102274204E1,-3.424319029E0,6.002880096E0,-7.314663887E0
9.112281371E1,4.512070417E-1,7.105836868E-1,-2.470965147E0
9.122287651E1,-2.173764229E0,-9.092154503E-1,6.872062683E-1
9.132293730E1,6.012495756E-1,-2.196823597E0,9.797582626E-1
9.142299953E1,3.784218788E0,-2.647349834E0,1.648705006E0
9.152306723E1,3.214137316E0,-4.720907211E0,6.104423523E0
9.162314040E1,6.409326553E0,-4.974298954E0,6.220539570E0
9.172320779E1,2.509648800E0,-2.692286015E0,2.347241879E0
9.182327902E1,-2.230903149E0,-7.627763748E-1,-2.196650505E-1
9.192333922E1,-8.631222248E-1,1.647017002E0,-4.548303604E0
9.202340392E1,-2.722426176E0,3.606629372E0,-4.574670792E0
9.212346608E1,-2.652407169E0,6.665517807E0,-6.392724991E0
9.222353352E1,6.428252459E-1,-4.689226151E-1,-2.517027378E0
9.232360872E1,-3.275082588E0,-2.207946777E-2,6.173434258E-1
9.242367868E1,-7.707392573E-1,-2.174012661E0,3.087599277E-1
9.252374604E1,2.698572636E0,-4.076711178E0,3.997274637E0
9.262380724E1,3.800853014E0,-5.530994415E0,1.056431770E1
9.272387181E1,7.149419785E0,-4.051856041E0,2.567865849E0
9.282394500E1,1.015523195E0,-2.572557926E0,2.403714180E0
9.292401180E1,-2.050705433E0,5.263791084E-1,-1.020220757E0
9.302408160E1,-2.490560770E0,1.499100685E0,-2.942370415E0
9.312414476E1,-2.861963749E0,4.292082787E0,-5.486678600E0
9.322421172E1,-4.138233662E0,4.552392960E0,-5.306288719E0
9.332427609E1,-1.656030416E-1,7.869100571E-1,-1.692175388E0
9.342434242E1,-7.813045979E-1,-1.467099667E0,1.066755533E0
9.352441015E1,1.551135540E0,-2.399591923E0,8.869647980E-1
9.362447715E1,2.199860573E0,-4.450654030E0,5.140663624E0
9.372454848E1,1.028247452E1,-6.925235748E0,6.638280869E0
9.382461551E1,4.458692074E0,-4.790886402E0,4.986702442E0
9.392468318E1,1.200482845E-1,-1.702480316E0,3.940796852E-1
9.402474268E1,-2.261803389E0,3.602266312E-1,-2.436325073E0
9.412480981E1,-4.309221745E0,3.551499367E0,-2.021774530E0
9.422487664E1,-1.727576852E0,4.029960632E0,-6.620480061E0
9.432494587E1,-2.089008093E0,3.601260185E0,-3.938464403E0
9.442501400E1,-5.025846958E-1,5.457229614E-1,-1.429626942E0
9.452508093E1,-2.897510529E-1,-1.765415668E0,7.658178806E-1
9.462514863E1,2.308833122E0,-3.115364075E0,1.295009851E0
9.472521600E1,1.851038694E0,-4.638710022E0,7.034413815E0
9.482528566E1,8.055544853E0,-5.928997993E0,5.169893265E0
9.492535236E1,5.176173210E0,-4.469491005E0,3.258390903E0
9.502541586E1,-1.727994680E0,-1.351970196E0,5.654320717E-1
9.512548019E1,-1.451718807E0,6.408028603E-1,-2.874109983E0
9.522554772E1,-3.801075220E0,3.883519173E0,-4.627450943E0
9.532561735E1,-2.236412048E0,5.393600464E0,-5.608021736E0
9.542568695E1,-4.608321190E-2,5.471897125E-2,-1.277111769E0
9.552575361E1,-4.658719301E-1,-5.428562164E-1,-1.397490501E-1
9.562582521E1,2.653324604E-1,-1.306353092E0,1.743369341E0
9.572588984E1,3.592309713E0,-2.608536243E0,1.454023361E0
9.582595707E1,2.796281338E0,-5.093829155E0,7.892855167E0
9.592602027E1,5.482755661E0,-3.863655806E0,2.653947353E0
9.602608556E1,2.107773304E0,-3.322176456E0,3.167506695E0
9.612615690E1,-1.443511724E0,-7.666587830E-1,-2.034177780E-1
9.622622346E1,-2.710033417E0,1.644104004E0,-2.993320704E0
9.632629589E1,-4.166279316E0,4.283711433E0,-5.398514271E0
9.642635839E1,-4.969420433E0,5.958338737E0,-5.651270866E0
9.652642539E1,1.639909744E0,6.806325912E-1,-3.992236853E0
9.662649555E1,-1.097729206E0,-2.545093536E0,6.767311096E-1
9.672656291E1,2.057909966E-2,-1.650928020E0,1.264051676E0
9.682663231E1,3.412691593E0,-3.507868290E0,2.159292221E0
9.692669854E1,2.493588448E0,-5.393764973E0,1.016178513E1
9.702676980E1,8.235282898E0,-4.589806557E0,6.693491936E-1
9.712683560E1,-1.025629520E0,-2.092822552E0,3.152266026E0
9.722690366E1,-1.456559181E0,3.321189880E-1,-1.646787405E0
9.732735640E1,-1.573179007E0,1.225917816E0,-3.083118439E0
9.742742783E1,-3.516656876E0,3.045585632E0,-3.920502186E0
9.752748902E1,-5.280207634E0,3.954277039E0,-5.489104271E0
9.762755615E1,1.091334820E0,3.050565720E-1,-2.837902784E0
9.772762075E1,-5.031380653E-1,-2.090650082E0,1.643048525E0
9.782768755E1,2.682946682E0,-2.528683662E0,4.689824581E-1
9.792775995E1,2.299576521E0,-4.065687180E0,5.305213451E0
9.802782578E1,7.605291843E0,-5.929491043E0,7.057038784E0
9.812789361E1,7.113310814E0,-5.728262424E0,3.057551861E0
9.822795604E1,-1.251680613E0,-1.304155350E0,4.119200706E-1
9.832802197E1,-2.669528008E0,2.407693863E-1,-1.514208317E0
9.842808850E1,-2.144077301E0,2.367308617E0,-4.943865299E0
9.852815567E1,-4.960818291E0,4.603812218E0,-4.515529633E0
9.862822283E1,-4.719580650E0,3.280178070E0,-1.832682848E0
9.872829096E1,2.673903942E0,-6.418237686E-1,-3.178800821E0
9.882835756E1,1.060895920E-1,-2.486956596E0,2.814792156E0
9.892842469E1,1.686239719E0,-3.083145142E0,2.428861141E0
9.902848879E1,2.446456432E0,-4.243235588E0,6.271667957E0
9.912855816E1,6.477065086E0,-4.175339699E0,4.802183628E0
9.922862532E1,5.073950291E0,-3.667960167E0,1.037174225E0
9.932869492E1,-1.685463190E0,-3.303260803E-1,-1.242389679E-1
9.942876598E1,-3.408219814E0,1.802508354E0,-2.788978815E0
9.952883451E1,-2.679462910E0,3.110106468E0,-4.744983673E0
9.962890154E1,-3.287527084E0,3.992528915E0,-4.489930153E0
9.972896841E1,-2.461785793E0,3.172336578E0,-4.703060150E0
9.982903414E1,-3.286590576E-1,-6.004877090E-1,3.291389942E-1
9.992910097E1,8.055305481E-2,-1.090193272E0,4.633369446E-1
1.000291610E2,1.267659903E0,-2.305526733E0,2.271516323E0
1.001292290E2,2.562792778E0,-3.542799473E0,5.072329044E0
1.002292969E2,4.185354233E0,-4.281498909E0,8.203414917E0
1.003293653E2,4.316668987E0,-3.185377598E0,9.844088554E-1
1.004294318E2,-1.883374214E0,-2.378416061E-1,7.176876068E-2
1.005294984E2,-1.965264797E0,1.597012997E0,-2.044910669E0
1.006295681E2,-2.653290272E0,2.887436867E0,-4.074097157E0
1.007296343E2,-2.588343620E0,4.522413254E0,-5.936537743E0
1.008297015E2,-1.272987485E0,3.653125763E-1,-2.135186195E-1
1.009297658E2,-1.130734563E0,-1.031675339E-1,3.035554886E-1
1.010298315E2,-3.327369690E-1,-1.571064949E0,1.381062508E0
1.011298982E2,3.160581589E0,-2.931813240E0,8.274607658E-1
1.012299656E2,1.535287857E0,-4.813611984E0,1.048053265E1
1.013300373E2,5.964914322E0,-3.471952915E0,-4.994869232E-2
1.014301066E2,1.434395313E0,-2.138085365E0,2.117489815E0
1.015301737E2,-2.605295181E-2,-8.928780556E-1,-4.211044312E-1
1.016302382E2,-3.509965420E0,1.935019016E0,-2.193104982E0
1.017303032E2,-3.449899197E0,3.309778214E0,-4.017172813E0
1.018303702E2,-2.340490818E0,5.363515854E0,-8.598808289E0
1.019304380E2,-8.515999317E-1,7.551298141E-1,-1.735336781E0
1.020305095E2,-1.086343527E0,-6.636629105E-1,-1.172726154E-1
1.021305771E2,-1.964271069E-1,-1.937823772E0,1.289823532E0
1.022306437E2,2.272612810E0,-3.667334080E0,3.907292128E0
1.023307078E2,3.892917633E0,-4.915164471E0,7.351917744E0
1.024307794E2,5.417562962E0,-4.325829029E0,3.619392395E0
1.025308464E2,1.886448383E0,-3.304744959E0,2.912713528E0
1.026309126E2,-1.537622690E0,-1.463966370E-1,-1.445260286E0
1.027309771E2,-3.341695070E0,1.856515884E0,-2.863241673E0
1.028310445E2,-5.302059174E0,7.438427925E0,-4.681018353E0
1.029311161E2,-5.650562286E0,4.392943382E0,-6.686329365E0
1.030311812E2,-1.843370318E0,2.913036346E-1,-1.540936589E0
1.031312475E2,1.179369926E0,-1.636221409E0,-9.427187443E-1
1.032313100E2,1.309719563E0,-2.815808773E0,2.457572222E0
1.033313771E2,3.997182846E0,-4.928584099E0,6.415788174E0
1.034314452E2,7.200687885E0,-4.249950409E0,3.661008835E0
1.035315157E2,4.289100647E0,-3.850965738E0,3.292839527E0
1.036315829E2,-1.681487083E0,-7.950882912E-1,3.702931404E-1
1.037316507E2,1.836981773E-1,7.111949921E-1,-4.086283684E0
1.038317145E2,-3.308543205E0,2.180035591E0,-1.858121634E0
1.039317852E2,-2.835738659E0,4.050415993E0,-4.523256302E0
1.040318496E2,-6.021518707E0,4.858061790E0,-6.129808426E-1
1.041319163E2,7.061910629E-2,-6.391239166E-2,-1.214756727E0
1.042319854E2,-1.306334496E0,-1.816609859E0,1.973097801E0
1.043320548E2,2.138768911E0,-3.961530685E0,2.476181507E0
1.044321220E2,3.184888363E0,-3.427599430E0,1.999813557E0
1.045321827E2,7.692776680E0,-5.190344334E0,3.835461617E0
1.046323048E2,4.987452030E0,-4.768295765E0,2.971376419E0
1.047323794E2,1.676565170E0,-3.142042637E0,1.652858257E0
1.048324465E2,-2.440145731E0,4.016008377E-1,-1.169952154E0
1.049325133E2,-3.693591118E0,2.045446396E0,-2.064615011E0
1.050325714E2,-5.439508915E0,5.755948544E0,-4.589994907E0
1.051326394E2,-4.533766747E0,5.130118370E0,-5.377598763E0
1.052327095E2,-1.085898995E0,4.777469635E-1,-8.895521164E-1
1.053327793E2,6.764724255E-1,-1.293028355E0,-2.979772091E-1
1.054328471E2,2.691212177E0,-2.464512348E0,-4.503369331E-2
1.055329116E2,2.434346676E0,-3.790991783E0,4.741954803E0
1.056329780E2,8.554498672E0,-7.125432968E0,7.297179222E0
1.057330442E2,4.704685211E0,-4.133571625E0,2.679999828E0
1.058331120E2,-9.823117256E-1,-1.421918392E0,1.173878193E0
1.059331789E2,-1.826015234E0,4.297370911E-1,-1.487054586E0
1.060332451E2,-2.978873253E0,2.412119865E0,-3.221558094E0
1.061333105E2,-4.500033379E0,5.496114731E0,-8.286317825E0
1.062333778E2,-4.326196671E0,3.067795753E0,-1.860637665E0
1.063334470E2,3.800487518E-2,-3.812475204E-1,-1.598389387E0
1.064335151E2,2.400792360E0,-3.191184998E0,1.366033792E0
1.065335823E2,1.275859594E0,-3.877386570E0,4.057781696E0
1.066336488E2,1.437684536E0,-5.076026440E0,7.009337425E0
1.067337164E2,2.867972612E0,-3.945912123E0,6.941606522E0
1.068337835E2,6.336809397E-1,-1.521708012E0,1.932034016E0
1.069338504E2,-7.991477251E-1,-1.936936378E-1,-6.264843941E-1
1.070339157E2,-1.900718331E0,4.454107285E-1,-1.115314484E0
1.071339828E2,-1.853447914E0,2.041262627E0,-3.266242504E0
1.072340502E2,-3.880131483E0,4.734233856E0,-5.648025513E0
1.073341187E2,-3.311881304E0,1.239791870E0,-3.184448004E0
1.074341926E2,-1.729928493E0,-8.711814880E-2,-1.613521814E0
1.075342598E2,1.393923283E0,-2.377338409E0,1.516024113E0
1.076343300E2,2.961626768E0,-3.942286968E0,4.144933701E0
1.077343910E2,2.936972857E0,-4.684376240E0,6.752974033E0
1.078344577E2,4.348192215E0,-3.802495718E0,6.875179768E0
1.079345217E2,3.142423153E0,-1.941792488E0,1.718976021E0
1.080345861E2,-1.292799592E0,-7.823991776E-1,6.270313263E-2
1.081346537E2,-9.533168077E-1,5.743856430E-1,-2.282326221E0
1.082347212E2,-5.260565758E0,3.156513214E0,-4.387231827E0
1.083347911E2,-2.680702686E0,6.373615265E0,-7.730053902E0
1.084348583E2,-3.230163574E0,4.898033142E-1,-1.488556385E0
1.085349268E2,-1.979826808E0,-1.040278435E0,9.714694023E-1
1.086350037E2,3.321903944E-1,-2.875244617E0,-1.863059998E-1
1.087350706E2,3.198183060E0,-1.652070999E0,2.330668449E0
1.088351360E2,4.214002609E0,-4.012390137E0,5.180949688E0
1.089351982E2,4.454751015E0,-5.841535091E0,6.665356159E0
1.090352635E2,1.154564381E0,-1.691206932E0,1.058378696E0
1.091353303E2,-1.886941433E0,-8.698415756E-2,-1.076119900E0
1.092353919E2,-1.491072893E0,1.913350582E0,-3.622355938E0
1.093354625E2,-3.286970139E0,3.399106979E0,-4.247362137E0
1.094355300E2,-4.286992073E0,5.681467056E0,-6.824792862E0
1.095355978E2,-1.635914564E0,5.855436325E-1,-1.563243508E0
1.096356634E2,7.983431816E-1,-1.597491741E0,2.653162479E-1
1.097357305E2,1.941861629E0,-2.828400612E0,1.344533443E0
1.098357966E2,2.859999418E0,-3.651723862E0,4.496168137E0
1.099358629E2,4.871883392E0,-4.172815800E0,7.446204662E0
1.100359278E2,4.879185677E0,-3.461342096E0,2.643846989E0
1.101359955E2,6.102237701E-1,-1.501396179E0,9.972338676E-1
1.102360641E2,-1.801206350E0,-2.591004372E-1,-9.802670479E-1
1.103361333E2,-2.368238211E0,1.337303162E0,-3.322957993E0
1.104362000E2,-3.955852509E0,3.782813072E0,-5.838274479E0
1.105362664E2,-5.351741314E0,4.429988861E0,-5.889868736E0
1.106363342E2,-5.908264518E-1,8.667354584E-1,-2.604166746E0
1.107364017E2,-1.014186144E0,-1.841405869E0,1.052244902E0
1.108364691E2,3.252254248E0,-2.883908749E0,9.305305481E-1
1.109365396E2,4.529476166E0,-4.561061382E0,5.707129478E0
1.110366051E2,6.412178993E0,-6.046824932E0,8.501310349E0
1.111366765E2,5.788676262E0,-3.279290915E0,2.727085590E0
1.112367416E2,-8.591523170E-1,-1.808525562E0,8.853678703E-1
1.113368099E2,-2.006722927E0,4.763312340E-1,-2.276550293E0
1.114368727E2,-2.752756119E0,2.047141075E0,-3.801014185E0
1.115369399E2,-2.563574553E0,4.253504753E0,-4.049141407E0
1.116370104E2,-4.258686066E0,3.839851379E0,-4.381483078E0
1.117370773E2,8.567611575E-1,3.067846298E-1,-2.672674179E0
1.118371424E2,-7.082228065E-1,-2.099771976E0,2.108916044E0
1.119372832E2,3.570740700E0,-2.876976490E0,1.875389099E0
1.120373491E2,2.376219034E0,-4.816315651E0,8.609182358E0
1.121374159E2,6.672618866E0,-3.651432753E0,5.707097530E0
1.122374829E2,3.253792763E0,-3.113212109E0,3.002871990E0
1.123375534E2,-2.506172657E0,-6.297078133E-1,-3.272557259E-1
1.124376211E2,-2.119950771E0,9.406223297E-1,-3.443462849E0
1.125376885E2,-2.437870502E0,2.900562286E0,-4.692517281E0
1.126377535E2,-5.614530563E0,5.286458969E0,-6.601819992E0
1.127378210E2,9.441804886E-1,2.017269135E-1,-3.474832296E0
1.128378883E2,-2.360488415E0,-1.114329338E0,1.582865238E0
1.129379549E2,1.702027798E0,-1.901028156E0,7.648215294E-1
1.130380196E2,2.424184799E0,-3.470134735E0,4.026662350E0
1.131380861E2,3.395004749E0,-4.709480286E0,5.607146740E0
1.132381549E2,3.409526825E0,-3.678353071E0,6.172240257E0
1.133382235E2,2.424990177E0,-2.206083775E0,1.945223331E0
1.134382912E2,-2.996418476E-1,-1.057466507E0,-8.211359978E-1
1.135383577E2,-2.491372824E0,1.747464180E0,-4.026303291E0
1.136384251E2,-3.405791283E0,4.169662476E0,-6.523182869E0
1.137384923E2,-5.563360214E0,4.392320633E0,-5.467047691E0
1.138385659E2,-1.995634437E0,1.999183655E0,-2.720692158E0
1.139386324E2,-7.449091673E-1,-9.866304398E-1,4.588878155E-1
1.140386984E2,4.395583153E0,-1.928925514E0,-3.438086510E-1
1.141387589E2,2.711663008E0,-3.562289715E0,4.326252460E0
1.142388277E2,8.637518883E0,-6.386083126E0,8.322917938E0
1.143388961E2,5.484869480E0,-3.339003563E0,1.857510567E0
1.144389633E2,-1.372646332E0,-1.670648098E0,2.213251591E0
1.145390298E2,-4.414792061E-1,1.837315559E-1,-2.711309433E0
1.146390969E2,-3.379337788E0,2.229383469E0,-3.461978674E0
1.147391635E2,-4.390306473E0,4.427623749E0,-5.514719963E0
1.148392302E2,-6.541018963E0,4.361124039E0,-4.069029331E0
1.149392966E2,6.593346596E-3,-2.679080963E-1,-2.078263760E0
1.150393639E2,1.729549885E0,-2.680729389E0,-4.828784466E-1
1.151394312E2,1.210374117E0,-3.598605633E0,2.865036011E0
1.152395025E2,2.674200773E0,-5.299320221E0,8.443234444E0
1.153395701E2,9.975494385E0,-5.920808315E0,2.649009228E0
1.154396375E2,1.751787901E0,-2.671035767E0,2.885855675E0
1.155397015E2,-1.267967224E0,-5.826959610E-1,-1.305031776E-1
1.156397685E2,-1.235709429E0,3.234267235E-1,-2.177064896E0
1.157398352E2,-3.190682411E0,2.057842255E0,-2.673151493E0
1.158399014E2,-3.660794973E0,4.014571190E0,-6.354712963E0
1.159399684E2,-2.083527327E0,3.018809319E0,-4.469016075E0
1.160400343E2,1.797080040E-2,-3.459234238E-1,-2.876327038E-1
1.161401018E2,-2.448573112E-1,-2.061150074E0,2.101517439E0
1.162401759E2,7.492051125E-1,-1.772415161E0,2.248292685E0
1.163402453E2,4.364141941E0,-4.596424103E0,6.246366501E0
1.164403121E2,7.292957306E0,-5.763219833E0,1.009602547E1
1.165403725E2,5.425952435E0,-2.811711788E0,-4.222884178E-1
1.166404397E2,-3.200515747E0,-4.251041412E-1,1.089083195E0
1.167405068E2,-1.200374126E0,9.443864822E-1,-3.258571625E0
1.168405758E2,-2.592286587E0,2.369411469E0,-3.280095100E0
1.169406420E2,-2.892993450E0,3.458177567E0,-6.283390522E0
1.170407069E2,-2.278116703E0,1.894764900E0,-2.898481846E0
1.171407720E2,-7.675681114E-1,-1.613006592E-1,-6.418075562E-1
1.172408394E2,8.664681911E-1,-1.688577175E0,1.706759930E-1
1.173409090E2,1.978563309E0,-3.295583725E0,2.399198055E0
1.174409761E2,3.600523233E0,-5.325314999E0,8.126451492E0
1.175410438E2,6.135821819E0,-4.267492771E0,3.733699799E0
1.176411173E2,2.504318714E0,-2.830877781E0,2.015252113E0
1.177411864E2,-1.757276297E0,-4.944005013E-1,3.193993568E-1
1.178412530E2,-1.943190098E0,9.811205864E-1,-3.345081329E0
1.179413150E2,-2.947253227E0,2.096291542E0,-2.763941765E0
1.180413792E2,-5.909069061E0,5.273564339E0,-7.721618652E0
1.181414479E2,4.986495972E-1,2.308473587E-1,-2.562241554E0
1.182415167E2,-5.824627876E-1,-7.968044281E-1,3.134794235E-1
1.183415853E2,1.485154629E-1,-2.056051731E0,1.757705212E0
1.184416546E2,2.971672535E0,-3.607364178E0,2.452105522E0
1.185417188E2,4.139027596E0,-4.589653015E0,9.276755333E0
1.186417856E2,5.700285912E0,-4.346210957E0,3.060392380E0
1.187418503E2,1.325429916E0,-2.062942982E0,1.388403416E0
1.188419174E2,-2.283838034E0,7.489252090E-2,-1.488723755E-1
1.189419837E2,-2.126275778E0,1.171254635E0,-2.836590290E0
1.190420478E2,-3.469543934E0,3.484501839E0,-5.207889080E0
1.191423953E2,-3.814888477E0,4.749168396E0,-6.666804314E0
1.192424642E2,-8.727035522E-1,3.299646378E-1,-1.733272791E0
1.193425381E2,-2.964104414E0,-1.183159351E0,-1.139236569E0
1.194426051E2,1.301475763E0,-2.935607910E0,1.976078272E0
1.195426720E2,4.059449196E0,-4.254024506E0,3.310307503E0
1.196427346E2,3.589434147E0,-5.256938934E0,8.570808411E0
1.197428099E2,3.859570026E0,-3.820816755E0,4.223492146E0
1.198428760E2,8.421831131E-1,-2.113186836E0,8.502502441E-1
1.199429423E2,-2.259621859E0,3.606319427E-2,-6.657755375E-1
1.200429999E2,-3.550540447E0,2.454399109E0,-3.338293076E0
1.201430674E2,-3.472033978E0,3.119658470E0,-4.077946663E0
1.202431409E2,-4.130599976E0,4.535386086E0,-5.622123718E0
1.203432095E2,-1.108243465E-1,2.064676285E-1,-1.793744683E0
1.204432766E2,-2.142815113E0,-1.073739052E0,2.468642712E0
1.205433380E2,2.773574352E0,-3.434488297E0,1.675316811E0
1.206434050E2,3.716449261E0,-3.096038342E0,2.675115347E0
1.207434722E2,4.967626572E0,-4.728713989E0,6.458955765E0
1.208435396E2,3.639897346E0,-3.617337704E0,2.865731239E0
1.209436065E2,1.224598885E-1,-1.529200554E0,8.062167168E-1
1.210436789E2,-8.260574341E-1,2.304067612E-1,-2.316403151E0
1.211437459E2,-3.946570396E0,2.296480656E0,-1.863044977E0
1.212438131E2,-3.924235106E0,4.947860718E0,-6.354692936E0
1.213438773E2,-2.754145145E0,3.075725555E0,-5.246246815E0
1.214439455E2,-3.439181566E0,8.080244064E-1,-2.789020538E-3
1.215440156E2,9.619178772E-1,-1.090947628E0,-1.738972902E0
1.216440803E2,1.443186283E0,-2.534815788E0,1.053287745E0
1.217441463E2,2.484290123E0,-5.078661919E0,8.474203110E0
1.218442129E2,8.866871834E0,-6.405157089E0,4.809032440E0
1.219442794E2,4.878552437E0,-4.253519058E0,3.412894249E0
1.220443447E2,-1.040921211E-1,-1.665813923E0,9.080328941E-1
1.221444092E2,-1.791118145E0,6.837472916E-1,-2.561448812E0
1.222444767E2,-3.847275734E0,2.723265648E0,-3.360092640E0
1.223445470E2,-3.876929045E0,4.272262573E0,-8.124789238E0
1.224446145E2,-2.934910297E0,2.780599594E0,-3.232707262E0
1.225446819E2,-1.658610463E0,1.803789139E-1,-3.594254255E-1
1.226447475E2,4.129998684E-1,-2.162393570E0,9.309427738E-1
1.227448146E2,3.016596794E0,-4.113893509E0,1.403727055E0
1.228448829E2,2.811890602E0,-4.486242294E0,6.563216686E0
1.229449497E2,6.903122902E0,-5.533762932E0,6.568953991E0
1.230450153E2,2.437532902E0,-3.282726288E0,1.994551182E0
1.231450813E2,-2.078232527E0,3.056335449E-2,-3.876013756E-1
1.232451532E2,-1.832735777E0,1.323768616E0,-3.436597347E0
1.233452241E2,-2.499967575E0,2.177097321E0,-2.854603052E0
1.234452949E2,-2.921369553E0,3.627042770E0,-4.694519043E0
1.235453609E2,-2.985928059E0,3.304304123E0,-4.740495205E0
1.236454269E2,-4.186253548E-1,-9.003190994E-1,6.978119612E-1
1.237454902E2,7.159538269E-1,-2.189249992E0,1.474607468E0
1.238455567E2,2.303319931E0,-3.284695625E0,3.395826817E0
1.239456220E2,3.804495811E0,-4.900314331E0,6.639052391E0
1.240456888E2,5.636253357E0,-5.637090206E0,6.346879959E0
1.241457574E2,6.446528435E-1,-2.200415611E0,1.758697033E0
1.242458250E2,-1.757831097E0,1.004867554E-1,-8.565461636E-1
1.243458926E2,-2.474553823E0,1.429200172E0,-2.304300785E0
1.244459593E2,-2.751756191E0,2.696660995E0,-3.452704906E0
1.245460264E2,-3.584036589E0,4.470988274E0,-3.732868195E0
1.246460959E2,-1.565903783E0,1.863237381E0,-1.359880447E0
1.247461602E2,-7.519040108E-1,-6.436510086E-1,5.056548119E-1
1.248462318E2,-2.163558006E-1,-1.648023129E0,7.405202389E-1
1.249462943E2,2.267344475E0,-3.328803062E0,1.415938616E0
1.250463591E2,4.824269295E0,-5.948519230E0,7.034603119E0
1.251464221E2,5.899299145E0,-3.533890963E0,2.066544056E0
1.252464932E2,1.589461803E0,-3.140052795E0,3.524320602E0
1.253465633E2,-9.706506729E-1,-8.742189407E-1,-9.329891205E-2
1.254466303E2,-1.621433735E0,6.543560028E-1,-2.808270454E0
1.255467018E2,-4.530228138E0,2.672986031E0,-2.598966599E0
1.256467682E2,-7.006958008E0,4.829479218E0,-7.217368603E0
1.257468350E2,-2.409828901E0,1.118152618E0,-1.887928605E0
1.258468966E2,-2.037205696E-1,-8.404426575E-1,-1.108103395E0
1.259469681E2,5.188214779E-1,-2.458091736E0,1.962966442E0
1.260470339E2,2.800504684E0,-3.873043537E0,4.563073158E0
1.261470998E2,4.159555435E0,-4.159150124E0,7.206363201E0
1.262471627E2,2.750877380E0,-5.056964397E0,5.838882923E0
1.263472338E2,1.674507618E0,-2.379434109E0,1.331926346E0
1.264570944E2,-1.659519911E0,-2.840642929E-1,-5.121121407E-1
1.265571695E2,-2.311455250E0,1.452221870E0,-3.650662899E0
1.266572394E2,-4.518379688E0,4.293614388E0,-6.322527409E0
1.267573062E2,-6.919279099E0,5.655839920E0,-4.238001823E0
1.268573644E2,-7.208998203E-1,-2.661933899E-1,-2.235225201E0
1.269574261E2,-4.581177235E-1,-1.388950825E0,5.596485138E-1
1.270574917E2,1.951614618E0,-2.578403950E0,4.916620255E-1
1.271575597E2,2.566751957E0,-4.070990562E0,5.058561802E0
1.272576284E2,4.908255100E0,-3.199512482E0,5.219518661E0
1.273576971E2,4.462456703E0,-3.729318857E0,2.853364468E0
1.274577635E2,-4.049873352E-1,-1.669550896E0,2.063480854E0
1.275578341E2,-2.151589394E0,4.387187958E-2,-5.306167603E-1
1.276579013E2,-1.792940140E0,1.420781612E0,-4.137364388E0
1.277579709E2,-5.223085403E0,4.993265152E0,-5.460453033E0
1.278580335E2,-4.728697777E0,4.792838097E0,-5.530383110E0
1.279580991E2,-1.127242327E0,3.408956528E-1,-1.613222837E0
1.280581654E2,-5.183267593E-2,-2.016569614E0,1.079407215E0
1.281582327E2,1.992544413E0,-3.757233620E0,2.873703957E0
1.282583054E2,2.285351276E0,-4.480428219E0,6.764543533E0
1.283583709E2,6.431872368E0,-4.908849239E0,4.506682396E0
1.284584448E2,1.115198612E0,-2.323250771E0,1.805615902E0
1.285585079E2,-1.161343575E0,-1.109452248E-1,6.742095947E-1
1.286585849E2,-1.193327904E-1,-4.571437836E-2,-1.993261576E0
1.287586534E2,-1.914653778E0,1.241744041E0,-2.660979271E0
1.288587205E2,-4.180444241E0,3.581040382E0,-4.342786312E0
1.289587761E2,-4.553634644E0,4.834499359E0,-6.216125488E0
1.290588345E2,-2.166078329E0,1.303860664E0,-1.859287024E0
1.291589059E2,-5.857782364E-1,-1.191749096E0,1.033974648E0
1.292589803E2,2.185880661E0,-2.928347111E0,9.875142574E-1
1.293590478E2,2.306827545E0,-4.106987476E0,6.135483742E0
1.294591108E2,7.275632381E0,-5.853063107E0,7.250109196E0
1.295591729E2,4.059842110E0,-3.671705961E0,1.220906734E0
1.296592463E2,-1.912483215E0,2.992830276E-1,-2.093162537E-1
