"Time (s)","Illuminance (lx)"
1.052910000E-1,1.710000000E2
1.652890000E-1,5.700000000E1
3.456993380E-1,1.710000000E2
5.256783380E-1,1.700000000E2
7.056543380E-1,1.680000000E2
8.856323380E-1,1.690000000E2
1.245595338E0,1.680000000E2
1.425639221E0,1.610000000E2
1.605617221E0,1.530000000E2
1.785594221E0,1.500000000E2
1.965572221E0,1.530000000E2
2.145549221E0,1.550000000E2
2.325531221E0,1.560000000E2
2.505508221E0,1.530000000E2
2.865462221E0,1.470000000E2
3.045440221E0,1.340000000E2
3.225416221E0,1.270000000E2
3.585381221E0,1.220000000E2
3.765359221E0,1.180000000E2
3.945336221E0,1.190000000E2
4.125314221E0,1.220000000E2
4.305291221E0,1.240000000E2
4.485690104E0,1.150000000E2
4.665666104E0,9.800000000E1
4.845645104E0,1.290000000E2
5.025621104E0,1.400000000E2
5.205597104E0,1.430000000E2
5.565562104E0,1.400000000E2
5.925516104E0,1.370000000E2
6.105495104E0,1.400000000E2
6.285471104E0,1.350000000E2
6.465450104E0,1.220000000E2
6.645430104E0,1.160000000E2
6.825408104E0,1.180000000E2
7.005385104E0,1.280000000E2
7.185363104E0,1.350000000E2
7.365339104E0,1.360000000E2
7.545318104E0,1.260000000E2
7.725304104E0,1.190000000E2
7.905282104E0,1.290000000E2
8.085258104E0,1.310000000E2
8.265237104E0,1.380000000E2
8.445213104E0,1.320000000E2
8.805175718E0,1.360000000E2
8.985153718E0,1.400000000E2
9.165130718E0,1.430000000E2
9.345108718E0,1.390000000E2
9.525084718E0,1.360000000E2
9.705064718E0,1.320000000E2
9.885050718E0,1.300000000E2
1.024500572E1,1.250000000E2
1.042498072E1,1.220000000E2
1.060496072E1,1.270000000E2
1.078493672E1,1.370000000E2
1.096492472E1,1.410000000E2
1.114490072E1,1.360000000E2
1.150485572E1,1.390000000E2
1.168483472E1,1.440000000E2
1.186492322E1,1.490000000E2
1.204490522E1,1.460000000E2
1.222488122E1,1.300000000E2
1.240486022E1,1.280000000E2
1.258483622E1,1.270000000E2
1.276481522E1,1.280000000E2
1.294479122E1,1.140000000E2
1.312478022E1,1.070000000E2
1.330475622E1,1.200000000E2
1.348473522E1,1.220000000E2
1.366471122E1,1.200000000E2
1.384469022E1,1.160000000E2
1.402466722E1,1.060000000E2
1.420465522E1,1.050000000E2
1.438463022E1,1.080000000E2
1.456460922E1,1.160000000E2
1.474458622E1,1.320000000E2
1.492456122E1,1.290000000E2
1.510454022E1,1.120000000E2
1.528452022E1,1.090000000E2
1.546449822E1,1.170000000E2
1.564447522E1,1.140000000E2
1.582445322E1,1.070000000E2
1.600451352E1,1.010000000E2
1.618449152E1,1.050000000E2
1.636447752E1,1.080000000E2
1.654445552E1,1.090000000E2
1.672443252E1,1.080000000E2
1.690441052E1,1.130000000E2
1.708438652E1,1.190000000E2
1.726436552E1,1.240000000E2
1.744434552E1,1.280000000E2
1.762432352E1,1.260000000E2
1.780430052E1,1.240000000E2
1.816425552E1,1.210000000E2
1.834423352E1,1.200000000E2
1.852422052E1,1.150000000E2
1.888417552E1,1.170000000E2
1.906408894E1,1.140000000E2
1.924406594E1,1.120000000E2
1.942404394E1,1.140000000E2
1.960402994E1,1.150000000E2
1.978400594E1,1.140000000E2
1.996398494E1,1.130000000E2
2.014396094E1,1.170000000E2
2.032393994E1,1.190000000E2
2.050391594E1,1.180000000E2
2.068389794E1,1.170000000E2
2.086387394E1,1.150000000E2
2.104385294E1,1.120000000E2
2.158378494E1,1.100000000E2
2.176377194E1,1.070000000E2
2.194374794E1,1.080000000E2
2.248368194E1,1.100000000E2
2.266365794E1,1.130000000E2
2.284363994E1,1.150000000E2
2.302361594E1,1.190000000E2
2.320359494E1,1.220000000E2
2.338362901E1,1.200000000E2
2.356360801E1,1.160000000E2
2.374358801E1,1.150000000E2
2.392357301E1,1.160000000E2
2.410354901E1,1.140000000E2
2.428352601E1,1.110000000E2
2.464348101E1,1.100000000E2
2.482346001E1,1.080000000E2
2.500344501E1,1.070000000E2
2.554337801E1,1.060000000E2
2.590333301E1,1.050000000E2
2.608331301E1,9.900000000E1
2.644328194E1,1.080000000E2
2.680323694E1,1.060000000E2
2.698321894E1,1.150000000E2
2.716320094E1,1.220000000E2
2.734317894E1,1.170000000E2
2.752315594E1,1.150000000E2
2.788311094E1,1.100000000E2
2.806308994E1,1.050000000E2
2.824306894E1,1.040000000E2
2.842304694E1,1.050000000E2
2.878300194E1,1.060000000E2
2.914296194E1,1.010000000E2
2.932294394E1,1.060000000E2
2.950291994E1,1.120000000E2
2.968289894E1,1.130000000E2
3.004285394E1,1.150000000E2
3.022283594E1,1.190000000E2
3.040281794E1,1.340000000E2
3.058285074E1,1.320000000E2
3.076282974E1,1.200000000E2
3.094280574E1,1.120000000E2
3.112278474E1,9.800000000E1
3.130276274E1,9.900000000E1
3.148274274E1,9.600000000E1
3.166271874E1,9.800000000E1
3.184269774E1,9.900000000E1
3.202267374E1,9.400000000E1
3.220265274E1,9.100000000E1
3.238263574E1,9.000000000E1
3.256261674E1,9.100000000E1
3.274259274E1,9.300000000E1
3.292257074E1,9.500000000E1
3.328252674E1,9.700000000E1
3.346250674E1,1.020000000E2
3.364248474E1,1.060000000E2
3.382247316E1,1.070000000E2
3.400244916E1,1.120000000E2
3.418242816E1,1.140000000E2
3.436240516E1,1.100000000E2
3.454239116E1,1.070000000E2
3.472237016E1,1.020000000E2
3.490234816E1,9.800000000E1
3.508232516E1,9.700000000E1
3.544228016E1,9.500000000E1
3.562226516E1,9.300000000E1
3.580224416E1,9.400000000E1
3.616219916E1,9.000000000E1
3.634217716E1,8.400000000E1
3.652215416E1,8.800000000E1
3.670213616E1,9.500000000E1
3.706209016E1,9.200000000E1
3.724206716E1,9.000000000E1
3.742204516E1,9.500000000E1
3.760202216E1,1.070000000E2
3.778200816E1,1.140000000E2
3.796205031E1,1.160000000E2
3.832200531E1,1.180000000E2
3.850198331E1,1.190000000E2
3.868196031E1,1.170000000E2
3.886194131E1,1.150000000E2
3.904191831E1,1.170000000E2
3.922189531E1,1.050000000E2
3.940187331E1,1.000000000E2
3.958184931E1,1.030000000E2
3.976182831E1,1.010000000E2
3.994181531E1,9.200000000E1
4.012179331E1,8.900000000E1
4.030177031E1,8.400000000E1
4.048174831E1,8.600000000E1
4.066172431E1,9.000000000E1
4.084170331E1,9.800000000E1
4.102167373E1,1.040000000E2
4.120165173E1,1.080000000E2
4.156160673E1,1.090000000E2
4.174158273E1,1.060000000E2
4.192156173E1,1.020000000E2
4.210154173E1,8.400000000E1
4.228151973E1,7.600000000E1
4.246149673E1,7.900000000E1
4.264147473E1,8.400000000E1
4.282145073E1,8.300000000E1
4.300142973E1,8.200000000E1
4.318141573E1,8.000000000E1
4.354136973E1,8.900000000E1
4.372134673E1,9.300000000E1
4.390132473E1,1.020000000E2
4.408130173E1,1.090000000E2
4.426128373E1,1.130000000E2
4.444125973E1,1.110000000E2
4.462123873E1,1.050000000E2
4.480121473E1,9.500000000E1
4.498119273E1,9.300000000E1
4.516125807E1,9.700000000E1
4.534124707E1,1.000000000E2
4.552122307E1,9.700000000E1
4.570120207E1,9.000000000E1
4.588117807E1,8.700000000E1
4.606115607E1,8.900000000E1
4.624113307E1,8.400000000E1
4.642112107E1,7.600000000E1
4.660109707E1,7.300000000E1
4.678107507E1,8.000000000E1
4.696105207E1,8.700000000E1
4.714103007E1,8.900000000E1
4.732100707E1,9.300000000E1
4.750098907E1,9.700000000E1
4.768096507E1,9.900000000E1
4.786094407E1,9.800000000E1
4.804092007E1,9.700000000E1
4.822087765E1,9.600000000E1
4.858084065E1,9.400000000E1
4.876081865E1,9.300000000E1
4.912077365E1,9.200000000E1
4.930074965E1,9.000000000E1
4.966070865E1,9.100000000E1
4.984068665E1,9.000000000E1
5.002066365E1,9.200000000E1
5.020064165E1,9.400000000E1
5.038061865E1,9.200000000E1
5.056059665E1,9.600000000E1
5.074058365E1,1.020000000E2
5.110053865E1,9.600000000E1
5.146049365E1,9.300000000E1
5.164047165E1,8.600000000E1
5.182045765E1,7.900000000E1
5.200043565E1,7.100000000E1
5.236039065E1,6.700000000E1
5.254043091E1,6.100000000E1
5.272040991E1,6.300000000E1
5.290038991E1,6.500000000E1
5.308036791E1,6.800000000E1
5.326034491E1,7.500000000E1
5.344032091E1,8.800000000E1
5.362029991E1,9.300000000E1
5.380027591E1,9.400000000E1
5.416023991E1,9.100000000E1
5.434021991E1,8.700000000E1
5.452019491E1,8.200000000E1
5.488014991E1,8.000000000E1
5.506013191E1,7.700000000E1
5.524010791E1,7.800000000E1
5.542008691E1,7.600000000E1
5.560007349E1,6.900000000E1
5.578005249E1,6.400000000E1
5.596002849E1,6.500000000E1
5.614001749E1,6.700000000E1
5.631999349E1,6.900000000E1
5.649997249E1,7.700000000E1
5.667994849E1,7.800000000E1
5.685992749E1,7.900000000E1
5.703990349E1,8.000000000E1
5.721989149E1,8.100000000E1
5.739986749E1,7.800000000E1
5.757984649E1,6.400000000E1
5.775982249E1,6.200000000E1
5.793980049E1,6.800000000E1
5.811977749E1,5.800000000E1
5.829975749E1,3.600000000E1
5.847973549E1,4.800000000E1
5.865971249E1,6.300000000E1
5.883969049E1,5.300000000E1
5.901966749E1,4.600000000E1
5.919964549E1,4.000000000E1
5.937963149E1,4.600000000E1
5.955960949E1,6.400000000E1
5.973963402E1,5.800000000E1
5.991961203E1,5.600000000E1
6.009958902E1,5.900000000E1
6.027956703E1,5.400000000E1
6.063952503E1,5.500000000E1
6.099948003E1,5.300000000E1
6.117945703E1,5.700000000E1
6.135943602E1,5.800000000E1
6.153942202E1,5.600000000E1
6.171940003E1,5.900000000E1
6.189937803E1,6.300000000E1
6.225933303E1,7.000000000E1
6.243931003E1,7.300000000E1
6.261929603E1,6.600000000E1
6.279929964E1,6.300000000E1
6.297927664E1,6.100000000E1
6.315925264E1,5.500000000E1
6.333923164E1,5.200000000E1
6.351920764E1,5.100000000E1
6.369918964E1,4.900000000E1
6.387916564E1,4.700000000E1
6.405914464E1,5.000000000E1
6.423912064E1,6.200000000E1
6.459907964E1,6.700000000E1
6.477906364E1,7.000000000E1
6.495903964E1,7.700000000E1
6.513901864E1,7.100000000E1
6.531899464E1,5.700000000E1
6.549897364E1,4.600000000E1
6.567895064E1,4.100000000E1
6.585893164E1,4.700000000E1
6.603890764E1,5.200000000E1
6.621888664E1,5.500000000E1
6.639886264E1,5.800000000E1
6.657884164E1,6.100000000E1
6.675882364E1,6.300000000E1
6.693888929E1,7.000000000E1
6.711886529E1,7.700000000E1
6.729884429E1,8.100000000E1
6.747882029E1,8.000000000E1
6.765879929E1,9.700000000E1
6.783877929E1,1.290000000E2
6.801876129E1,1.760000000E2
6.819873929E1,2.120000000E2
6.837871629E1,2.260000000E2
6.855869429E1,2.320000000E2
6.873867129E1,2.300000000E2
6.891865029E1,2.220000000E2
6.909862929E1,2.160000000E2
6.927860729E1,2.140000000E2
6.963856229E1,2.130000000E2
6.999852329E1,2.080000000E2
7.017848098E1,2.100000000E2
7.035845898E1,2.070000000E2
7.053843598E1,1.990000000E2
7.071841398E1,2.070000000E2
7.089839098E1,2.050000000E2
7.107837098E1,2.010000000E2
7.125834898E1,2.090000000E2
7.143832698E1,2.100000000E2
7.161830398E1,2.010000000E2
7.179828198E1,2.030000000E2
7.197825898E1,2.120000000E2
7.233822398E1,2.030000000E2
7.251820198E1,2.080000000E2
7.269817898E1,2.090000000E2
7.287815498E1,2.100000000E2
7.323811698E1,2.090000000E2
7.341809798E1,2.100000000E2
7.413800798E1,2.120000000E2
7.431806551E1,2.090000000E2
7.449804351E1,1.980000000E2
7.467801951E1,2.090000000E2
7.503797451E1,2.050000000E2
7.521795351E1,2.040000000E2
7.557791751E1,2.030000000E2
7.575789351E1,1.970000000E2
7.593787251E1,1.950000000E2
7.611784851E1,1.990000000E2
7.629782751E1,2.120000000E2
7.647780751E1,2.140000000E2
7.665778551E1,2.080000000E2
7.701774051E1,2.130000000E2
7.719771651E1,2.180000000E2
7.737773240E1,2.200000000E2
7.755771740E1,2.210000000E2
7.773769540E1,2.200000000E2
7.791767440E1,2.170000000E2
7.809765040E1,1.910000000E2
7.827762840E1,1.830000000E2
7.845760540E1,1.840000000E2
7.917752440E1,1.890000000E2
7.935750240E1,2.060000000E2
7.953747940E1,2.240000000E2
7.971746140E1,2.270000000E2
7.989743740E1,2.290000000E2
8.007741640E1,2.330000000E2
8.025739240E1,2.380000000E2
8.043737040E1,2.390000000E2
8.061734740E1,2.440000000E2
8.079733540E1,2.610000000E2
8.097731140E1,2.910000000E2
8.115728940E1,2.980000000E2
8.133726640E1,2.910000000E2
8.151733189E1,2.630000000E2
8.169730889E1,2.440000000E2
8.187729089E1,2.340000000E2
8.205726689E1,2.300000000E2
8.223724589E1,2.280000000E2
8.241722189E1,2.310000000E2
8.277717689E1,2.270000000E2
8.295716389E1,2.080000000E2
8.313714189E1,1.870000000E2
8.349709689E1,1.920000000E2
8.367707289E1,1.930000000E2
8.385705189E1,1.940000000E2
8.403703789E1,1.960000000E2
8.493693824E1,1.950000000E2
8.529689624E1,1.960000000E2
8.547687324E1,1.950000000E2
8.565685124E1,1.970000000E2
8.619679224E1,1.980000000E2
8.763661524E1,1.970000000E2
8.799656924E1,1.960000000E2
8.835653524E1,1.950000000E2
8.853651124E1,1.960000000E2
8.871656439E1,1.970000000E2
8.907651939E1,1.980000000E2
8.979643839E1,1.970000000E2
9.015639239E1,1.980000000E2
9.033636939E1,1.970000000E2
9.069632739E1,1.980000000E2
9.141623739E1,1.970000000E2
9.159622539E1,1.980000000E2
9.195611681E1,1.970000000E2
9.213609481E1,1.980000000E2
9.231607081E1,1.970000000E2
9.249604981E1,1.980000000E2
9.285600781E1,1.970000000E2
9.357591781E1,1.980000000E2
9.375590481E1,1.970000000E2
9.393588281E1,1.980000000E2
9.411585981E1,1.970000000E2
9.429583781E1,1.940000000E2
9.447581481E1,1.930000000E2
9.465579281E1,1.920000000E2
9.483577881E1,1.910000000E2
9.537571181E1,1.920000000E2
9.591564681E1,1.940000000E2
9.609565888E1,1.970000000E2
9.645561388E1,1.990000000E2
9.681556688E1,2.000000000E2
9.699555488E1,1.990000000E2
9.753548588E1,2.000000000E2
9.789544088E1,2.010000000E2
1.000552876E2,2.020000000E2
1.002352756E2,2.010000000E2
1.004152516E2,2.020000000E2
1.005952306E2,2.030000000E2
1.009551856E2,2.040000000E2
1.011351616E2,2.030000000E2
1.013151436E2,2.040000000E2
1.014951196E2,2.050000000E2
1.025749946E2,2.040000000E2
1.027549706E2,2.050000000E2
1.036549734E2,2.060000000E2
1.038349504E2,2.050000000E2
1.040149284E2,2.060000000E2
1.049148264E2,2.070000000E2
1.052747804E2,2.080000000E2
1.054547594E2,2.070000000E2
1.056347444E2,2.060000000E2
1.059946994E2,2.030000000E2
1.061746774E2,2.020000000E2
1.065344889E2,2.010000000E2
1.068944459E2,2.030000000E2
1.070744249E2,2.020000000E2
1.072544009E2,2.030000000E2
1.074343799E2,2.040000000E2
1.076143619E2,2.080000000E2
1.077943439E2,2.070000000E2
1.095941219E2,2.060000000E2
1.101340629E2,2.070000000E2
1.112140063E2,2.060000000E2
1.113939823E2,2.070000000E2
1.115739603E2,2.050000000E2
1.119339173E2,2.060000000E2
1.121138953E2,2.070000000E2
1.124738503E2,2.060000000E2
1.126538293E2,2.070000000E2
1.130137893E2,2.060000000E2
1.131937693E2,2.070000000E2
1.146336260E2,2.080000000E2
1.151735670E2,2.070000000E2
1.153535460E2,2.080000000E2
1.158934790E2,2.070000000E2
1.162534400E2,2.060000000E2
1.167933750E2,2.070000000E2
1.171533300E2,2.060000000E2
1.173333100E2,2.070000000E2
1.175132880E2,2.060000000E2
1.180532821E2,2.070000000E2
1.184132471E2,2.090000000E2
1.185932251E2,2.070000000E2
1.194931151E2,2.090000000E2
1.196730931E2,2.080000000E2
1.198530701E2,2.090000000E2
1.200330481E2,2.080000000E2
1.203930031E2,2.090000000E2
1.207529681E2,2.080000000E2
1.214729436E2,2.090000000E2
1.216529316E2,2.110000000E2
1.220128856E2,2.100000000E2
1.221928626E2,2.090000000E2
1.223728406E2,2.100000000E2
1.229127756E2,2.110000000E2
1.234527086E2,2.120000000E2
1.236326856E2,2.110000000E2
1.238126736E2,2.120000000E2
1.241726276E2,2.100000000E2
1.243526046E2,2.120000000E2
1.247125596E2,2.110000000E2
1.248925416E2,2.120000000E2
1.254325612E2,2.130000000E2
1.259725032E2,2.140000000E2
1.265124362E2,2.130000000E2
1.266924132E2,2.140000000E2
1.270523772E2,2.150000000E2
1.279522652E2,2.160000000E2
1.281322452E2,2.170000000E2
1.288520816E2,2.160000000E2
1.293920236E2,2.120000000E2
1.295720006E2,2.110000000E2
1.297519786E2,2.090000000E2
1.308318446E2,2.100000000E2
1.315517646E2,2.110000000E2
1.317317436E2,2.120000000E2
1.326316840E2,2.140000000E2
1.328116630E2,2.150000000E2
1.329916390E2,2.140000000E2
1.331716170E2,2.130000000E2
1.333515940E2,2.120000000E2
1.342514860E2,2.130000000E2
1.346114500E2,2.120000000E2
1.349714050E2,2.130000000E2
1.351513810E2,2.120000000E2
1.356913035E2,2.130000000E2
1.360512585E2,2.120000000E2
1.385709625E2,2.110000000E2
1.387509405E2,2.120000000E2
1.389309205E2,2.110000000E2
1.436104397E2,2.120000000E2
1.437904157E2,2.110000000E2
1.439703947E2,2.120000000E2
1.468500477E2,2.130000000E2
1.470300969E2,2.120000000E2
1.473900579E2,2.130000000E2
1.477500169E2,2.120000000E2
1.529694061E2,2.130000000E2
1.531493821E2,2.120000000E2
1.533293611E2,2.130000000E2
1.535093371E2,2.120000000E2
1.536893161E2,2.130000000E2
1.540492801E2,2.120000000E2
1.545892609E2,2.130000000E2
1.558491059E2,2.120000000E2
1.562090699E2,2.130000000E2
1.567490029E2,2.140000000E2
1.574689791E2,2.130000000E2
1.578289341E2,2.140000000E2
1.580089111E2,2.130000000E2
1.589088091E2,2.150000000E2
1.594487501E2,2.140000000E2
1.608885731E2,2.150000000E2
1.632283773E2,2.160000000E2
1.641282763E2,2.150000000E2
1.646682103E2,2.140000000E2
1.650281525E2,2.150000000E2
1.652081285E2,2.160000000E2
1.655680835E2,2.150000000E2
1.679078145E2,2.160000000E2
1.682677695E2,2.170000000E2
1.684477455E2,2.160000000E2
1.686277235E2,2.180000000E2
1.689877544E2,2.170000000E2
1.695276854E2,2.180000000E2
1.698876404E2,2.170000000E2
1.700676264E2,2.180000000E2
1.713274724E2,2.190000000E2
1.718674044E2,2.200000000E2
1.725873204E2,2.190000000E2
1.727672984E2,2.210000000E2
1.729472744E2,2.200000000E2
1.733072334E2,2.210000000E2
1.749270394E2,2.220000000E2
1.760069134E2,2.230000000E2
1.767269101E2,2.240000000E2
1.774468201E2,2.230000000E2
1.776268081E2,2.240000000E2
1.801464684E2,2.230000000E2
1.806864014E2,2.220000000E2
1.808663874E2,2.230000000E2
1.812263414E2,2.240000000E2
1.814063204E2,2.260000000E2
1.815862974E2,2.270000000E2
1.817662754E2,2.290000000E2
1.823062104E2,2.280000000E2
1.826661654E2,2.270000000E2
1.828461444E2,2.260000000E2
1.832061074E2,2.250000000E2
1.833860844E2,2.240000000E2
1.837461114E2,2.230000000E2
1.839260884E2,2.280000000E2
1.841060694E2,2.550000000E2
1.842860454E2,2.770000000E2
1.844660244E2,2.790000000E2
1.846460004E2,2.800000000E2
1.853659204E2,2.810000000E2
1.860858344E2,2.820000000E2
1.866258162E2,2.830000000E2
1.871657482E2,2.820000000E2
1.873457292E2,2.800000000E2
1.878856602E2,2.790000000E2
1.880656392E2,2.800000000E2
1.884256032E2,2.790000000E2
1.889655342E2,2.780000000E2
1.891455112E2,2.790000000E2
1.895054702E2,2.800000000E2
1.898654242E2,2.810000000E2
1.905853442E2,2.800000000E2
1.907653994E2,2.790000000E2
1.913053314E2,2.780000000E2
1.918452734E2,2.790000000E2
1.922052284E2,2.780000000E2
1.923852054E2,2.770000000E2
1.925651854E2,2.780000000E2
1.931051184E2,2.790000000E2
1.932850964E2,2.800000000E2
1.936450574E2,2.780000000E2
1.938250374E2,2.770000000E2
1.941849521E2,2.760000000E2
1.945449071E2,2.750000000E2
1.958047601E2,2.740000000E2
1.959847401E2,2.730000000E2
1.968846341E2,2.740000000E2
1.970646141E2,2.750000000E2
1.972445901E2,2.740000000E2
1.974245691E2,2.730000000E2
1.976045451E2,2.720000000E2
1.983245402E2,2.730000000E2
1.985045162E2,2.720000000E2
1.986844942E2,2.710000000E2
1.995843912E2,2.720000000E2
1.999443452E2,2.730000000E2
2.001243272E2,2.720000000E2
2.004842822E2,2.700000000E2
2.006642582E2,2.680000000E2
2.015641768E2,2.670000000E2
2.019241308E2,2.680000000E2
2.021041078E2,2.670000000E2
2.028240268E2,2.680000000E2
2.030040028E2,2.690000000E2
2.031839818E2,2.680000000E2
2.039038948E2,2.690000000E2
2.042638498E2,2.680000000E2
2.048037898E2,2.670000000E2
2.057037447E2,2.680000000E2
2.071435747E2,2.670000000E2
2.103832153E2,2.660000000E2
2.109231523E2,2.650000000E2
2.118230383E2,2.640000000E2
2.123629823E2,2.650000000E2
2.127230286E2,2.640000000E2
2.136229256E2,2.660000000E2
2.148827706E2,2.650000000E2
2.152427346E2,2.640000000E2
2.156026896E2,2.630000000E2
2.174024326E2,2.640000000E2
2.177623876E2,2.650000000E2
2.179423636E2,2.660000000E2
2.181223426E2,2.650000000E2
2.183023186E2,2.640000000E2
2.184823066E2,2.630000000E2
2.206421299E2,2.640000000E2
2.211820609E2,2.650000000E2
2.215420159E2,2.670000000E2
2.217219979E2,2.660000000E2
2.222619279E2,2.640000000E2
2.224419059E2,2.650000000E2
2.226218879E2,2.640000000E2
2.228018709E2,2.650000000E2
2.235217831E2,2.640000000E2
2.237017621E2,2.650000000E2
2.238817471E2,2.640000000E2
2.240617251E2,2.650000000E2
2.246016571E2,2.660000000E2
2.249616151E2,2.680000000E2
2.258615071E2,2.670000000E2
2.267613991E2,2.680000000E2
2.278413421E2,2.690000000E2
2.287412381E2,2.700000000E2
2.289212171E2,2.710000000E2
2.291011991E2,2.700000000E2
2.294611571E2,2.690000000E2
2.296411361E2,2.700000000E2
2.305410081E2,2.710000000E2
2.309009631E2,2.700000000E2
2.310809421E2,2.710000000E2
2.312609251E2,2.700000000E2
2.316208821E2,2.720000000E2
2.318008611E2,2.710000000E2
2.321608141E2,2.720000000E2
2.327007501E2,2.710000000E2
2.328807271E2,2.700000000E2
2.348605671E2,2.690000000E2
2.350405441E2,2.700000000E2
2.354004991E2,2.710000000E2
2.357604571E2,2.690000000E2
2.361204121E2,2.680000000E2
2.363003901E2,2.690000000E2
2.364803671E2,2.680000000E2
2.372002861E2,2.670000000E2
2.375602411E2,2.660000000E2
2.382801809E2,2.650000000E2
2.384601569E2,2.660000000E2
2.386401359E2,2.650000000E2
2.388201229E2,2.660000000E2
2.393600559E2,2.640000000E2
2.395400319E2,2.630000000E2
2.397200109E2,2.620000000E2
2.398999969E2,2.610000000E2
2.400799749E2,2.590000000E2
2.402599509E2,2.580000000E2
2.406199059E2,2.570000000E2
2.407998849E2,2.580000000E2
2.409798649E2,2.590000000E2
2.411598429E2,2.600000000E2
2.418798310E2,2.570000000E2
2.420598190E2,2.560000000E2
2.422397940E2,2.570000000E2
2.429597050E2,2.560000000E2
2.434996420E2,2.570000000E2
2.436796180E2,2.580000000E2
2.442195620E2,2.590000000E2
2.443995380E2,2.580000000E2
2.447594930E2,2.570000000E2
2.451194530E2,2.580000000E2
2.454794180E2,2.570000000E2
2.458393720E2,2.550000000E2
2.465592850E2,2.540000000E2
2.467392620E2,2.530000000E2
2.469192400E2,2.540000000E2
2.472791950E2,2.570000000E2
2.474591810E2,2.630000000E2
2.476391590E2,2.660000000E2
2.478191360E2,2.670000000E2
2.483590690E2,2.660000000E2
2.490789820E2,2.670000000E2
2.494390062E2,2.660000000E2
2.496189932E2,2.670000000E2
2.503389032E2,2.680000000E2
2.506988672E2,2.670000000E2
2.508788452E2,2.660000000E2
2.512388002E2,2.650000000E2
2.517787352E2,2.640000000E2
2.519587112E2,2.630000000E2
2.521386902E2,2.620000000E2
2.523186570E2,2.600000000E2
2.532185550E2,2.590000000E2
2.535785090E2,2.610000000E2
2.537584860E2,2.600000000E2
2.557382530E2,2.590000000E2
2.562781930E2,2.580000000E2
2.564582627E2,2.590000000E2
2.566382407E2,2.580000000E2
2.568182177E2,2.590000000E2
2.587979827E2,2.610000000E2
2.589779597E2,2.590000000E2
2.596978453E2,2.580000000E2
2.609576983E2,2.590000000E2
2.611376753E2,2.580000000E2
2.616776153E2,2.540000000E2
2.618575943E2,2.590000000E2
2.623975253E2,2.580000000E2
2.625775073E2,2.600000000E2
2.627574833E2,2.640000000E2
2.629374623E2,2.670000000E2
2.632974173E2,2.650000000E2
2.634773973E2,2.620000000E2
2.636573813E2,2.630000000E2
2.638374364E2,2.590000000E2
2.640174164E2,2.580000000E2
2.641973914E2,2.640000000E2
2.643773704E2,2.590000000E2
2.645573474E2,2.560000000E2
2.647373284E2,2.520000000E2
2.649173044E2,2.460000000E2
2.650972834E2,2.450000000E2
2.652772594E2,2.440000000E2
2.654572384E2,2.480000000E2
2.658172014E2,2.510000000E2
2.659971794E2,2.540000000E2
2.661771564E2,2.550000000E2
2.663571344E2,2.560000000E2
2.667170934E2,2.550000000E2
2.668970937E2,2.560000000E2
2.670770717E2,2.580000000E2
2.672570487E2,2.670000000E2
2.674370267E2,2.700000000E2
2.676170037E2,2.710000000E2
2.679769617E2,2.590000000E2
2.681569397E2,2.610000000E2
2.683369167E2,2.580000000E2
2.686968717E2,2.560000000E2
2.688768557E2,2.550000000E2
2.690568357E2,2.560000000E2
2.692368137E2,2.570000000E2
2.694167907E2,2.590000000E2
2.701367037E2,2.600000000E2
2.704966587E2,2.590000000E2
2.719365634E2,2.600000000E2
2.721165464E2,2.610000000E2
2.722965274E2,2.630000000E2
2.724765034E2,2.620000000E2
2.726564824E2,2.610000000E2
2.731964174E2,2.620000000E2
2.733763954E2,2.640000000E2
2.737363504E2,2.630000000E2
2.739163264E2,2.610000000E2
2.751761993E2,2.600000000E2
2.753561793E2,2.590000000E2
2.757161333E2,2.600000000E2
2.758961103E2,2.590000000E2
2.760760883E2,2.600000000E2
2.766160303E2,2.590000000E2
2.780558593E2,2.600000000E2
2.782358373E2,2.590000000E2
2.784158956E2,2.600000000E2
2.789558326E2,2.590000000E2
2.791358086E2,2.600000000E2
2.794957636E2,2.610000000E2
2.796757516E2,2.620000000E2
2.798557276E2,2.630000000E2
2.802156826E2,2.640000000E2
2.805756376E2,2.630000000E2
2.809355956E2,2.640000000E2
2.812955506E2,2.630000000E2
2.814755266E2,2.620000000E2
2.820154570E2,2.630000000E2
2.825553880E2,2.640000000E2
2.827353670E2,2.630000000E2
2.829153530E2,2.640000000E2
2.832753070E2,2.650000000E2
2.836352620E2,2.660000000E2
2.838152410E2,2.650000000E2
2.841751990E2,2.660000000E2
2.843551760E2,2.670000000E2
2.848951090E2,2.660000000E2
2.850750950E2,2.650000000E2
2.857950934E2,2.670000000E2
2.859750704E2,2.660000000E2
2.861550524E2,2.650000000E2
2.870549384E2,2.640000000E2
2.872349274E2,2.630000000E2
2.874149034E2,2.640000000E2
2.875948824E2,2.650000000E2
2.881348134E2,2.640000000E2
2.886747564E2,2.650000000E2
2.897546314E2,2.660000000E2
2.899346074E2,2.650000000E2
2.902945624E2,2.660000000E2
2.904745484E2,2.670000000E2
2.906545264E2,2.660000000E2
2.915544164E2,2.670000000E2
2.920943494E2,2.680000000E2
2.922743274E2,2.470000000E2
2.924543044E2,2.660000000E2
2.926342914E2,2.790000000E2
2.928142694E2,2.820000000E2
2.929943209E2,2.840000000E2
2.933542759E2,2.820000000E2
2.938942179E2,2.830000000E2
2.965939111E2,2.840000000E2
2.967738881E2,2.830000000E2
2.971338461E2,2.820000000E2
2.974938011E2,2.810000000E2
2.976737801E2,2.820000000E2
2.978537571E2,2.810000000E2
2.983937001E2,2.800000000E2
2.987536551E2,2.810000000E2
2.992935951E2,2.800000000E2
2.994735741E2,2.810000000E2
2.996535501E2,2.820000000E2
2.998335271E2,2.810000000E2
